model,seed,episode,horizon,obs_mse_norm,mae_cos,mae_sin,mae_thdot,rew_mse,latent_kl,h_rel_drift
rssm_stochastic,0,0,1,0.006062289234250784,0.011968672275543213,0.08870548009872437,0.11969780921936035,0.10217852145433426,1.1429033279418945,0.0
rssm_stochastic,0,1,1,0.004706677980720997,0.03105171024799347,0.028125345706939697,0.2893483638763428,0.08182723820209503,0.6382851004600525,0.0
rssm_stochastic,0,2,1,0.015076044015586376,0.08309638500213623,0.10376071184873581,0.05604046583175659,0.06994645297527313,0.6086611747741699,0.0
rssm_stochastic,0,3,1,0.0009655634057708085,0.019251585006713867,0.02116730809211731,0.08232128620147705,0.00967357587069273,0.39146214723587036,0.0
rssm_stochastic,0,4,1,0.011866007000207901,0.04055362939834595,0.024415254592895508,0.5100862979888916,0.012233360670506954,1.187514066696167,0.0
rssm_stochastic,0,5,1,0.022050047293305397,0.12046104669570923,0.06513261795043945,0.29219865798950195,0.0945175439119339,0.7998311519622803,0.0
rssm_stochastic,0,6,1,0.007053321693092585,0.030757009983062744,0.09284360706806183,0.05801796913146973,0.14212961494922638,0.4056924283504486,0.0
rssm_stochastic,0,7,1,0.02479507215321064,0.025872230529785156,0.0616426095366478,0.760836124420166,0.000812988611869514,0.8504459857940674,0.0
rssm_stochastic,0,8,1,0.008509700186550617,0.020142555236816406,0.10854583978652954,0.02143239974975586,0.08466262370347977,0.8732694387435913,0.0
rssm_stochastic,0,9,1,0.0013111409498378634,0.03065931797027588,0.01971578598022461,0.016466498374938965,0.002341375919058919,0.57441645860672,0.0
rssm_stochastic,0,10,1,0.004248078912496567,0.0005813837051391602,0.07494184374809265,0.10548281669616699,0.2610519528388977,0.3703182339668274,0.0
rssm_stochastic,0,11,1,0.014638272114098072,0.03548300266265869,0.04736208915710449,0.5622105002403259,0.555170476436615,0.49593585729599,0.0
rssm_stochastic,0,12,1,0.0019097127951681614,0.025387942790985107,0.04010528326034546,0.05225205421447754,0.06468043476343155,0.507484495639801,0.0
rssm_stochastic,0,13,1,0.00502484617754817,0.0624692440032959,0.008878886699676514,0.1345759779214859,0.21761895716190338,0.2284468412399292,0.0
rssm_stochastic,0,14,1,0.0039035191293805838,0.017998158931732178,0.019775211811065674,0.29741084575653076,3.156299499096349e-05,0.282431036233902,0.0
rssm_stochastic,0,15,1,0.009544210508465767,0.019046783447265625,0.04607278108596802,0.45556652545928955,0.07230011373758316,0.3402233123779297,0.0
rssm_stochastic,0,16,1,0.0072232503443956375,0.011106014251708984,0.10174626111984253,0.022109031677246094,0.016697010025382042,0.7716315984725952,0.0
rssm_stochastic,0,17,1,0.004591871052980423,0.0172959566116333,0.06912225484848022,0.16419732570648193,0.001332422369159758,0.7530107498168945,0.0
rssm_stochastic,0,18,1,0.0015727035934105515,0.0007589459419250488,0.037588298320770264,0.12797808647155762,0.40845590829849243,0.24881449341773987,0.0
rssm_stochastic,0,19,1,0.004884733818471432,0.042233288288116455,0.05885040760040283,0.12229859828948975,0.04248133301734924,0.6333010196685791,0.0
rssm_stochastic,0,20,1,0.039294127374887466,0.18006104230880737,0.07072722166776657,0.06505203247070312,0.42808395624160767,0.4157123267650604,0.0
rssm_stochastic,0,21,1,0.010462495498359203,0.03693497180938721,0.09752669930458069,0.25781381130218506,0.00805085152387619,0.4299668073654175,0.0
rssm_stochastic,0,22,1,0.03345851972699165,0.011758804321289062,0.21933484077453613,0.11078250408172607,0.07624749094247818,0.6535606980323792,0.0
rssm_stochastic,0,23,1,0.00562871852889657,0.01500779390335083,0.04899066686630249,0.3176712989807129,0.0001563674450153485,0.4741320013999939,0.0
rssm_stochastic,0,24,1,0.053063273429870605,0.01955336332321167,0.2752988040447235,0.15476128458976746,0.04992275312542915,0.4284130930900574,0.0
rssm_stochastic,0,25,1,0.005963096860796213,0.019781947135925293,0.059601664543151855,0.28944098949432373,0.06994336098432541,0.5855723023414612,0.0
rssm_stochastic,0,26,1,0.01986926980316639,0.1085110604763031,0.09604597091674805,0.12690186500549316,0.06086420640349388,0.669401228427887,0.0
rssm_stochastic,0,27,1,0.004280219320207834,0.054489314556121826,0.03019082546234131,0.10210871696472168,0.04128320887684822,0.4369620978832245,0.0
rssm_stochastic,0,28,1,0.005694180727005005,0.029037833213806152,0.0825217068195343,0.05568753182888031,0.24345071613788605,0.44118744134902954,0.0
rssm_stochastic,0,29,1,0.011448648758232594,0.03628116846084595,0.11765426397323608,0.12132787704467773,0.6902247667312622,0.42990121245384216,0.0
rssm_stochastic,0,30,1,0.0007445059600286186,0.009990870952606201,0.0067482590675354,0.12757408618927002,0.2015662044286728,0.3386921286582947,0.0
rssm_stochastic,0,31,1,0.004612272139638662,0.03548634052276611,0.03201591968536377,0.26095718145370483,0.0022134780883789062,0.19324582815170288,0.0
rssm_stochastic,0,0,2,0.01650797389447689,0.07696071267127991,0.07376766204833984,0.41110754013061523,0.05230987071990967,2.060248851776123,0.22006827592849731
rssm_stochastic,0,1,2,0.007971659302711487,0.05109280347824097,0.08315682411193848,0.10036516189575195,0.0056267594918608665,0.979887843132019,0.10583402961492538
rssm_stochastic,0,2,2,0.02082209847867489,0.058794498443603516,0.14111515879631042,0.3035023808479309,0.208940327167511,1.0667449235916138,0.17572100460529327
rssm_stochastic,0,3,2,0.002884611254557967,0.0009658932685852051,0.01703822612762451,0.2691211700439453,0.045537885278463364,0.4141767621040344,0.07728426158428192
rssm_stochastic,0,4,2,0.01628328114748001,0.05396300554275513,0.00696331262588501,0.5930850505828857,0.00023529640748165548,1.097554087638855,0.21165496110916138
rssm_stochastic,0,5,2,0.034810300916433334,0.1644158661365509,0.07473647594451904,0.18084967136383057,0.32420477271080017,1.2365081310272217,0.11995352804660797
rssm_stochastic,0,6,2,0.005792418494820595,0.01469963788986206,0.08538226783275604,0.12465882301330566,0.00020002416567876935,3.180166006088257,0.2502654492855072
rssm_stochastic,0,7,2,0.04471013322472572,0.009872078895568848,0.1033557802438736,1.0031116008758545,0.005734648555517197,1.7346744537353516,0.22038285434246063
rssm_stochastic,0,8,2,0.0028234533965587616,0.029249727725982666,0.007799625396728516,0.22272777557373047,0.907256007194519,1.027432918548584,0.15034936368465424
rssm_stochastic,0,9,2,0.0008995173848234117,0.02125793695449829,0.021767497062683105,0.04588794708251953,7.279685087269172e-05,2.235456705093384,0.16550534963607788
rssm_stochastic,0,10,2,0.005942299962043762,0.04263138771057129,0.05488544702529907,0.22534871101379395,0.5332182049751282,4.641678810119629,0.17130933701992035
rssm_stochastic,0,11,2,0.015894895419478416,0.07877838611602783,0.0025344789028167725,0.49413132667541504,1.3032312393188477,1.3762879371643066,0.1387866586446762
rssm_stochastic,0,12,2,0.02430657297372818,0.08735084533691406,0.1357424259185791,0.29912328720092773,0.012091848067939281,1.1190029382705688,0.1412099301815033
rssm_stochastic,0,13,2,0.0020881888922303915,0.03917694091796875,0.007629483938217163,0.09818314015865326,0.09177055209875107,0.3551710546016693,0.15966132283210754
rssm_stochastic,0,14,2,0.013409357517957687,0.02690887451171875,0.1060953140258789,0.36446452140808105,0.04128340259194374,1.7923513650894165,0.13036485016345978
rssm_stochastic,0,15,2,0.01961377076804638,0.06574028730392456,0.1466328501701355,0.06766676902770996,0.1833466738462448,1.946938395500183,0.25060105323791504
rssm_stochastic,0,16,2,0.005081653129309416,0.05075611546635628,0.047099769115448,0.1401677131652832,0.02015315555036068,1.0145258903503418,0.16400450468063354
rssm_stochastic,0,17,2,0.0100674107670784,0.051322102546691895,0.10211539268493652,0.0347597599029541,0.09315706789493561,0.7103815674781799,0.09916289150714874
rssm_stochastic,0,18,2,0.005376782268285751,0.06292907893657684,0.02058112621307373,0.1397850513458252,0.41365185379981995,1.974759817123413,0.21228817105293274
rssm_stochastic,0,19,2,0.0044370186515152454,0.051984965801239014,0.027071624994277954,0.1608366072177887,0.2096034586429596,0.9540070295333862,0.1441338211297989
rssm_stochastic,0,20,2,0.029225967824459076,0.14207196235656738,0.08479705452919006,0.23670196533203125,0.3466525375843048,1.1559618711471558,0.15256920456886292
rssm_stochastic,0,21,2,0.006936077494174242,0.028291761875152588,0.09034004807472229,0.11391246318817139,0.17443346977233887,0.6761449575424194,0.171023428440094
rssm_stochastic,0,22,2,0.0171162411570549,0.05068325996398926,0.1358765959739685,0.21277976036071777,0.15178902447223663,3.702538013458252,0.2445536106824875
rssm_stochastic,0,23,2,0.049116745591163635,0.08207559585571289,0.23512178659439087,0.32616889476776123,0.04939447343349457,1.0573722124099731,0.17621667683124542
rssm_stochastic,0,24,2,0.035358842462301254,0.045399010181427,0.2166385054588318,0.16745007038116455,0.17597584426403046,3.214287042617798,0.25437310338020325
rssm_stochastic,0,25,2,0.021346181631088257,0.06810146570205688,0.14126598834991455,0.265272855758667,0.41543927788734436,1.47236967086792,0.1302480250597
rssm_stochastic,0,26,2,0.02258971892297268,0.07760201394557953,0.10301375389099121,0.4846365451812744,0.28692784905433655,3.3635075092315674,0.20468378067016602
rssm_stochastic,0,27,2,0.0006006458424963057,0.010701395571231842,0.0005639195442199707,0.1130976676940918,0.031058508902788162,0.5717987418174744,0.18565450608730316
rssm_stochastic,0,28,2,0.0013639554381370544,0.019612371921539307,0.001406937837600708,0.15912485122680664,0.027157681062817574,0.4138408303260803,0.1280297338962555
rssm_stochastic,0,29,2,0.008292575366795063,0.08643901348114014,0.006059706211090088,0.03092646598815918,1.2990854978561401,1.4938381910324097,0.16520904004573822
rssm_stochastic,0,30,2,0.008349183015525341,0.01810324192047119,0.0037830770015716553,0.46387797594070435,0.12645398080348969,0.7657996416091919,0.12634402513504028
rssm_stochastic,0,31,2,0.005634414032101631,0.03264009952545166,0.07107989490032196,0.165091872215271,0.44914036989212036,1.1722742319107056,0.21022392809391022
rssm_stochastic,0,0,3,0.019927067682147026,0.022904783487319946,0.04856830835342407,0.6916766166687012,0.10263049602508545,2.924276351928711,0.19578036665916443
rssm_stochastic,0,1,3,0.0033320996444672346,0.0007708072662353516,0.052559077739715576,0.1974196434020996,0.0041435169987380505,2.6666765213012695,0.22004559636116028
rssm_stochastic,0,2,3,0.011679434217512608,0.04478764533996582,0.08550526201725006,0.34748297929763794,0.3828522562980652,9.610553741455078,0.2700060307979584
rssm_stochastic,0,3,3,0.0022454115096479654,0.02548903226852417,0.04042389988899231,0.1056361198425293,0.13944374024868011,0.21388521790504456,0.1730278879404068
rssm_stochastic,0,4,3,0.02516656555235386,0.08959339559078217,0.02743464708328247,0.6529755592346191,0.023710211738944054,10.872390747070312,0.30625101923942566
rssm_stochastic,0,5,3,0.02906137704849243,0.14747095108032227,0.00019556283950805664,0.3709005117416382,0.11263593286275864,1.5553858280181885,0.17491751909255981
rssm_stochastic,0,6,3,0.005586603656411171,0.06616264581680298,0.024694202467799187,0.09677374362945557,0.01566126011312008,5.857513427734375,0.3213540017604828
rssm_stochastic,0,7,3,0.03699947148561478,0.006400883197784424,0.14461275935173035,0.7820032238960266,0.07169505208730698,1.5228939056396484,0.2487865537405014
rssm_stochastic,0,8,3,0.013433578424155712,0.09031897783279419,0.01827952265739441,0.3372786045074463,2.5612099170684814,0.9798810482025146,0.22411596775054932
rssm_stochastic,0,9,3,0.003624850185588002,0.03481835126876831,0.008328735828399658,0.24589276313781738,0.07935500144958496,2.4175283908843994,0.20833465456962585
rssm_stochastic,0,10,3,0.010978437960147858,0.006062328815460205,0.025272399187088013,0.5322058200836182,0.19089548289775848,1.357555866241455,0.2326853722333908
rssm_stochastic,0,11,3,0.009904265403747559,0.02482461929321289,0.035208314657211304,0.47537726163864136,0.9317646622657776,0.7814692258834839,0.15432532131671906
rssm_stochastic,0,12,3,0.006553746294230223,0.06486552953720093,0.05284595489501953,0.01723003387451172,0.03628635033965111,4.225276470184326,0.22672587633132935
rssm_stochastic,0,13,3,0.004885999485850334,0.025824546813964844,0.03908601403236389,0.28952646255493164,0.060247115790843964,0.11740703880786896,0.16117967665195465
rssm_stochastic,0,14,3,0.010982625186443329,0.07389521598815918,0.0646357536315918,0.23875796794891357,0.12969796359539032,1.3099207878112793,0.1826486736536026
rssm_stochastic,0,15,3,0.006680340971797705,0.008702471852302551,0.03965878486633301,0.38594937324523926,0.1963348388671875,1.3738852739334106,0.21865315735340118
rssm_stochastic,0,16,3,0.013700260780751705,0.11045899987220764,0.01930934190750122,0.008760929107666016,0.13802607357501984,2.15661358833313,0.1599823385477066
rssm_stochastic,0,17,3,0.0424535870552063,0.11046648025512695,0.18503570556640625,0.3896348476409912,0.05663385987281799,1.4218132495880127,0.1343809813261032
rssm_stochastic,0,18,3,0.0023692254908382893,0.02878129482269287,0.03383892774581909,0.13489079475402832,0.17874900996685028,0.27131354808807373,0.2549481689929962
rssm_stochastic,0,19,3,0.013420328497886658,0.023888111114501953,0.11480852961540222,0.31975048780441284,0.031833719462156296,0.5598439574241638,0.15226873755455017
rssm_stochastic,0,20,3,0.03774132952094078,0.15755927562713623,0.1232038289308548,0.025878429412841797,0.5014331340789795,5.853392601013184,0.25692054629325867
rssm_stochastic,0,21,3,0.0022676780354231596,0.005647003650665283,0.013120651245117188,0.23883700370788574,0.08100124448537827,1.8594403266906738,0.20473137497901917
rssm_stochastic,0,22,3,0.032618436962366104,0.04593348503112793,0.1747226119041443,0.5047800540924072,0.06250697374343872,4.583197593688965,0.2645293176174164
rssm_stochastic,0,23,3,0.006734773982316256,0.02203136682510376,0.09234815835952759,0.10075592994689941,0.005530634894967079,8.645051002502441,0.3130325376987457
rssm_stochastic,0,24,3,0.027354100719094276,0.01757502555847168,0.19616910815238953,0.14084774255752563,0.04641403630375862,0.8718730211257935,0.3120434582233429
rssm_stochastic,0,25,3,0.03428779914975166,0.1429934799671173,0.12467145919799805,0.17582130432128906,0.7557880282402039,2.366584062576294,0.1815498024225235
rssm_stochastic,0,26,3,0.01471314113587141,0.06339001655578613,0.09884953498840332,0.31218481063842773,0.12057096511125565,0.6611394286155701,0.22115465998649597
rssm_stochastic,0,27,3,0.016909822821617126,0.10964154452085495,0.05833625793457031,0.19020533561706543,0.15121376514434814,0.5459056496620178,0.1541716456413269
rssm_stochastic,0,28,3,0.005303164478391409,0.044595301151275635,0.008176714181900024,0.28758177161216736,0.18372030556201935,0.6057365536689758,0.18301922082901
rssm_stochastic,0,29,3,0.004324595909565687,0.05573165416717529,0.03562416136264801,0.031113862991333008,0.8607069849967957,0.45745909214019775,0.1636379063129425
rssm_stochastic,0,30,3,0.010131146758794785,0.06501257419586182,0.07048508524894714,0.2369571030139923,0.6296051144599915,2.4048287868499756,0.24653658270835876
rssm_stochastic,0,31,3,0.012598016299307346,0.023015260696411133,0.0651540607213974,0.49583888053894043,0.3711937665939331,0.3685310184955597,0.1477283388376236
rssm_stochastic,0,0,4,0.020583858713507652,0.08719348907470703,0.037988901138305664,0.5501523017883301,0.38172367215156555,5.759572982788086,0.2595379948616028
rssm_stochastic,0,1,4,0.02295602858066559,0.01825392246246338,0.0883793830871582,0.6821918487548828,0.12118701636791229,2.0930705070495605,0.18797791004180908
rssm_stochastic,0,2,4,0.016362132504582405,0.027974188327789307,0.09763947874307632,0.49240702390670776,0.4800320267677307,7.763419151306152,0.39352717995643616
rssm_stochastic,0,3,4,0.007054429966956377,0.056806325912475586,0.05380699038505554,0.20261144638061523,0.3576970100402832,0.41955482959747314,0.13497138023376465
rssm_stochastic,0,4,4,0.03475550189614296,0.024935171008110046,0.042490601539611816,0.9410946369171143,0.5683760643005371,18.11956787109375,0.4663931429386139
rssm_stochastic,0,5,4,0.029788663610816002,0.08795905113220215,0.0745512843132019,0.6864120960235596,0.00649290531873703,1.2666364908218384,0.11840727180242538
rssm_stochastic,0,6,4,0.04366571828722954,0.0787426233291626,0.18263670802116394,0.6157257556915283,0.7475961446762085,0.46251773834228516,0.1793244630098343
rssm_stochastic,0,7,4,0.01689581386744976,0.038921892642974854,0.04071775823831558,0.6165579557418823,0.10282810777425766,1.5401884317398071,0.29069599509239197
rssm_stochastic,0,8,4,0.013685227371752262,0.0712091326713562,0.045070648193359375,0.42545342445373535,1.9944703578948975,4.542326927185059,0.25310778617858887
rssm_stochastic,0,9,4,0.003522515529766679,0.049391984939575195,0.024227917194366455,0.10817337036132812,0.19542188942432404,1.9177558422088623,0.29004141688346863
rssm_stochastic,0,10,4,0.012168224900960922,0.04685252904891968,0.039960309863090515,0.483268141746521,0.025780627503991127,8.546584129333496,0.2578176259994507
rssm_stochastic,0,11,4,0.01415873784571886,0.0011963248252868652,0.0738680362701416,0.5304116010665894,0.424705445766449,2.518303871154785,0.19285842776298523
rssm_stochastic,0,12,4,0.009439767338335514,0.0365481972694397,0.09692871570587158,0.2046222686767578,0.43591079115867615,2.529512643814087,0.2526683807373047
rssm_stochastic,0,13,4,0.0023683393374085426,0.025456249713897705,0.035239726305007935,0.14747345447540283,0.12474819272756577,0.5533308386802673,0.17184047400951385
rssm_stochastic,0,14,4,0.014031436294317245,0.04272943735122681,0.00621369481086731,0.5687482357025146,0.22264234721660614,24.90831756591797,0.32256513833999634
rssm_stochastic,0,15,4,0.0017961697885766625,0.027730949223041534,0.03727644681930542,0.0010929107666015625,0.0484737865626812,1.5398277044296265,0.22026444971561432
rssm_stochastic,0,16,4,0.004458703566342592,0.029874533414840698,0.013090014457702637,0.3009629249572754,0.0750700831413269,1.1761842966079712,0.10041002929210663
rssm_stochastic,0,17,4,0.03417039290070534,0.07964187860488892,0.19483977556228638,0.18425726890563965,0.025039583444595337,1.2824397087097168,0.29808273911476135
rssm_stochastic,0,18,4,0.003134471597149968,0.019888609647750854,0.012652337551116943,0.2642669677734375,0.0040713343769311905,1.6792972087860107,0.2175370156764984
rssm_stochastic,0,19,4,0.007268410641700029,0.029551029205322266,0.021199405193328857,0.4022548794746399,0.17664127051830292,1.1049340963363647,0.1839570552110672
rssm_stochastic,0,20,4,0.01110116858035326,0.01869988441467285,0.10707879066467285,0.2790067791938782,0.053148459643125534,3.1291768550872803,0.3163450062274933
rssm_stochastic,0,21,4,0.04396295174956322,0.1915944218635559,0.05470085144042969,0.19950497150421143,0.22479736804962158,0.8342998027801514,0.167958065867424
rssm_stochastic,0,22,4,0.03057941235601902,0.039329469203948975,0.1758149266242981,0.4576995372772217,0.011729451827704906,1.420630693435669,0.24848829209804535
rssm_stochastic,0,23,4,0.00746309757232666,0.020111173391342163,0.0385814905166626,0.4023091793060303,0.021368497982621193,6.225574016571045,0.3897654712200165
rssm_stochastic,0,24,4,0.06740397214889526,0.13613790273666382,0.2491644024848938,0.3518534302711487,0.026451528072357178,1.7124929428100586,0.23042769730091095
rssm_stochastic,0,25,4,0.02385479398071766,0.14395663142204285,0.030572056770324707,0.1017918586730957,0.36799803376197815,1.4737030267715454,0.1809346228837967
rssm_stochastic,0,26,4,0.015135525725781918,0.05726093053817749,0.06443387269973755,0.4840688705444336,0.25288504362106323,0.8120969533920288,0.19262540340423584
rssm_stochastic,0,27,4,0.0061418465338647366,0.02721238136291504,0.04926097393035889,0.31456899642944336,0.007870280183851719,1.2755687236785889,0.15902118384838104
rssm_stochastic,0,28,4,0.008713912218809128,0.040085673332214355,0.031150847673416138,0.4115840494632721,2.070993105007801e-06,1.9472415447235107,0.31479403376579285
rssm_stochastic,0,29,4,0.005705282092094421,0.014486908912658691,0.08835097402334213,0.06225025653839111,0.009594385512173176,3.833472728729248,0.22217535972595215
rssm_stochastic,0,30,4,0.02159947343170643,0.054125308990478516,0.030620545148849487,0.6915457844734192,0.3723515272140503,1.4946300983428955,0.3161151111125946
rssm_stochastic,0,31,4,0.015222325921058655,0.01777338981628418,0.055875420570373535,0.5862356424331665,0.20665930211544037,0.3886219263076782,0.17232391238212585
rssm_stochastic,0,0,5,0.02143472619354725,0.0962710827589035,0.002003312110900879,0.5501208305358887,0.561336874961853,2.502613067626953,0.22919489443302155
rssm_stochastic,0,1,5,0.010281194001436234,0.04718339443206787,0.0053653717041015625,0.4589204788208008,0.3087604343891144,0.7878848314285278,0.15589018166065216
rssm_stochastic,0,2,5,0.014389888383448124,0.012070536613464355,0.09800250083208084,0.4548494219779968,0.2915484607219696,2.4025189876556396,0.2697811722755432
rssm_stochastic,0,3,5,0.006149364169687033,0.054627835750579834,0.06329184770584106,0.05830049514770508,0.4071638882160187,1.0999782085418701,0.15755495429039001
rssm_stochastic,0,4,5,0.036034148186445236,0.02924478054046631,0.0863540768623352,0.899510383605957,1.2124946117401123,7.861037254333496,0.4083210527896881
rssm_stochastic,0,5,5,0.060900866985321045,0.09648139774799347,0.11058205366134644,1.0680463314056396,0.00456109456717968,2.477220296859741,0.22107909619808197
rssm_stochastic,0,6,5,0.01044501643627882,0.02857917547225952,0.11785069853067398,0.040546536445617676,0.9175816178321838,1.8470414876937866,0.2860652208328247
rssm_stochastic,0,7,5,0.011716347187757492,0.006820023059844971,0.03725164383649826,0.5376434922218323,0.6233994960784912,3.006087064743042,0.33933141827583313
rssm_stochastic,0,8,5,0.024190114811062813,0.0876312255859375,0.021804824471473694,0.6445775032043457,2.515793800354004,3.2197511196136475,0.38157689571380615
rssm_stochastic,0,9,5,0.015649152919650078,0.0473979115486145,0.1276395320892334,0.23507201671600342,0.05226696655154228,0.7800768613815308,0.215941920876503
rssm_stochastic,0,10,5,0.01848635822534561,0.011919617652893066,0.019736453890800476,0.6979954242706299,0.2345498502254486,4.563681125640869,0.27127063274383545
rssm_stochastic,0,11,5,0.015216288156807423,0.0001437067985534668,0.07086318731307983,0.5638360977172852,0.6550567150115967,1.1134231090545654,0.29530513286590576
rssm_stochastic,0,12,5,0.009786275215446949,0.031115055084228516,0.08747869729995728,0.3069777488708496,0.6979514956474304,2.8701469898223877,0.30502280592918396
rssm_stochastic,0,13,5,0.0075630489736795425,0.02367424964904785,0.04031479358673096,0.3967289924621582,0.5401151776313782,2.034463882446289,0.2296186089515686
rssm_stochastic,0,14,5,0.025725500658154488,0.06399834156036377,0.030818521976470947,0.7447407245635986,0.9969010353088379,2.6261096000671387,0.4181970953941345
rssm_stochastic,0,15,5,0.0508640818297863,0.1489938199520111,0.19388961791992188,0.1407766342163086,0.15838104486465454,0.3437708914279938,0.19781869649887085
rssm_stochastic,0,16,5,0.010903042741119862,0.018000423908233643,0.008153021335601807,0.5321769714355469,0.1223888099193573,1.3198096752166748,0.15366485714912415
rssm_stochastic,0,17,5,0.009982120245695114,0.01294708251953125,0.11457526683807373,0.14990019798278809,0.0005855920608155429,1.6757471561431885,0.27146151661872864
rssm_stochastic,0,18,5,0.008104795590043068,0.05875486135482788,0.07912236452102661,0.02667856216430664,0.23350442945957184,1.9786710739135742,0.3019384741783142
rssm_stochastic,0,19,5,0.014199689961969852,0.04801523685455322,0.0009576380252838135,0.5607615113258362,0.49957361817359924,1.8307198286056519,0.2649347186088562
rssm_stochastic,0,20,5,0.03559166193008423,0.06905168294906616,0.1858448088169098,0.42678165435791016,0.006427712272852659,10.19577693939209,0.41568687558174133
rssm_stochastic,0,21,5,0.029268590733408928,0.10854220390319824,0.13272851705551147,0.3388967514038086,0.015516692772507668,1.6431338787078857,0.2334553748369217
rssm_stochastic,0,22,5,0.017001470550894737,0.05149725824594498,0.07998311519622803,0.5117793083190918,0.16227960586547852,2.980875253677368,0.23471572995185852
rssm_stochastic,0,23,5,0.025016894564032555,0.12940022349357605,0.07512497901916504,0.2705831527709961,0.09541648626327515,11.836363792419434,0.362686425447464
rssm_stochastic,0,24,5,0.03835616633296013,0.008908629417419434,0.16029268503189087,0.7476143836975098,0.08111507445573807,1.6201772689819336,0.24479511380195618
rssm_stochastic,0,25,5,0.022108765318989754,0.14031626284122467,0.003070533275604248,0.10517263412475586,0.36597368121147156,2.1595780849456787,0.19914719462394714
rssm_stochastic,0,26,5,0.016475623473525047,0.09952652454376221,0.0030622482299804688,0.38709402084350586,0.7345362305641174,1.9327536821365356,0.1948108822107315
rssm_stochastic,0,27,5,0.026240170001983643,0.014654666185379028,0.07920145988464355,0.7653813362121582,0.27920952439308167,0.34601029753685,0.1957375407218933
rssm_stochastic,0,28,5,0.01968618482351303,0.09578996896743774,0.04069980978965759,0.4772680997848511,0.16868650913238525,0.6597349047660828,0.2499346286058426
rssm_stochastic,0,29,5,0.004315520171076059,0.04012984037399292,0.022924240678548813,0.24261224269866943,0.009373904205858707,1.4904770851135254,0.21039211750030518
rssm_stochastic,0,30,5,0.019357552751898766,0.05610191822052002,0.11130887269973755,0.4476344585418701,0.7165564894676208,2.863985061645508,0.29977521300315857
rssm_stochastic,0,31,5,0.013557013124227524,0.017584383487701416,0.05251553654670715,0.552868127822876,0.09718088805675507,2.029109477996826,0.25285226106643677
rssm_stochastic,0,0,6,0.01025871466845274,0.05869784951210022,0.08004766702651978,0.2372579574584961,0.19970886409282684,1.903234839439392,0.1943204402923584
rssm_stochastic,0,1,6,0.0156041719019413,0.015551269054412842,0.06116744875907898,0.5871658325195312,0.4967022240161896,0.7936167120933533,0.1436937302350998
rssm_stochastic,0,2,6,0.026317181065678596,0.01270204782485962,0.15073198080062866,0.5353088974952698,0.20751555263996124,7.519801139831543,0.2632884681224823
rssm_stochastic,0,3,6,0.005694271996617317,0.03919529914855957,0.02819690853357315,0.30542659759521484,0.15800324082374573,0.7097580432891846,0.1958843469619751
rssm_stochastic,0,4,6,0.03022756613790989,0.03190445899963379,0.05421102046966553,0.854921817779541,1.7350941896438599,29.349884033203125,0.42615118622779846
rssm_stochastic,0,5,6,0.023902537301182747,0.021372497081756592,0.014708995819091797,0.7919056415557861,0.30165213346481323,0.8003907799720764,0.20102807879447937
rssm_stochastic,0,6,6,0.005996318068355322,0.04346871376037598,0.012479722499847412,0.3204829692840576,0.982376217842102,0.7331065535545349,0.3205653727054596
rssm_stochastic,0,7,6,0.04035468026995659,0.05325579643249512,0.020369410514831543,0.9982392191886902,0.0001026540994644165,3.2998757362365723,0.30477845668792725
rssm_stochastic,0,8,6,0.016704726964235306,0.07547736167907715,0.0221894308924675,0.5217173099517822,0.763403594493866,12.179994583129883,0.39321401715278625
rssm_stochastic,0,9,6,0.04526462033390999,0.12304690480232239,0.1804659366607666,0.41364026069641113,0.26251786947250366,3.0633180141448975,0.2709101140499115
rssm_stochastic,0,10,6,0.00729934498667717,0.03453028202056885,0.035065166652202606,0.37254977226257324,0.09510771185159683,3.61767840385437,0.2923010289669037
rssm_stochastic,0,11,6,0.02066831663250923,0.00788646936416626,0.09581305831670761,0.6217069625854492,0.2523294985294342,0.9554328322410583,0.279668927192688
rssm_stochastic,0,12,6,0.014883174560964108,0.025743067264556885,0.12347286939620972,0.3177027702331543,0.14387580752372742,1.1410056352615356,0.31272464990615845
rssm_stochastic,0,13,6,0.015229161828756332,0.03262007236480713,0.13402287662029266,0.21978914737701416,0.7158978581428528,0.7831296324729919,0.1951807290315628
rssm_stochastic,0,14,6,0.014822490513324738,0.020583927631378174,0.007287025451660156,0.6214559078216553,0.809141218662262,11.559194564819336,0.41722726821899414
rssm_stochastic,0,15,6,0.030943885445594788,0.06929400563240051,0.1935504674911499,0.04413890838623047,0.07486119121313095,1.403726577758789,0.23720180988311768
rssm_stochastic,0,16,6,0.004255590494722128,0.033438026905059814,0.018484383821487427,0.2743344306945801,0.07110995799303055,0.5977826714515686,0.14423967897891998
rssm_stochastic,0,17,6,0.007784691173583269,0.08076208829879761,0.022676587104797363,0.08166694641113281,0.19051232933998108,0.9588600397109985,0.28612464666366577
rssm_stochastic,0,18,6,0.022930843755602837,0.11996161937713623,0.07597187161445618,0.29074907302856445,0.9082636833190918,9.431530952453613,0.2732791602611542
rssm_stochastic,0,19,6,0.009476573206484318,0.017729461193084717,0.015016883611679077,0.49203434586524963,0.29525330662727356,13.209247589111328,0.32449662685394287
rssm_stochastic,0,20,6,0.08158066868782043,0.0643654465675354,0.3334232270717621,0.17234420776367188,0.0013125587720423937,0.9560062885284424,0.2570676803588867
rssm_stochastic,0,21,6,0.020341722294688225,0.0535435676574707,0.08336782455444336,0.5791696310043335,0.0007696796674281359,1.9101558923721313,0.19754616916179657
rssm_stochastic,0,22,6,0.027946248650550842,0.12427063286304474,0.0530666708946228,0.4929180145263672,0.8169294595718384,4.004170894622803,0.24822796881198883
rssm_stochastic,0,23,6,0.018597371876239777,0.09427368640899658,0.0013312697410583496,0.48729634284973145,0.05318884178996086,6.9183549880981445,0.3551308512687683
rssm_stochastic,0,24,6,0.053058672696352005,0.12052077054977417,0.11362478137016296,0.8727163672447205,0.0543132983148098,2.007441997528076,0.3020282983779907
rssm_stochastic,0,25,6,0.010504069738090038,0.09322592616081238,0.020135998725891113,0.13257837295532227,0.27099093794822693,1.1980574131011963,0.16755542159080505
rssm_stochastic,0,26,6,0.009945430792868137,0.03113776445388794,0.0351104736328125,0.4655342102050781,0.7054800987243652,0.8952248096466064,0.19464966654777527
rssm_stochastic,0,27,6,0.020534763112664223,0.10280829668045044,0.0371893048286438,0.46291399002075195,0.4857558608055115,1.6733793020248413,0.18073266744613647
rssm_stochastic,0,28,6,0.03462088480591774,0.09512567520141602,0.04831382632255554,0.788589358329773,0.18053479492664337,1.4183578491210938,0.28872331976890564
rssm_stochastic,0,29,6,0.010682144202291965,0.06951248645782471,0.08421682566404343,0.11788332462310791,0.18524324893951416,1.5686354637145996,0.2205459028482437
rssm_stochastic,0,30,6,0.013303176499903202,0.0047637224197387695,0.04028841853141785,0.572913408279419,0.3078157901763916,3.933760166168213,0.24358420073986053
rssm_stochastic,0,31,6,0.005811695475131273,0.0066030025482177734,0.02924633026123047,0.37376153469085693,0.0644427165389061,3.146164894104004,0.22852185368537903
rssm_stochastic,0,0,7,0.018874606117606163,0.09850931167602539,0.007074117660522461,0.468808650970459,0.7986692190170288,1.003125786781311,0.16588279604911804
rssm_stochastic,0,1,7,0.02243446372449398,0.012018799781799316,0.02376432716846466,0.768364429473877,1.3734049797058105,1.3784993886947632,0.1731262058019638
rssm_stochastic,0,2,7,0.01676446758210659,0.025405406951904297,0.1003524512052536,0.4974914789199829,0.12321427464485168,2.604398727416992,0.23990346491336823
rssm_stochastic,0,3,7,0.022915298119187355,0.023374974727630615,0.15309235453605652,0.4124974012374878,0.10773737728595734,7.687647342681885,0.2077130824327469
rssm_stochastic,0,4,7,0.02627151645720005,0.05846208333969116,0.10834571719169617,0.6251440048217773,1.9353845119476318,53.57353210449219,0.5496504902839661
rssm_stochastic,0,5,7,0.02168864756822586,0.043665409088134766,0.0013963580131530762,0.7268209457397461,0.6853219866752625,4.4393181800842285,0.24309155344963074
rssm_stochastic,0,6,7,0.009579758159816265,0.010005474090576172,0.09721159934997559,0.28522396087646484,0.45933616161346436,1.6066206693649292,0.33181044459342957
rssm_stochastic,0,7,7,0.02714596502482891,0.01859879493713379,0.09275844693183899,0.7506033778190613,0.03244132176041603,2.072035551071167,0.25613534450531006
rssm_stochastic,0,8,7,0.01883363164961338,0.06140166521072388,0.004509463906288147,0.6289300918579102,0.34813055396080017,3.0995984077453613,0.4325782358646393
rssm_stochastic,0,9,7,0.0838778093457222,0.16609671711921692,0.2734481692314148,0.2555713653564453,0.5096584558486938,2.026324510574341,0.36909788846969604
rssm_stochastic,0,10,7,0.013190481811761856,0.005162477493286133,0.13598968088626862,0.11986994743347168,0.011781461536884308,1.3234121799468994,0.2897353172302246
rssm_stochastic,0,11,7,0.019878242164850235,0.0509183406829834,0.006532307714223862,0.6769825220108032,0.03004174306988716,4.36389684677124,0.3231790363788605
rssm_stochastic,0,12,7,0.03365089371800423,0.05995839834213257,0.19034212827682495,0.3653750419616699,0.05239999294281006,1.8374197483062744,0.3357740044593811
rssm_stochastic,0,13,7,0.003875141032040119,0.006772458553314209,0.03362618386745453,0.286928653717041,0.5717632174491882,0.36474844813346863,0.21663407981395721
rssm_stochastic,0,14,7,0.01589667983353138,0.00951838493347168,0.012016519904136658,0.650688886642456,0.19780580699443817,2.0620362758636475,0.4866483211517334
rssm_stochastic,0,15,7,0.03514675423502922,0.13436710834503174,0.14942562580108643,0.014632701873779297,1.462440013885498,0.7483358979225159,0.2960435152053833
rssm_stochastic,0,16,7,0.012216287665069103,0.01963907480239868,0.07864189147949219,0.4517955780029297,0.16875818371772766,0.817990779876709,0.14261381328105927
rssm_stochastic,0,17,7,0.010538867674767971,0.07679973542690277,0.06334817409515381,0.1872577667236328,0.11079990118741989,1.509498119354248,0.2455420047044754
rssm_stochastic,0,18,7,0.00761081138625741,0.05049949884414673,0.0629609227180481,0.23765850067138672,0.8943009972572327,3.484325408935547,0.3114989995956421
rssm_stochastic,0,19,7,0.015203657560050488,0.05935811996459961,0.002163141965866089,0.5525131821632385,0.15298153460025787,3.6419129371643066,0.378599613904953
rssm_stochastic,0,20,7,0.13993488252162933,0.17398273944854736,0.38253313302993774,0.42381495237350464,0.14112412929534912,5.845873832702637,0.3968575894832611
rssm_stochastic,0,21,7,0.0563267357647419,0.20594412088394165,0.0971100926399231,0.29184842109680176,0.4963091015815735,0.924174964427948,0.2617488205432892
rssm_stochastic,0,22,7,0.030322328209877014,0.15941601991653442,0.018847107887268066,0.2368631362915039,0.9911201000213623,4.0137763023376465,0.2578439712524414
rssm_stochastic,0,23,7,0.0032535854261368513,0.04258057475090027,0.02734065055847168,0.1418008804321289,0.1031607985496521,13.727933883666992,0.31862133741378784
rssm_stochastic,0,24,7,0.11408206820487976,0.28295421600341797,0.0660218596458435,0.7858119010925293,0.4999156892299652,2.9203383922576904,0.3172202706336975
rssm_stochastic,0,25,7,0.012560057453811169,0.016228973865509033,0.11496716737747192,0.29579925537109375,0.12391356378793716,1.8459261655807495,0.1984681785106659
rssm_stochastic,0,26,7,0.015213869512081146,0.07243764400482178,0.09520837664604187,0.29573678970336914,2.4120709896087646,1.033672571182251,0.21233253180980682
rssm_stochastic,0,27,7,0.03766540810465813,0.13240832090377808,0.03181201219558716,0.6901159286499023,0.9320040345191956,2.1315088272094727,0.1792495995759964
rssm_stochastic,0,28,7,0.04787047579884529,0.07799404859542847,0.07769665122032166,0.9995828866958618,0.2193458527326584,3.6420793533325195,0.30918553471565247
rssm_stochastic,0,29,7,0.008489581756293774,0.050522565841674805,0.08574455976486206,0.13309431076049805,0.2174837291240692,1.2484614849090576,0.24163229763507843
rssm_stochastic,0,30,7,0.025473294779658318,0.05657541751861572,0.11014914512634277,0.6070159673690796,0.9408912658691406,3.2549118995666504,0.25747355818748474
rssm_stochastic,0,31,7,0.004281218629330397,0.025672078132629395,0.05131793022155762,0.2176719754934311,0.25336435437202454,8.425262451171875,0.3878616988658905
rssm_stochastic,0,0,8,0.021448543295264244,0.04921072721481323,0.14430725574493408,0.3506960868835449,1.1261619329452515,1.1066699028015137,0.19646236300468445
rssm_stochastic,0,1,8,0.028174400329589844,0.06277775764465332,0.031500667333602905,0.790255069732666,0.39715853333473206,1.4311623573303223,0.17261306941509247
rssm_stochastic,0,2,8,0.020768994465470314,0.0013957023620605469,0.003091072663664818,0.7482810020446777,0.3176208436489105,4.2985687255859375,0.2306165248155594
rssm_stochastic,0,3,8,0.023393074050545692,0.007347404956817627,0.18381936848163605,0.08371925354003906,0.13358917832374573,0.5788047313690186,0.3026430904865265
rssm_stochastic,0,4,8,0.04092937707901001,0.07705628871917725,0.21165823936462402,0.31995582580566406,2.0908970832824707,106.04095458984375,0.7978841066360474
rssm_stochastic,0,5,8,0.022695070132613182,0.0063745975494384766,0.03278297185897827,0.7688336372375488,0.5979754328727722,4.830856800079346,0.2687234878540039
rssm_stochastic,0,6,8,0.010591279715299606,0.01097780466079712,0.013859331607818604,0.5277665853500366,0.20753945410251617,0.5879590511322021,0.32819175720214844
rssm_stochastic,0,7,8,0.01616005040705204,0.05907946825027466,0.07479152083396912,0.47865355014801025,0.08069902658462524,1.6902482509613037,0.24639134109020233
rssm_stochastic,0,8,8,0.027451179921627045,0.01862698793411255,0.1169179379940033,0.6915988922119141,0.039709772914648056,12.338665008544922,0.43638062477111816
rssm_stochastic,0,9,8,0.039756353944540024,0.14970149099826813,0.10910212993621826,0.43254542350769043,0.7222834229469299,4.668999195098877,0.4603162705898285
rssm_stochastic,0,10,8,0.017261607572436333,0.026228010654449463,0.02089107036590576,0.6611212491989136,0.002741325879469514,2.331761360168457,0.2659680247306824
rssm_stochastic,0,11,8,0.014974933117628098,0.021457433700561523,0.0180694367736578,0.619832456111908,0.3224678337574005,1.2877888679504395,0.42232686281204224
rssm_stochastic,0,12,8,0.05221971869468689,0.15755009651184082,0.1161569356918335,0.6498589515686035,0.03305293247103691,2.674140453338623,0.2891017198562622
rssm_stochastic,0,13,8,0.003143729642033577,0.0410190224647522,0.004179120063781738,0.18565940856933594,4.583471309160814e-05,2.8129754066467285,0.2513492703437805
rssm_stochastic,0,14,8,0.02869020402431488,0.04765880107879639,0.032723527401685715,0.8286035060882568,0.10601700842380524,2.038127899169922,0.37685757875442505
rssm_stochastic,0,15,8,0.005308560561388731,0.018803119659423828,0.05866521596908569,0.26321983337402344,0.2273291051387787,2.5565528869628906,0.24590875208377838
rssm_stochastic,0,16,8,0.0014259759336709976,0.02132880687713623,0.023571666330099106,0.12127876281738281,0.6299585103988647,1.403881549835205,0.14110179245471954
rssm_stochastic,0,17,8,0.0226410161703825,0.1432664394378662,0.005420506000518799,0.013728618621826172,0.17822885513305664,0.31038814783096313,0.23854516446590424
rssm_stochastic,0,18,8,0.007595093920826912,0.014375388622283936,0.00951460748910904,0.4438900947570801,0.03458885848522186,15.243603706359863,0.35060757398605347
rssm_stochastic,0,19,8,0.016371184960007668,0.04959017038345337,0.018891990184783936,0.6015781164169312,0.9133805632591248,14.668048858642578,0.35765334963798523
rssm_stochastic,0,20,8,0.19196760654449463,0.26140081882476807,0.3905777335166931,0.580912172794342,0.3337194621562958,4.326347351074219,0.4284467101097107
rssm_stochastic,0,21,8,0.07181329280138016,0.23558878898620605,0.10533207654953003,0.2885434627532959,0.9042460918426514,3.161787509918213,0.27082183957099915
rssm_stochastic,0,22,8,0.041812676936388016,0.17694216966629028,0.10066395998001099,0.10367107391357422,2.318918228149414,4.536186218261719,0.2759299874305725
rssm_stochastic,0,23,8,0.010465520434081554,0.003480374813079834,0.014310657978057861,0.5273828506469727,0.24470728635787964,1.2810111045837402,0.28081363439559937
rssm_stochastic,0,24,8,0.22334785759449005,0.40973883867263794,0.11463087797164917,0.8905429840087891,1.351783275604248,3.4350175857543945,0.3250961899757385
rssm_stochastic,0,25,8,0.0218957606703043,0.08548688888549805,0.1264551877975464,0.28084611892700195,0.8568731546401978,2.961782455444336,0.2160232663154602
rssm_stochastic,0,26,8,0.012606844305992126,0.03515666723251343,0.1095271185040474,0.28696680068969727,1.2131373882293701,0.9112145900726318,0.18130028247833252
rssm_stochastic,0,27,8,0.02449529431760311,0.11922883987426758,0.051132768392562866,0.4359874725341797,1.0792427062988281,5.75594425201416,0.22373315691947937
rssm_stochastic,0,28,8,0.03840525820851326,0.06943672895431519,0.10012254118919373,0.8413830995559692,0.38896143436431885,3.151292562484741,0.37124690413475037
rssm_stochastic,0,29,8,0.015665628015995026,0.02602773904800415,0.13555894792079926,0.25286614894866943,0.31574463844299316,0.7036323547363281,0.25880083441734314
rssm_stochastic,0,30,8,0.016743330284953117,0.08808064460754395,0.09832662343978882,0.2073189616203308,1.3798871040344238,0.40883558988571167,0.2463524341583252
rssm_stochastic,0,31,8,0.0024322273675352335,0.0017514824867248535,0.024416565895080566,0.23351284861564636,0.40817955136299133,2.084836006164551,0.37823206186294556
rssm_stochastic,0,0,9,0.050063978880643845,0.043052613735198975,0.2454596906900406,0.43073081970214844,2.1199398040771484,1.1412975788116455,0.2281685620546341
rssm_stochastic,0,1,9,0.040164683014154434,0.06663841009140015,0.05847203731536865,0.9425239562988281,0.7344774007797241,1.0170429944992065,0.16939759254455566
rssm_stochastic,0,2,9,0.022910982370376587,0.020230412483215332,0.0792449340224266,0.7000789642333984,0.37775564193725586,1.9659711122512817,0.25143754482269287
rssm_stochastic,0,3,9,0.017425546422600746,0.02272897958755493,0.15073400735855103,0.19018983840942383,0.23447412252426147,1.0815577507019043,0.19824926555156708
rssm_stochastic,0,4,9,0.040623411536216736,0.07435184717178345,0.1900421380996704,0.5159554481506348,0.07954312860965729,98.42195892333984,0.8383724689483643
rssm_stochastic,0,5,9,0.024846473708748817,0.029815852642059326,0.0715586245059967,0.7412190437316895,0.7019520401954651,1.9654432535171509,0.24077613651752472
rssm_stochastic,0,6,9,0.04335799813270569,0.06508970260620117,0.012330412864685059,1.0201514959335327,0.60835200548172,14.415300369262695,0.43831533193588257
rssm_stochastic,0,7,9,0.012775837443768978,0.07854205369949341,0.07737311720848083,0.2258472442626953,0.0013070277636870742,7.46507453918457,0.32259032130241394
rssm_stochastic,0,8,9,0.019268983975052834,0.010822594165802002,0.05079486966133118,0.6846179962158203,0.005521312355995178,1.49534010887146,0.380563884973526
rssm_stochastic,0,9,9,0.06257601827383041,0.23721182346343994,0.029015183448791504,0.012287616729736328,0.866832435131073,2.012338876724243,0.4889853298664093
rssm_stochastic,0,10,9,0.010604598559439182,0.08060258626937866,0.02166067063808441,0.2903778553009033,0.46081554889678955,0.949870228767395,0.26082900166511536
rssm_stochastic,0,11,9,0.017564598470926285,0.020850181579589844,0.01061028428375721,0.6773044466972351,0.48254483938217163,1.4090272188186646,0.3825761675834656
rssm_stochastic,0,12,9,0.02826061099767685,0.12236607074737549,0.046609461307525635,0.5265541076660156,0.06427215784788132,2.257683038711548,0.32110628485679626
rssm_stochastic,0,13,9,0.013789822347462177,0.02241349220275879,0.06889389455318451,0.5192105770111084,0.0013605224667117,1.2934033870697021,0.23179616034030914
rssm_stochastic,0,14,9,0.022820554673671722,0.0418773889541626,0.04059566557407379,0.7300863265991211,0.0101392213255167,1.5923986434936523,0.32576096057891846
rssm_stochastic,0,15,9,0.0027258452028036118,0.003647029399871826,0.059966325759887695,0.08303403854370117,0.28971609473228455,1.2806642055511475,0.29685720801353455
rssm_stochastic,0,16,9,0.005507279187440872,0.008245885372161865,0.06842392683029175,0.24553632736206055,0.0004228421312291175,0.5776270031929016,0.11962611973285675
rssm_stochastic,0,17,9,0.005930842831730843,0.07071888446807861,0.024745166301727295,0.008405208587646484,0.9938744306564331,0.5926267504692078,0.22192183136940002
rssm_stochastic,0,18,9,0.0013211470795795321,0.021718919277191162,0.034017398953437805,0.01740550994873047,0.028357531875371933,2.0584092140197754,0.29230642318725586
rssm_stochastic,0,19,9,0.013833311386406422,0.008042871952056885,0.0629102885723114,0.5461534261703491,0.4134804308414459,1.5813912153244019,0.4040299952030182
rssm_stochastic,0,20,9,0.21161091327667236,0.23117917776107788,0.44259700179100037,0.7151110172271729,0.23059117794036865,5.897749423980713,0.4354203939437866
rssm_stochastic,0,21,9,0.039724938571453094,0.12854880094528198,0.15915745496749878,0.3374006748199463,0.5093098878860474,1.8350446224212646,0.2878624498844147
rssm_stochastic,0,22,9,0.030752593651413918,0.14429563283920288,0.0907348096370697,0.2430720329284668,2.666039228439331,4.51593017578125,0.30310383439064026
rssm_stochastic,0,23,9,0.029052292928099632,0.007221996784210205,0.03268653154373169,0.8731203079223633,0.025111278519034386,4.303940773010254,0.20596089959144592
rssm_stochastic,0,24,9,0.19743721187114716,0.2988858222961426,0.26969045400619507,1.1536602973937988,0.6278522610664368,5.709333419799805,0.37828588485717773
rssm_stochastic,0,25,9,0.008771960623562336,9.942054748535156e-05,0.11027194559574127,0.11239385604858398,0.027740702033042908,5.095430374145508,0.22288869321346283
rssm_stochastic,0,26,9,0.00682731531560421,0.014286994934082031,0.09811937808990479,0.027576923370361328,0.15244710445404053,1.0201526880264282,0.15370215475559235
rssm_stochastic,0,27,9,0.03391493856906891,0.10770219564437866,0.11293638497591019,0.5788912773132324,2.3330905437469482,0.8227373957633972,0.27332422137260437
rssm_stochastic,0,28,9,0.02718089520931244,0.11196029186248779,0.13137546181678772,0.20671015977859497,0.8988133072853088,8.114248275756836,0.48974502086639404
rssm_stochastic,0,29,9,0.0287796501070261,0.12705492973327637,0.121562659740448,0.1560533046722412,1.7406548261642456,0.2893235385417938,0.1939532309770584
rssm_stochastic,0,30,9,0.012722744606435299,0.04149770736694336,0.011733144521713257,0.5379929542541504,0.9505457878112793,5.005229473114014,0.26919081807136536
rssm_stochastic,0,31,9,0.0057905628345906734,0.06081283092498779,0.008793294429779053,0.21179869771003723,0.033063337206840515,2.750065803527832,0.33833977580070496
rssm_stochastic,0,0,10,0.06614460796117783,0.021742045879364014,0.29778844118118286,0.3697381019592285,0.16117984056472778,1.5439252853393555,0.18905718624591827
rssm_stochastic,0,1,10,0.016911182552576065,0.05035221576690674,0.028242766857147217,0.6050453186035156,0.47927576303482056,1.5164440870285034,0.18140822649002075
rssm_stochastic,0,2,10,0.03144123777747154,0.06808286905288696,0.06543487310409546,0.7946068644523621,0.5708823204040527,3.9967617988586426,0.30295732617378235
rssm_stochastic,0,3,10,0.015425403602421284,0.0015851855278015137,0.1500140279531479,0.03861415386199951,0.04565925523638725,2.3258988857269287,0.27170637249946594
rssm_stochastic,0,4,10,0.05394336208701134,0.006874680519104004,0.27548009157180786,0.23623228073120117,0.01736588217318058,64.04303741455078,0.6663617491722107
rssm_stochastic,0,5,10,0.037880513817071915,0.03460484743118286,0.14667755365371704,0.7680153846740723,1.4017927646636963,1.4649709463119507,0.22690117359161377
rssm_stochastic,0,6,10,0.02113555558025837,0.010533452033996582,0.028134465217590332,0.7430810928344727,0.00894234236329794,7.109779357910156,0.4530723989009857
rssm_stochastic,0,7,10,0.016885509714484215,0.009969234466552734,0.05830809473991394,0.6243777275085449,0.1779511570930481,3.923900842666626,0.28374749422073364
rssm_stochastic,0,8,10,0.05139473080635071,0.05743187665939331,0.1231955885887146,1.0043020248413086,0.0011922991834580898,4.243069648742676,0.39185044169425964
rssm_stochastic,0,9,10,0.054567694664001465,0.20722505450248718,0.09441161155700684,0.17755126953125,0.9307753443717957,2.8242263793945312,0.4225553274154663
rssm_stochastic,0,10,10,0.009670979343354702,0.043329477310180664,0.10550234466791153,0.006731867790222168,0.5794544219970703,3.297541618347168,0.3237195909023285
rssm_stochastic,0,11,10,0.031121551990509033,0.020063340663909912,0.12903526425361633,0.7216379642486572,0.10553687065839767,3.7076971530914307,0.3661700487136841
rssm_stochastic,0,12,10,0.021893208846449852,0.09850373864173889,0.020347654819488525,0.5427014827728271,0.03990289941430092,11.267722129821777,0.4158632755279541
rssm_stochastic,0,13,10,0.010273420251905918,0.014826059341430664,0.09561596810817719,0.31964218616485596,0.3281639516353607,5.412380218505859,0.35076209902763367
rssm_stochastic,0,14,10,0.03625768795609474,0.09069526195526123,0.16023710370063782,0.5104773044586182,0.3582345247268677,3.7386655807495117,0.3408816456794739
rssm_stochastic,0,15,10,0.003554828464984894,0.014799118041992188,0.027320660650730133,0.274993896484375,0.7182204127311707,6.3853631019592285,0.33317169547080994
rssm_stochastic,0,16,10,0.0014343656366690993,0.016628265380859375,0.027503907680511475,0.12859869003295898,0.1294144243001938,1.0758428573608398,0.16693784296512604
rssm_stochastic,0,17,10,0.014334884472191334,0.047020912170410156,0.12501180171966553,0.18192577362060547,1.0961848497390747,4.060605049133301,0.27482175827026367
rssm_stochastic,0,18,10,0.007168680429458618,0.017803966999053955,0.05926671624183655,0.3453030586242676,0.07718057185411453,5.276482582092285,0.28015244007110596
rssm_stochastic,0,19,10,0.03702026978135109,0.12073421478271484,0.052660226821899414,0.7171058654785156,1.6192611455917358,3.7062489986419678,0.47114166617393494
rssm_stochastic,0,20,10,0.282099187374115,0.3429906964302063,0.37412264943122864,1.2388713359832764,0.8439010977745056,7.540292739868164,0.4930399954319
rssm_stochastic,0,21,10,0.06919442117214203,0.1576690524816513,0.2425212264060974,0.21040034294128418,0.4527311623096466,5.128139495849609,0.3294501304626465
rssm_stochastic,0,22,10,0.032861705869436264,0.1610216498374939,0.0034064054489135742,0.34004878997802734,5.296442985534668,3.069674491882324,0.31844744086265564
rssm_stochastic,0,23,10,0.0063103255815804005,0.026681959629058838,0.0034215450286865234,0.38577747344970703,0.15163719654083252,2.467905044555664,0.20236894488334656
rssm_stochastic,0,24,10,0.20648735761642456,0.2959660291671753,0.2390974760055542,1.3832240104675293,0.4315773546695709,6.750550270080566,0.3910582363605499
rssm_stochastic,0,25,10,0.019188115373253822,0.019494950771331787,0.15077748894691467,0.2958488464355469,0.14312726259231567,1.3919166326522827,0.17505882680416107
rssm_stochastic,0,26,10,0.020718300715088844,0.0020238757133483887,0.1735851764678955,0.060965538024902344,0.03481696918606758,1.0141764879226685,0.16293276846408844
rssm_stochastic,0,27,10,0.014961096458137035,0.0664834976196289,0.11420834064483643,0.17871904373168945,0.3723416328430176,2.8483328819274902,0.2660958468914032
rssm_stochastic,0,28,10,0.038065504282712936,0.11864489316940308,0.15492211282253265,0.40783748030662537,1.4968408346176147,3.4894754886627197,0.4957817494869232
rssm_stochastic,0,29,10,0.027341647073626518,0.09554052352905273,0.15544423460960388,0.14548349380493164,1.1124200820922852,1.3048813343048096,0.21527890861034393
rssm_stochastic,0,30,10,0.011997099034488201,0.0969395637512207,0.03661614656448364,0.1401231288909912,1.75223708152771,24.748031616210938,0.4013460576534271
rssm_stochastic,0,31,10,0.004801206756383181,0.06321674585342407,0.0006543099880218506,0.10359150916337967,9.856020915322006e-05,0.5717719793319702,0.29719820618629456
rssm_stochastic,0,0,11,0.019511591643095016,0.03491741418838501,0.15739788115024567,0.18368005752563477,0.7460121512413025,2.475207567214966,0.2147964984178543
rssm_stochastic,0,1,11,0.038329366594552994,0.04082760214805603,0.07008111476898193,0.9454045295715332,0.9097557663917542,0.9168840050697327,0.19341439008712769
rssm_stochastic,0,2,11,0.015597124584019184,0.01512002944946289,0.07296024262905121,0.5619919896125793,0.14009906351566315,10.406818389892578,0.3989945650100708
rssm_stochastic,0,3,11,0.01618030108511448,0.06820249557495117,0.12717512249946594,0.017249584197998047,0.6201162934303284,3.020336151123047,0.316653847694397
rssm_stochastic,0,4,11,0.06625358015298843,0.22132104635238647,0.10131180286407471,0.3772597312927246,3.6047675609588623,11.511945724487305,0.4799400269985199
rssm_stochastic,0,5,11,0.07933393865823746,0.11081922054290771,0.2927147150039673,0.443540096282959,0.40824902057647705,1.2430014610290527,0.21581079065799713
rssm_stochastic,0,6,11,0.04539858177304268,0.04525333642959595,0.16588187217712402,0.8104298114776611,0.01824437826871872,19.31186866760254,0.4301038086414337
rssm_stochastic,0,7,11,0.010506466962397099,0.038094162940979004,0.026822030544281006,0.47644174098968506,0.1457509845495224,3.700007438659668,0.3590990900993347
rssm_stochastic,0,8,11,0.05009165778756142,0.1308082938194275,0.07626843452453613,0.8575711250305176,0.28805482387542725,2.966893196105957,0.33275705575942993
rssm_stochastic,0,9,11,0.056651994585990906,0.20452392101287842,0.08581477403640747,0.3864254951477051,3.1751179695129395,15.892854690551758,0.422248512506485
rssm_stochastic,0,10,11,0.019228655844926834,0.06025117635726929,0.14404208958148956,0.1691514253616333,0.7205256819725037,6.519350528717041,0.37351083755493164
rssm_stochastic,0,11,11,0.003092345083132386,0.011822938919067383,0.03790329396724701,0.22976064682006836,0.3998676836490631,3.6629958152770996,0.5492465496063232
rssm_stochastic,0,12,11,0.06086878478527069,0.0924304723739624,0.018454134464263916,1.1753902435302734,0.4272468388080597,1.1843056678771973,0.30315929651260376
rssm_stochastic,0,13,11,0.016774648800492287,0.03612947463989258,0.14861814677715302,0.0827326774597168,0.2850688397884369,0.4452454149723053,0.3427008390426636
rssm_stochastic,0,14,11,0.03726848587393761,0.06892168521881104,0.1932893693447113,0.41942548751831055,0.5797107219696045,2.979185104370117,0.3070025146007538
rssm_stochastic,0,15,11,0.01941683702170849,0.07454609870910645,0.09867118299007416,0.4233722686767578,0.8426456451416016,1.2222175598144531,0.2607389986515045
rssm_stochastic,0,16,11,0.0022083984222263098,0.01689887046813965,0.015138685703277588,0.2164616584777832,0.010021068155765533,0.9433746337890625,0.1392894983291626
rssm_stochastic,0,17,11,0.013517454266548157,0.022019147872924805,0.11135825514793396,0.3489718437194824,0.5496807098388672,1.5185863971710205,0.2514720857143402
rssm_stochastic,0,18,11,0.01565459556877613,0.1076166033744812,0.06501340866088867,0.01507425308227539,0.25757336616516113,7.070099830627441,0.3196626305580139
rssm_stochastic,0,19,11,0.01261970680207014,0.006726324558258057,0.07291421294212341,0.491023451089859,0.45591112971305847,4.634012222290039,0.48976272344589233
rssm_stochastic,0,20,11,0.34070852398872375,0.33374810218811035,0.44665125012397766,1.484933853149414,1.0795649290084839,17.571243286132812,0.5211917757987976
rssm_stochastic,0,21,11,0.0248162392526865,0.1411316990852356,0.06009674072265625,0.10450458526611328,0.4681026339530945,2.659278392791748,0.35231921076774597
rssm_stochastic,0,22,11,0.013265557587146759,0.094119131565094,0.0028074290603399277,0.30725669860839844,0.01279032789170742,1.9280362129211426,0.28066787123680115
rssm_stochastic,0,23,11,0.04977637156844139,0.030453085899353027,0.1674780249595642,0.8935127258300781,2.4405717849731445,2.4978902339935303,0.1891467422246933
rssm_stochastic,0,24,11,0.22601057589054108,0.32773715257644653,0.24698877334594727,1.3343110084533691,1.468813180923462,12.95516586303711,0.49728357791900635
rssm_stochastic,0,25,11,0.04818952456116676,0.11742532253265381,0.17195414006710052,0.5877103805541992,4.100090503692627,0.6683743000030518,0.14228105545043945
rssm_stochastic,0,26,11,0.0014936421066522598,0.022203922271728516,0.0365755558013916,0.03156423568725586,0.007895512506365776,1.162231206893921,0.1794394552707672
rssm_stochastic,0,27,11,0.011610832996666431,0.05357539653778076,0.10888570547103882,0.09747743606567383,0.2083243876695633,1.156470775604248,0.266990602016449
rssm_stochastic,0,28,11,0.0310189351439476,0.0859295129776001,0.17349813878536224,0.2505921721458435,1.3686870336532593,12.781087875366211,0.47387638688087463
rssm_stochastic,0,29,11,0.027893878519535065,0.08787775039672852,0.1602354645729065,0.22353589534759521,1.0964325666427612,1.6629873514175415,0.26907527446746826
rssm_stochastic,0,30,11,0.0016327626071870327,0.00956028699874878,0.005719467997550964,0.2017885446548462,0.1681366264820099,32.625518798828125,0.49728265404701233
rssm_stochastic,0,31,11,0.0028879849705845118,0.043995797634124756,0.019824624061584473,0.1146077960729599,0.007278037257492542,1.4260197877883911,0.28609684109687805
rssm_stochastic,0,0,12,0.059716176241636276,0.1985740065574646,0.08679106831550598,0.5478453636169434,2.9376120567321777,1.2164448499679565,0.19782443344593048
rssm_stochastic,0,1,12,0.039829593151807785,0.09200933575630188,0.12733662128448486,0.7239089012145996,0.01710658334195614,1.4089343547821045,0.196080282330513
rssm_stochastic,0,2,12,0.028573915362358093,0.029871106147766113,0.009573690593242645,0.861661970615387,0.21011024713516235,14.484630584716797,0.407507061958313
rssm_stochastic,0,3,12,0.0004781729949172586,0.011984407901763916,0.01412820816040039,0.07037460803985596,0.06374496221542358,6.525839805603027,0.36289897561073303
rssm_stochastic,0,4,12,0.07374820858240128,0.22183766961097717,0.1651289463043213,0.15651464462280273,0.7784295678138733,10.9476318359375,0.3380106985569
rssm_stochastic,0,5,12,0.08897588402032852,0.1580154299736023,0.2940593361854553,0.25538063049316406,3.0829684734344482,3.4426863193511963,0.26154825091362
rssm_stochastic,0,6,12,0.047515857964754105,0.0912787914276123,0.1895565390586853,0.6100732088088989,0.31190234422683716,13.751574516296387,0.5449333190917969
rssm_stochastic,0,7,12,0.015186533331871033,0.00808173418045044,0.12135951220989227,0.3693213164806366,0.19098049402236938,9.121179580688477,0.40200257301330566
rssm_stochastic,0,8,12,0.0738457515835762,0.20067793130874634,0.1184571385383606,0.7325012683868408,0.884477972984314,5.281122207641602,0.37431222200393677
rssm_stochastic,0,9,12,0.022265039384365082,0.11974960565567017,0.06934124231338501,0.29297351837158203,3.427086591720581,2.9405441284179688,0.35176244378089905
rssm_stochastic,0,10,12,0.035585012286901474,0.12337440252304077,0.1638486087322235,0.11406099796295166,1.6871477365493774,1.900195837020874,0.2986876666545868
rssm_stochastic,0,11,12,0.010341270826756954,0.02954399585723877,0.04058678448200226,0.47184455394744873,0.019910266622900963,33.91668701171875,0.5091777443885803
rssm_stochastic,0,12,12,0.06261960417032242,0.116994708776474,0.12853246927261353,0.9888882637023926,0.14077810943126678,8.551828384399414,0.4263782799243927
rssm_stochastic,0,13,12,0.014489158056676388,0.032414793968200684,0.13891713321208954,0.06436288356781006,0.17583255469799042,14.472946166992188,0.5337342023849487
rssm_stochastic,0,14,12,0.06141237914562225,0.15712296962738037,0.20581519603729248,0.3775954246520996,1.0674160718917847,5.8500871658325195,0.3162473142147064
rssm_stochastic,0,15,12,0.04401653632521629,0.09866458177566528,0.09106743335723877,0.8632221221923828,1.0380696058273315,3.071929693222046,0.30028191208839417
rssm_stochastic,0,16,12,0.001244444865733385,0.015496999025344849,0.021922051906585693,0.13257598876953125,0.008356166072189808,0.7821875214576721,0.14663557708263397
rssm_stochastic,0,17,12,0.026873206719756126,0.06746405363082886,0.15586212277412415,0.3770027160644531,0.300466388463974,0.9302452206611633,0.2535288333892822
rssm_stochastic,0,18,12,0.032560404390096664,0.16932648420333862,0.022796809673309326,0.1289374828338623,0.6227558255195618,1.2523298263549805,0.25796955823898315
rssm_stochastic,0,19,12,0.0189991295337677,0.09536361694335938,0.03729566931724548,0.4653666019439697,1.447613000869751,7.53624153137207,0.49474790692329407
rssm_stochastic,0,20,12,0.3219926357269287,0.3507530093193054,0.34807589650154114,1.6724812984466553,1.9248749017715454,13.953609466552734,0.5808969140052795
rssm_stochastic,0,21,12,0.02421383000910282,0.09872040152549744,0.10317480564117432,0.4091634750366211,0.3282628357410431,10.568461418151855,0.3931600749492645
rssm_stochastic,0,22,12,0.015428926795721054,0.0813484787940979,0.009112298488616943,0.4668598175048828,0.6824701428413391,0.9731042385101318,0.21118232607841492
rssm_stochastic,0,23,12,0.0482102632522583,0.026701033115386963,0.21477016806602478,0.6554074287414551,0.013742076233029366,8.22516918182373,0.36703723669052124
rssm_stochastic,0,24,12,0.3177960515022278,0.443583220243454,0.2521292567253113,1.2463772296905518,3.20628023147583,47.99491500854492,0.6936038732528687
rssm_stochastic,0,25,12,0.04546673223376274,0.11613458395004272,0.1857893168926239,0.4356250762939453,3.206104278564453,1.4357939958572388,0.19151142239570618
rssm_stochastic,0,26,12,0.0040643783286213875,0.04472219944000244,0.017409145832061768,0.2111983299255371,0.004993997514247894,0.5835041999816895,0.14916256070137024
rssm_stochastic,0,27,12,0.0077927615493535995,0.022265911102294922,0.10216087102890015,0.05679035186767578,0.007260392885655165,0.952251136302948,0.21048134565353394
rssm_stochastic,0,28,12,0.017638342455029488,0.040578246116638184,0.14162638783454895,0.23952817916870117,0.985569953918457,3.6376166343688965,0.5148462057113647
rssm_stochastic,0,29,12,0.019910350441932678,0.08503454923629761,0.07414412498474121,0.469982385635376,1.038873314857483,4.74287748336792,0.33635905385017395
rssm_stochastic,0,30,12,0.003475415287539363,0.025764763355255127,0.0340435728430748,0.229486346244812,0.01040132436901331,47.854339599609375,0.581492006778717
rssm_stochastic,0,31,12,0.008331980556249619,0.036101579666137695,0.051097571849823,0.37135517597198486,0.06501922011375427,22.20109748840332,0.4067090153694153
rssm_stochastic,0,0,13,0.10900154709815979,0.24465742707252502,0.10731875896453857,0.9741973876953125,3.9513399600982666,1.408668041229248,0.22326703369617462
rssm_stochastic,0,1,13,0.022579839453101158,0.07525902986526489,0.10672545433044434,0.4805319309234619,0.011778097599744797,2.9554333686828613,0.19197916984558105
rssm_stochastic,0,2,13,0.017955617979168892,0.01069486141204834,0.05316349118947983,0.6548479199409485,0.029200734570622444,5.315277099609375,0.5012055039405823
rssm_stochastic,0,3,13,0.007108195219188929,0.039404988288879395,0.07298535108566284,0.21786713600158691,0.0012058719294145703,10.211213111877441,0.37108102440834045
rssm_stochastic,0,4,13,0.060710933059453964,0.2027629315853119,0.14029461145401,0.23073053359985352,0.1469831019639969,2.1886837482452393,0.2963559031486511
rssm_stochastic,0,5,13,0.06434596329927444,0.16453582048416138,0.22231706976890564,0.1439661979675293,2.217317819595337,2.0015242099761963,0.2566224932670593
rssm_stochastic,0,6,13,0.020059047266840935,0.08279168605804443,0.10091793537139893,0.3869817852973938,0.29516056180000305,22.20391845703125,0.6206142902374268
rssm_stochastic,0,7,13,0.008692266419529915,0.019725322723388672,0.0912429690361023,0.26371467113494873,0.19300171732902527,4.343023300170898,0.3325880467891693
rssm_stochastic,0,8,13,0.045022983103990555,0.16149789094924927,0.032108426094055176,0.6483021974563599,0.6548128128051758,6.74884557723999,0.40302804112434387
rssm_stochastic,0,9,13,0.012176384218037128,0.024776935577392578,0.12956494092941284,0.03146219253540039,2.7546021938323975,17.7685604095459,0.3916451036930084
rssm_stochastic,0,10,13,0.04037591814994812,0.12036776542663574,0.16857275366783142,0.36753058433532715,1.538723111152649,5.368466377258301,0.3380729556083679
rssm_stochastic,0,11,13,0.003529945621266961,0.022253334522247314,0.029760897159576416,0.25333333015441895,0.018797777593135834,17.532678604125977,0.5222672820091248
rssm_stochastic,0,12,13,0.11364958435297012,0.2192724347114563,0.12249529361724854,1.1662509441375732,0.002208859194070101,1.4583356380462646,0.3717382550239563
rssm_stochastic,0,13,13,0.023385586217045784,0.017228662967681885,0.1708654761314392,0.29019105434417725,0.002224799245595932,1.9654291868209839,0.48391833901405334
rssm_stochastic,0,14,13,0.05573158338665962,0.19048702716827393,0.14535927772521973,0.18906426429748535,1.1169449090957642,3.4817731380462646,0.3208225667476654
rssm_stochastic,0,15,13,0.01550968736410141,0.05003172159194946,0.03278231620788574,0.5693278312683105,0.06628890335559845,7.208137035369873,0.35758015513420105
rssm_stochastic,0,16,13,0.002952605253085494,0.04516695439815521,0.01354140043258667,0.1250438690185547,0.041383061558008194,0.6895865797996521,0.13188232481479645
rssm_stochastic,0,17,13,0.020171193405985832,0.13214778900146484,0.004364669322967529,0.15735721588134766,1.9026687145233154,1.1727583408355713,0.1793687790632248
rssm_stochastic,0,18,13,0.0018551297252997756,0.03437012434005737,0.006182670593261719,0.1192786693572998,0.0023410296998918056,1.0706578493118286,0.21844130754470825
rssm_stochastic,0,19,13,0.015589957125484943,0.09926384687423706,0.015578478574752808,0.3510117530822754,1.91443932056427,0.9364097118377686,0.42884576320648193
rssm_stochastic,0,20,13,0.41844305396080017,0.43156659603118896,0.3559876084327698,1.8485891819000244,3.414048671722412,19.139812469482422,0.6180933713912964
rssm_stochastic,0,21,13,0.019168119877576828,0.019739508628845215,0.05841165781021118,0.6652545928955078,0.08309876918792725,37.92660903930664,0.4932035505771637
rssm_stochastic,0,22,13,0.029205473139882088,0.13285678625106812,0.10316932201385498,0.25914764404296875,0.9914657473564148,1.102621078491211,0.24245266616344452
rssm_stochastic,0,23,13,0.015845755115151405,0.061501383781433105,0.08833137154579163,0.41385555267333984,0.1510094851255417,3.3046305179595947,0.30533793568611145
rssm_stochastic,0,24,13,0.2623927593231201,0.3837548792362213,0.11384749412536621,1.56911301612854,3.4249956607818604,26.346633911132812,0.7542174458503723
rssm_stochastic,0,25,13,0.035465057939291,0.15358465909957886,0.08058369159698486,0.36876726150512695,2.1825497150421143,0.9531655311584473,0.1958247870206833
rssm_stochastic,0,26,13,0.012052980251610279,0.09515821933746338,0.05513203144073486,0.004741191864013672,0.06609874963760376,3.381848096847534,0.2725552022457123
rssm_stochastic,0,27,13,0.006688850466161966,0.04941433668136597,0.07447284460067749,0.07548809051513672,0.01487253699451685,1.0045592784881592,0.23495519161224365
rssm_stochastic,0,28,13,0.011545653454959393,0.0013356804847717285,0.10770399868488312,0.31256651878356934,0.5325916409492493,29.639371871948242,0.6303731799125671
rssm_stochastic,0,29,13,0.016374116763472557,0.08465611934661865,0.06763243675231934,0.3800255060195923,0.5832121968269348,2.8499181270599365,0.3522128462791443
rssm_stochastic,0,30,13,0.001166385947726667,0.018022119998931885,0.03142736479640007,0.06013643741607666,0.11879169940948486,5.193420886993408,0.626770555973053
rssm_stochastic,0,31,13,0.003993140999227762,0.024610519409179688,0.03275260329246521,0.26446837186813354,0.3767130374908447,8.929136276245117,0.34545767307281494
rssm_stochastic,0,0,14,0.10384082794189453,0.23744767904281616,0.051357805728912354,1.0376415252685547,3.068769931793213,1.2047216892242432,0.251750648021698
rssm_stochastic,0,1,14,0.04889975115656853,0.15645411610603333,0.07283705472946167,0.7027004957199097,0.05904240906238556,1.7351398468017578,0.20062819123268127
rssm_stochastic,0,2,14,0.013170466758310795,0.03199422359466553,0.03190238028764725,0.5532241463661194,0.011279094032943249,11.287667274475098,0.4032047390937805
rssm_stochastic,0,3,14,0.012192737311124802,0.015762627124786377,0.06548202037811279,0.49243640899658203,0.03082064352929592,5.796945571899414,0.35568562150001526
rssm_stochastic,0,4,14,0.01866747997701168,0.11470714211463928,0.02011805772781372,0.32409238815307617,0.005755322054028511,5.999805927276611,0.23236075043678284
rssm_stochastic,0,5,14,0.03997747227549553,0.14398473501205444,0.15190166234970093,0.1929006576538086,1.537379503250122,2.230412483215332,0.23493117094039917
rssm_stochastic,0,6,14,0.0631565973162651,0.14674139022827148,0.2261866331100464,0.34825068712234497,0.5613740086555481,58.01700210571289,0.6315681338310242
rssm_stochastic,0,7,14,0.010950025171041489,0.04358863830566406,0.108822301030159,0.14411118626594543,0.814742386341095,13.354032516479492,0.3957432508468628
rssm_stochastic,0,8,14,0.0846392884850502,0.21343481540679932,0.13425284624099731,0.7727683782577515,0.7161698341369629,9.853351593017578,0.3794093728065491
rssm_stochastic,0,9,14,0.046283867210149765,0.05262589454650879,0.2504282295703888,0.10478639602661133,0.043360933661460876,2.4679927825927734,0.34067633748054504
rssm_stochastic,0,10,14,0.04848875105381012,0.12824547290802002,0.15674182772636414,0.6054551601409912,1.807234287261963,5.620657444000244,0.3220325708389282
rssm_stochastic,0,11,14,0.017157241702079773,0.00013500452041625977,0.11664748191833496,0.46059250831604004,0.03195396438241005,1.1666738986968994,0.34831374883651733
rssm_stochastic,0,12,14,0.1822960525751114,0.3052860498428345,0.06140214204788208,1.441449761390686,0.04731878638267517,3.6566519737243652,0.3965380787849426
rssm_stochastic,0,13,14,0.02012331411242485,0.04023808240890503,0.15723715722560883,0.19820666313171387,0.00035096192732453346,1.2223871946334839,0.3031647205352783
rssm_stochastic,0,14,14,0.11566594243049622,0.23065531253814697,0.2809939384460449,0.29067516326904297,1.38016939163208,3.057405948638916,0.3091948330402374
rssm_stochastic,0,15,14,0.008377551101148129,0.05243027210235596,0.007933557033538818,0.3782920837402344,0.0010248894104734063,1.2469871044158936,0.28440964221954346
rssm_stochastic,0,16,14,0.017973119392991066,0.11093729734420776,0.04940563440322876,0.2721843719482422,0.22250781953334808,0.5330735445022583,0.17064768075942993
rssm_stochastic,0,17,14,0.026587748900055885,0.13459116220474243,0.07926326990127563,0.2511863708496094,1.5328633785247803,2.328897714614868,0.23925603926181793
rssm_stochastic,0,18,14,0.0009534304845146835,0.0026298463344573975,0.03697878122329712,0.018019914627075195,0.00010709759953897446,0.9665896892547607,0.20987741649150848
rssm_stochastic,0,19,14,0.010819141753017902,0.0025336146354675293,0.12330153584480286,0.1077267974615097,0.47157636284828186,22.542972564697266,0.43635281920433044
rssm_stochastic,0,20,14,0.6317054629325867,0.5201436281204224,0.5068889856338501,2.0654354095458984,4.822515964508057,23.608055114746094,0.6535354256629944
rssm_stochastic,0,21,14,0.025800861418247223,0.005588173866271973,0.09609764814376831,0.7244744300842285,0.0815628319978714,53.46018600463867,0.5938581228256226
rssm_stochastic,0,22,14,0.08321582525968552,0.21933627128601074,0.17547428607940674,0.49773740768432617,2.1700873374938965,0.9555776119232178,0.2086087167263031
rssm_stochastic,0,23,14,0.021709702908992767,0.1339460015296936,0.04500269889831543,0.12283563613891602,0.33419322967529297,2.011301279067993,0.27685099840164185
rssm_stochastic,0,24,14,0.4136257469654083,0.4897005558013916,0.13706707954406738,1.919339895248413,7.520397663116455,48.6343879699707,0.837597131729126
rssm_stochastic,0,25,14,0.023916080594062805,0.11179578304290771,0.014952898025512695,0.5191597938537598,1.431917667388916,1.0921906232833862,0.20818300545215607
rssm_stochastic,0,26,14,0.009224829263985157,0.07798836380243301,0.06073349714279175,0.0115203857421875,0.04050082713365555,1.1067273616790771,0.1943809539079666
rssm_stochastic,0,27,14,0.05374648794531822,0.17539134621620178,0.1407984495162964,0.41275501251220703,0.9327554702758789,1.6816792488098145,0.19060172140598297
rssm_stochastic,0,28,14,0.019641684368252754,0.0031360983848571777,0.1455916464328766,0.37291717529296875,0.4135233759880066,27.62276840209961,0.6506354212760925
rssm_stochastic,0,29,14,0.011292804963886738,0.016356587409973145,0.06519132852554321,0.46728402376174927,0.1596367359161377,9.399993896484375,0.34431514143943787
rssm_stochastic,0,30,14,0.0040390281938016415,0.058645665645599365,0.010718157514929771,0.0679667592048645,0.022793807089328766,36.61284255981445,0.5213148593902588
rssm_stochastic,0,31,14,0.0013564977562054992,0.03395789861679077,0.010611802339553833,0.01567983627319336,0.007533677853643894,1.0260109901428223,0.38094663619995117
rssm_stochastic,0,0,15,0.026273949071764946,0.028807491064071655,0.020804762840270996,0.8221921920776367,0.5081124305725098,0.8752959966659546,0.2789556682109833
rssm_stochastic,0,1,15,0.05318991467356682,0.19782015681266785,0.017272114753723145,0.5159784555435181,0.21523559093475342,3.7384228706359863,0.22860713303089142
rssm_stochastic,0,2,15,0.014729390852153301,0.017672419548034668,0.08439360558986664,0.5067639350891113,0.05890542268753052,13.932292938232422,0.42382165789604187
rssm_stochastic,0,3,15,0.029046988114714622,0.0652584433555603,0.12270092964172363,0.6161087155342102,0.01475356426090002,16.04311180114746,0.3921472132205963
rssm_stochastic,0,4,15,0.09359297156333923,0.2825837731361389,0.004061400890350342,0.38870668411254883,0.3267202377319336,2.371406316757202,0.2297346293926239
rssm_stochastic,0,5,15,0.11338052898645401,0.28869307041168213,0.15677309036254883,0.3587665557861328,2.78665828704834,1.3941724300384521,0.2427491396665573
rssm_stochastic,0,6,15,0.09099086374044418,0.23819756507873535,0.20073407888412476,0.16120386123657227,1.7887808084487915,31.534709930419922,0.6088314652442932
rssm_stochastic,0,7,15,0.03765047714114189,0.023596107959747314,0.22599582374095917,0.2413809597492218,0.45535171031951904,17.194042205810547,0.429284930229187
rssm_stochastic,0,8,15,0.15016576647758484,0.3517555892467499,0.060272395610809326,0.5535703897476196,2.582336664199829,5.172764301300049,0.31054016947746277
rssm_stochastic,0,9,15,0.05658699944615364,0.14431214332580566,0.16176974773406982,0.6522049903869629,3.920945882797241,9.64968204498291,0.35110509395599365
rssm_stochastic,0,10,15,0.06427651643753052,0.18378996849060059,0.12630358338356018,0.6603299379348755,2.312654495239258,3.2562663555145264,0.2756340801715851
rssm_stochastic,0,11,15,0.01906713843345642,0.06292122602462769,0.11340510845184326,0.39968669414520264,0.3968941271305084,0.6976611614227295,0.2604468762874603
rssm_stochastic,0,12,15,0.3194740116596222,0.4852375388145447,0.05805683135986328,1.2480961084365845,1.5277127027511597,9.382363319396973,0.4728374183177948
rssm_stochastic,0,13,15,0.04275672510266304,0.07036125659942627,0.22679658234119415,0.24236202239990234,0.29965877532958984,3.132066488265991,0.3255549967288971
rssm_stochastic,0,14,15,0.11627603322267532,0.25794315338134766,0.2505372166633606,0.05395972728729248,2.1254405975341797,3.317643404006958,0.36970993876457214
rssm_stochastic,0,15,15,0.000840290158521384,0.002196580171585083,0.017244279384613037,0.13054990768432617,0.0008037425577640533,2.939793586730957,0.267388254404068
rssm_stochastic,0,16,15,0.05655385181307793,0.11993071436882019,0.19597458839416504,0.6249444484710693,0.4319157302379608,1.7521299123764038,0.20168575644493103
rssm_stochastic,0,17,15,0.010464325547218323,0.02732616662979126,0.022070646286010742,0.501070499420166,0.2345747947692871,5.870762348175049,0.31046292185783386
rssm_stochastic,0,18,15,0.028637720271945,0.15682396292686462,0.0382617712020874,0.12085723876953125,0.24532923102378845,0.7780159711837769,0.18872031569480896
rssm_stochastic,0,19,15,0.007197351660579443,0.0395929217338562,0.08899049460887909,0.041026562452316284,0.5213296413421631,15.780861854553223,0.5548667907714844
rssm_stochastic,0,20,15,0.8465219140052795,0.7165989875793457,0.2776373028755188,2.480414867401123,10.180229187011719,27.680259704589844,0.821484386920929
rssm_stochastic,0,21,15,0.018862850964069366,0.08677023649215698,0.06613704562187195,0.45216989517211914,0.04472183436155319,76.37403869628906,0.6935675144195557
rssm_stochastic,0,22,15,0.014307533390820026,0.0693211555480957,0.017329156398773193,0.48740196228027344,0.7291768789291382,1.2128186225891113,0.2236979603767395
rssm_stochastic,0,23,15,0.0895739197731018,0.26618826389312744,0.11717677116394043,0.23975372314453125,0.9890173077583313,3.083042621612549,0.2865770757198334
rssm_stochastic,0,24,15,0.7061886191368103,0.7031866312026978,0.08503735065460205,2.054236650466919,17.342744827270508,56.511192321777344,0.8918140530586243
rssm_stochastic,0,25,15,0.09129837155342102,0.26583027839660645,0.03044801950454712,0.5877552032470703,2.3274378776550293,6.252702713012695,0.2945253551006317
rssm_stochastic,0,26,15,0.004699464421719313,0.014285743236541748,0.08093643188476562,0.00606226921081543,0.0005920716794207692,1.3207226991653442,0.1912606805562973
rssm_stochastic,0,27,15,0.04769603908061981,0.2006503790616989,0.02866595983505249,0.27369189262390137,0.7265358567237854,1.542284607887268,0.19922275841236115
rssm_stochastic,0,28,15,0.018410466611385345,0.03733104467391968,0.14677853882312775,0.24155664443969727,0.0024647628888487816,40.18832778930664,0.6710277795791626
rssm_stochastic,0,29,15,0.010630817152559757,0.02481997013092041,0.07939356565475464,0.39028868079185486,0.032987602055072784,2.108794927597046,0.32456278800964355
rssm_stochastic,0,30,15,0.005219392478466034,0.04605203866958618,0.058437544852495193,0.12188750505447388,0.036768630146980286,0.45883452892303467,0.5399458408355713
rssm_stochastic,0,31,15,0.0075471713207662106,0.03184688091278076,0.024125099182128906,0.4033564329147339,0.2815055549144745,0.5960919857025146,0.2069433033466339
rssm_mean,0,0,1,0.015407678671181202,0.04974907636642456,0.13545465469360352,0.06395578384399414,0.03333188593387604,1.1429033279418945,0.0
rssm_mean,0,1,1,0.0008789920248091221,0.008724585175514221,0.0032451748847961426,0.14577841758728027,0.002938278950750828,0.6382851004600525,0.0
rssm_mean,0,2,1,0.0033519479911774397,0.013115644454956055,0.06303039193153381,0.11010801792144775,0.02715296670794487,0.6086611747741699,0.0
rssm_mean,0,3,1,0.0006266672280617058,0.01065671443939209,0.026913821697235107,0.01365041732788086,0.018272986635565758,0.39146214723587036,0.0
rssm_mean,0,4,1,0.0028022436890751123,0.012104272842407227,0.04925352334976196,0.16292977333068848,0.04134611040353775,1.187514066696167,0.0
rssm_mean,0,5,1,0.02225637249648571,0.11151951551437378,0.026941657066345215,0.46620380878448486,0.05098291113972664,0.7998311519622803,0.0
rssm_mean,0,6,1,0.0012024041498079896,0.019883453845977783,0.030468806624412537,0.05986642837524414,0.003618269693106413,0.4056924283504486,0.0
rssm_mean,0,7,1,0.009981967508792877,0.018601179122924805,0.060007669031620026,0.4388860762119293,0.10601266473531723,0.8504459857940674,0.0
rssm_mean,0,8,1,0.0037872523535043,0.005704164505004883,0.029318034648895264,0.2921438217163086,0.24047048389911652,0.8732694387435913,0.0
rssm_mean,0,9,1,0.0014780639903619885,0.006476759910583496,0.04180586338043213,0.08018338680267334,0.0181638952344656,0.57441645860672,0.0
rssm_mean,0,10,1,0.0004953143652528524,0.015362381935119629,0.01607614755630493,0.039827942848205566,0.20137657225131989,0.3703182339668274,0.0
rssm_mean,0,11,1,0.0056319222785532475,0.006633758544921875,0.03096926212310791,0.3645904064178467,0.2330903261899948,0.49593585729599,0.0
rssm_mean,0,12,1,0.002429258543998003,0.027528971433639526,0.04366999864578247,0.08874750137329102,0.0028936818707734346,0.507484495639801,0.0
rssm_mean,0,13,1,0.0015453897649422288,0.007915139198303223,0.013889193534851074,0.1904362589120865,0.007077664602547884,0.2284468412399292,0.0
rssm_mean,0,14,1,0.0021318260114639997,0.03173118829727173,0.018431425094604492,0.14601683616638184,0.010413388721644878,0.282431036233902,0.0
rssm_mean,0,15,1,0.003978923428803682,0.042003512382507324,0.010758757591247559,0.22968757152557373,0.013643592596054077,0.3402233123779297,0.0
rssm_mean,0,16,1,0.002154723973944783,0.029868245124816895,0.029531657695770264,0.12467169761657715,0.0009748347220011055,0.7716315984725952,0.0
rssm_mean,0,17,1,0.005225990433245897,0.033304452896118164,0.04549676179885864,0.2643221616744995,0.0061628916300833225,0.7530107498168945,0.0
rssm_mean,0,18,1,0.0010313816601410508,0.027962714433670044,0.0016148686408996582,0.0673372745513916,0.4082861840724945,0.24881449341773987,0.0
rssm_mean,0,19,1,0.004203176125884056,0.02379387617111206,0.042531758546829224,0.25144320726394653,0.028096364811062813,0.6333010196685791,0.0
rssm_mean,0,20,1,0.010935444384813309,0.03177124261856079,0.11993874609470367,0.0015121102333068848,0.02581482008099556,0.4157123267650604,0.0
rssm_mean,0,21,1,0.004913532640784979,0.0630725622177124,0.00976872444152832,0.11203640699386597,0.0014738707104697824,0.4299668073654175,0.0
rssm_mean,0,22,1,0.007516713812947273,0.028726577758789062,0.09588104486465454,0.09431600570678711,0.004691439215093851,0.6535606980323792,0.0
rssm_mean,0,23,1,0.00040934086428023875,0.014457643032073975,0.009864509105682373,0.055107831954956055,0.00034854080877266824,0.4741320013999939,0.0
rssm_mean,0,24,1,0.008267770521342754,0.035224974155426025,0.10011053085327148,0.0391903817653656,0.03610854968428612,0.4284130930900574,0.0
rssm_mean,0,25,1,0.0026401104405522346,0.030254781246185303,0.025548934936523438,0.1788407564163208,0.004365869797766209,0.5855723023414612,0.0
rssm_mean,0,26,1,0.00047025553067214787,0.02029457688331604,0.0043487548828125,0.009797334671020508,0.005840391386300325,0.669401228427887,0.0
rssm_mean,0,27,1,0.004059248138219118,0.044971466064453125,0.0514712929725647,0.024302005767822266,0.048394978046417236,0.4369620978832245,0.0
rssm_mean,0,28,1,0.003769342554733157,0.04749542474746704,0.04082036018371582,0.06277532875537872,0.006244465708732605,0.44118744134902954,0.0
rssm_mean,0,29,1,0.004160701762884855,0.0017536282539367676,0.07785433530807495,0.022193193435668945,0.24310781061649323,0.42990121245384216,0.0
rssm_mean,0,30,1,0.002164109842851758,0.030944764614105225,0.036637336015701294,0.07205098867416382,0.5384077429771423,0.3386921286582947,0.0
rssm_mean,0,31,1,0.002803132636472583,0.010937750339508057,0.004716008901596069,0.2676534652709961,0.05518808960914612,0.19324582815170288,0.0
rssm_mean,0,0,2,0.012828197330236435,0.05649915337562561,0.10137760639190674,0.24869084358215332,0.0030289425048977137,1.1730461120605469,0.18612337112426758
rssm_mean,0,1,2,0.0009087896323762834,0.01707097887992859,0.008422553539276123,0.12060141563415527,0.028003087267279625,0.8008016347885132,0.06662707775831223
rssm_mean,0,2,2,0.005472507327795029,0.0080413818359375,0.08170729875564575,0.1507321000099182,0.0011285016080364585,0.5119342803955078,0.09980403631925583
rssm_mean,0,3,2,0.0008227103389799595,0.011324107646942139,0.025458425283432007,0.08026015758514404,0.0064476835541427135,0.28999483585357666,0.0799972340464592
rssm_mean,0,4,2,0.0040630921721458435,0.042556941509246826,0.023131966590881348,0.21427249908447266,0.005218737293034792,0.8864886164665222,0.13107217848300934
rssm_mean,0,5,2,0.019527943804860115,0.08878156542778015,0.04543626308441162,0.5044219493865967,0.01226312480866909,1.6353917121887207,0.15158997476100922
rssm_mean,0,6,2,0.0006437330157496035,0.0014565587043762207,0.028540022671222687,0.04793071746826172,0.055509380996227264,0.3499215245246887,0.06890935450792313
rssm_mean,0,7,2,0.007536828052252531,0.01556396484375,0.018831148743629456,0.43536847829818726,0.003420833498239517,0.5623297691345215,0.1299818754196167
rssm_mean,0,8,2,0.004931272007524967,0.0004703402519226074,0.019310981035232544,0.35514235496520996,0.7170934081077576,0.9725255966186523,0.09461946785449982
rssm_mean,0,9,2,0.005941180512309074,0.04737776517868042,0.06785935163497925,0.09342050552368164,2.3673934265389107e-05,1.4392004013061523,0.10007128864526749
rssm_mean,0,10,2,0.00019900120969396085,0.002721726894378662,0.01071995496749878,0.05505108833312988,0.17119789123535156,7.045435905456543,0.1904105842113495
rssm_mean,0,11,2,0.00712828291580081,0.015511512756347656,0.02973252534866333,0.4108830690383911,0.3798657953739166,1.0773204565048218,0.102374367415905
rssm_mean,0,12,2,0.002129392698407173,0.04039716720581055,0.016655266284942627,0.06187891960144043,6.514786218758672e-05,0.893683671951294,0.10842142254114151
rssm_mean,0,13,2,0.0016659240936860442,0.016774535179138184,0.0042254626750946045,0.19037102162837982,0.037684954702854156,0.3130267560482025,0.08269862085580826
rssm_mean,0,14,2,0.0006083089392632246,0.015080869197845459,0.00014269351959228516,0.09822416305541992,0.028502091765403748,0.8273966312408447,0.0880415290594101
rssm_mean,0,15,2,0.0016067897668108344,0.029380500316619873,0.012174069881439209,0.12229514122009277,0.042173389345407486,0.5629769563674927,0.15254464745521545
rssm_mean,0,16,2,0.002901717321947217,0.03997402265667915,0.023695409297943115,0.1429612636566162,0.0008265043725259602,1.3769214153289795,0.1289021223783493
rssm_mean,0,17,2,0.006283704191446304,0.04590606689453125,0.06500750780105591,0.17036354541778564,0.13051778078079224,0.5202726125717163,0.10607444494962692
rssm_mean,0,18,2,0.001036936417222023,0.021400973200798035,0.027912497520446777,0.0028536319732666016,0.15394559502601624,0.9490314722061157,0.1312979906797409
rssm_mean,0,19,2,0.005366562400013208,0.021892786026000977,0.04217067360877991,0.3126427233219147,0.005826734006404877,1.5953401327133179,0.11550864577293396
rssm_mean,0,20,2,0.005759790539741516,0.024029135704040527,0.0861043930053711,0.040525197982788086,0.04121784865856171,0.418529212474823,0.09954099357128143
rssm_mean,0,21,2,0.0077738151885569096,0.07819885015487671,0.019852101802825928,0.1438618302345276,0.000980039476417005,0.5714170932769775,0.10029298067092896
rssm_mean,0,22,2,0.007964803837239742,0.04258391261100769,0.0934685468673706,0.00548100471496582,0.004291142802685499,1.0287303924560547,0.1130693256855011
rssm_mean,0,23,2,3.410347198951058e-05,0.002238541841506958,0.0064650774002075195,0.0010461807250976562,0.02548598125576973,0.6837651133537292,0.15736636519432068
rssm_mean,0,24,2,0.009850023314356804,0.0587422251701355,0.09403827786445618,0.016018420457839966,0.005485814064741135,0.904044508934021,0.1435670554637909
rssm_mean,0,25,2,0.0014276147121563554,0.023804008960723877,0.003947198390960693,0.14621686935424805,0.007972558960318565,0.7768322229385376,0.08895114809274673
rssm_mean,0,26,2,6.452429806813598e-05,0.006404444575309753,0.0016959309577941895,0.021644115447998047,0.0015453306259587407,2.2764780521392822,0.11562899500131607
rssm_mean,0,27,2,0.006115282420068979,0.055560849606990814,0.060404419898986816,0.07747793197631836,0.04046360030770302,1.1525354385375977,0.11157554388046265
rssm_mean,0,28,2,0.0026739537715911865,0.036155104637145996,0.041460245847702026,0.04020300507545471,0.0030930754728615284,3.4546868801116943,0.19591496884822845
rssm_mean,0,29,2,0.0023122678976505995,0.008826136589050293,0.05698208510875702,0.015755653381347656,0.20656350255012512,0.7105466723442078,0.08606439083814621
rssm_mean,0,30,2,0.003526490181684494,0.044412076473236084,0.043680280447006226,0.036888957023620605,0.4498066008090973,0.6340294480323792,0.07964839786291122
rssm_mean,0,31,2,0.003950055688619614,0.0256655216217041,0.0019273459911346436,0.2947778105735779,0.08545168489217758,0.4677685797214508,0.145549014210701
rssm_mean,0,0,3,0.011253503151237965,0.0687551200389862,0.06459289789199829,0.29360127449035645,0.033167723566293716,1.4843032360076904,0.15798451006412506
rssm_mean,0,1,3,0.0015839575789868832,0.025042474269866943,0.026697397232055664,0.10468196868896484,0.04996749758720398,0.9361171722412109,0.11187215149402618
rssm_mean,0,2,3,0.006002378184348345,0.013037443161010742,0.07208701968193054,0.2472476363182068,0.04189174249768257,4.08928108215332,0.173763707280159
rssm_mean,0,3,3,0.0018768535228446126,0.004855334758758545,0.042408257722854614,0.129602313041687,0.026659272611141205,0.3677676320075989,0.1458013504743576
rssm_mean,0,4,3,0.007182430475950241,0.021506085991859436,0.06226068735122681,0.3295137882232666,0.03146631643176079,5.95259428024292,0.21137240529060364
rssm_mean,0,5,3,0.01494597177952528,0.06250342726707458,0.053313255310058594,0.4844266176223755,0.0002194728294853121,1.449875831604004,0.17405545711517334
rssm_mean,0,6,3,0.0009268801077269018,0.00017827749252319336,0.036288268864154816,0.027294158935546875,0.2067941427230835,4.948220252990723,0.22358784079551697
rssm_mean,0,7,3,0.010081418789923191,0.020626962184906006,0.010410100221633911,0.507213830947876,0.0093270568177104,2.4433412551879883,0.17566584050655365
rssm_mean,0,8,3,0.009427499957382679,0.00019985437393188477,0.0004844963550567627,0.5042445659637451,0.9371170997619629,3.078216075897217,0.24194805324077606
rssm_mean,0,9,3,0.009917554445564747,0.07366162538528442,0.06211918592453003,0.18755972385406494,0.005888327490538359,1.6025174856185913,0.14634379744529724
rssm_mean,0,10,3,0.00042121740989387035,0.00702136754989624,0.02115154266357422,0.04069256782531738,0.14878563582897186,1.0032566785812378,0.21215534210205078
rssm_mean,0,11,3,0.00728582963347435,0.00873422622680664,0.04521062970161438,0.39571839570999146,0.3740999698638916,0.7806155681610107,0.10962259769439697
rssm_mean,0,12,3,0.001626793178729713,0.03257685899734497,0.006540477275848389,0.10748291015625,6.77363459544722e-07,3.8295862674713135,0.17925028502941132
rssm_mean,0,13,3,0.0029569126199930906,0.00573122501373291,0.0007952749729156494,0.2806472182273865,0.01346135139465332,0.32761961221694946,0.1209690272808075
rssm_mean,0,14,3,0.0020010697189718485,0.029402077198028564,0.010054588317871094,0.1625429391860962,0.005591119639575481,0.8531732559204102,0.1326492726802826
rssm_mean,0,15,3,0.0011853737523779273,0.016661927103996277,0.032209038734436035,0.06792831420898438,0.03852256387472153,0.8573546409606934,0.2120911180973053
rssm_mean,0,16,3,0.0014345342060551047,0.021021485328674316,0.02034592628479004,0.13392257690429688,0.01001171488314867,1.1652766466140747,0.11441852897405624
rssm_mean,0,17,3,0.0043647740967571735,0.04406967759132385,0.05064135789871216,0.11303877830505371,0.08094669878482819,2.8126308917999268,0.141946941614151
rssm_mean,0,18,3,0.0038975903298705816,0.0321977436542511,0.06287640333175659,0.03876972198486328,0.07643101364374161,0.24844583868980408,0.14946576952934265
rssm_mean,0,19,3,0.007440488785505295,0.025223910808563232,0.04643905162811279,0.37689703702926636,0.0020760504994541407,0.8241224884986877,0.13474591076374054
rssm_mean,0,20,3,0.0049068438820540905,0.0014522075653076172,0.08269207179546356,0.07962942123413086,0.025608664378523827,1.3819777965545654,0.13153748214244843
rssm_mean,0,21,3,0.008696647360920906,0.08425742387771606,0.008237659931182861,0.14948874711990356,5.5124579375842586e-05,0.4359551668167114,0.0936623141169548
rssm_mean,0,22,3,0.005389139521867037,0.04285687208175659,0.06691652536392212,0.09110903739929199,0.0013441534247249365,1.8376814126968384,0.1481103003025055
rssm_mean,0,23,3,0.0003089436504524201,0.003885030746459961,0.015026986598968506,0.06103372573852539,0.023445673286914825,1.4872958660125732,0.1403329223394394
rssm_mean,0,24,3,0.010220584459602833,0.07817602157592773,0.07072529196739197,0.04389476776123047,1.196163452732435e-07,0.7202712893486023,0.13555772602558136
rssm_mean,0,25,3,0.0012811190681532025,0.009378582239151001,0.013422369956970215,0.16917777061462402,0.014835401438176632,0.7557470202445984,0.11593315005302429
rssm_mean,0,26,3,0.0004167796578258276,0.009740229696035385,0.011649131774902344,0.07695746421813965,0.029097260907292366,0.7934711575508118,0.13471956551074982
rssm_mean,0,27,3,0.0019716767128556967,0.04106160253286362,0.012816250324249268,0.0071218013763427734,0.03393976017832756,1.7869704961776733,0.1329149752855301
rssm_mean,0,28,3,0.004224272910505533,0.04825848340988159,0.04920276999473572,0.011890500783920288,0.057615913450717926,1.7165615558624268,0.18233200907707214
rssm_mean,0,29,3,0.0031597770284861326,0.0006679296493530273,0.06367814540863037,0.10260379314422607,0.10792277008295059,1.544193983078003,0.16708676517009735
rssm_mean,0,30,3,0.0018431100761517882,0.032179832458496094,0.028776317834854126,0.060725510120391846,0.4303217828273773,0.4921806752681732,0.15605531632900238
rssm_mean,0,31,3,0.0038047966081649065,0.022810816764831543,0.010181635618209839,0.2919718027114868,0.04044326767325401,0.23020565509796143,0.10997971147298813
rssm_mean,0,0,4,0.01432115864008665,0.09258037805557251,0.037136197090148926,0.3258213996887207,0.14057672023773193,5.86643123626709,0.20641100406646729
rssm_mean,0,1,4,0.0024828638415783644,0.02353435754776001,0.04691672325134277,0.09983205795288086,0.09836414456367493,1.2442800998687744,0.10835869610309601
rssm_mean,0,2,4,0.008162236772477627,0.005903184413909912,0.08304151892662048,0.30348342657089233,0.11650782823562622,3.653958797454834,0.28581127524375916
rssm_mean,0,3,4,0.0013593154726549983,0.003285527229309082,0.027969539165496826,0.14809882640838623,0.021585825830698013,0.3673134446144104,0.13187921047210693
rssm_mean,0,4,4,0.00861421599984169,0.03503003716468811,0.02483224868774414,0.4295487403869629,0.19199582934379578,7.325462341308594,0.3095240294933319
rssm_mean,0,5,4,0.012167747132480145,0.02673613838851452,0.052703857421875,0.5057425498962402,0.02665654756128788,1.145280122756958,0.13078992068767548
rssm_mean,0,6,4,0.0009454670362174511,0.01959836483001709,0.025790035724639893,0.04285478591918945,0.021566495299339294,1.2260370254516602,0.17536936700344086
rssm_mean,0,7,4,0.009696831926703453,0.018430769443511963,0.008644595742225647,0.5000617504119873,0.07675935328006744,1.630597472190857,0.17804814875125885
rssm_mean,0,8,4,0.010080297477543354,0.03167611360549927,0.023136436939239502,0.4818713665008545,1.0586708784103394,5.6514668464660645,0.20189963281154633
rssm_mean,0,9,4,0.017830615863204002,0.10371005535125732,0.06680089235305786,0.28126299381256104,0.026644714176654816,0.958328127861023,0.11798729002475739
rssm_mean,0,10,4,0.00019700081611517817,0.006935417652130127,0.01215413212776184,0.03410696983337402,0.1532091498374939,5.483321666717529,0.22421538829803467
rssm_mean,0,11,4,0.006615756079554558,0.00942760705947876,0.01754167675971985,0.412461519241333,0.38705453276634216,1.939998745918274,0.1329299956560135
rssm_mean,0,12,4,0.00123614224139601,0.007218301296234131,0.032988935708999634,0.10838985443115234,0.11621114611625671,1.2278021574020386,0.1833299696445465
rssm_mean,0,13,4,0.0024364651180803776,0.005180656909942627,0.021994292736053467,0.2366572618484497,0.06329885125160217,0.3143429756164551,0.12465949356555939
rssm_mean,0,14,4,0.0016174345510080457,0.016206085681915283,0.012176066637039185,0.18190312385559082,0.013708222657442093,7.397448539733887,0.19165857136249542
rssm_mean,0,15,4,0.0007774765253998339,0.00037763267755508423,0.033714473247528076,0.005519390106201172,0.0021832510828971863,4.47424840927124,0.23945143818855286
rssm_mean,0,16,4,0.0004159293312113732,0.00837773084640503,0.005796849727630615,0.09226846694946289,0.03327488899230957,1.414668083190918,0.1180570051074028
rssm_mean,0,17,4,0.01364831905812025,0.09511539340019226,0.06170296669006348,0.17074227333068848,0.3720630705356598,1.5909150838851929,0.14705759286880493
rssm_mean,0,18,4,0.0013324618339538574,0.010638147592544556,0.029748499393463135,0.12757658958435059,0.0005854997434653342,1.0885496139526367,0.12678119540214539
rssm_mean,0,19,4,0.00686793914064765,0.01581507921218872,0.021810919046401978,0.41114547848701477,0.0018700335640460253,1.7137672901153564,0.17936928570270538
rssm_mean,0,20,4,0.0032892029266804457,0.012475013732910156,0.061237528920173645,0.12256419658660889,0.017033739015460014,0.7412627935409546,0.16073456406593323
rssm_mean,0,21,4,0.010291297920048237,0.09324806928634644,0.0124284029006958,0.12782138586044312,0.003641165792942047,1.5294554233551025,0.1163979172706604
rssm_mean,0,22,4,0.005299085285514593,0.05274772644042969,0.04673033952713013,0.14150691032409668,0.012848311103880405,0.7416695356369019,0.12546969950199127
rssm_mean,0,23,4,0.000992261921055615,0.010406345129013062,0.029637455940246582,0.08582949638366699,0.03659474477171898,0.5369603633880615,0.1703290194272995
rssm_mean,0,24,4,0.013091965578496456,0.09780782461166382,0.05636081099510193,0.10162955522537231,0.004201191011816263,0.6985567212104797,0.12523144483566284
rssm_mean,0,25,4,0.001738431048579514,0.005939639173448086,0.012294173240661621,0.20749688148498535,0.007999319583177567,0.8278516530990601,0.09280797094106674
rssm_mean,0,26,4,0.001074141007848084,0.00832340121269226,0.021747350692749023,0.13491249084472656,0.04265822470188141,0.5647259950637817,0.11444459110498428
rssm_mean,0,27,4,0.0007466443930752575,0.014145761728286743,0.014666616916656494,0.10114216804504395,0.009047896601259708,4.258768558502197,0.19692173600196838
rssm_mean,0,28,4,0.0028301768470555544,0.040346622467041016,0.038395822048187256,0.028429388999938965,0.016719136387109756,2.6064023971557617,0.1346939504146576
rssm_mean,0,29,4,0.0029683851171284914,0.0016889572143554688,0.05637859180569649,0.14640486240386963,0.009472589939832687,0.38974589109420776,0.14823678135871887
rssm_mean,0,30,4,0.0026163740549236536,0.040159404277801514,0.03451889753341675,0.026381850242614746,0.3057541251182556,2.743396759033203,0.2093663215637207
rssm_mean,0,31,4,0.003547804430127144,0.01930403709411621,0.01470533013343811,0.2839566469192505,0.0690060704946518,1.0144208669662476,0.10683459788560867
rssm_mean,0,0,5,0.020047275349497795,0.12376652657985687,0.0030205845832824707,0.2921271324157715,0.46229925751686096,3.2887911796569824,0.22460432350635529
rssm_mean,0,1,5,0.004068845883011818,0.03146493434906006,0.06538215279579163,0.03986501693725586,0.2775445282459259,1.1879243850708008,0.10001400113105774
rssm_mean,0,2,5,0.007551264017820358,0.007145047187805176,0.05652154982089996,0.37856200337409973,0.17730726301670074,2.2387661933898926,0.25262799859046936
rssm_mean,0,3,5,0.002239130437374115,0.006769001483917236,0.03278234601020813,0.19808292388916016,0.01037003006786108,1.8186800479888916,0.1465320736169815
rssm_mean,0,4,5,0.007922500371932983,0.01821187138557434,0.020965397357940674,0.44240903854370117,0.7749466300010681,15.999555587768555,0.33871573209762573
rssm_mean,0,5,5,0.01233737263828516,0.010860934853553772,0.043897271156311035,0.5419914722442627,0.05739431083202362,0.7987648248672485,0.15236647427082062
rssm_mean,0,6,5,0.0013173907063901424,0.0005143284797668457,0.04131898283958435,0.0638742446899414,0.15663546323776245,0.35756993293762207,0.09519772231578827
rssm_mean,0,7,5,0.008661113679409027,0.01872009038925171,0.023074835538864136,0.46192866563796997,0.2842923402786255,2.1389591693878174,0.23225495219230652
rssm_mean,0,8,5,0.014155537821352482,0.033416152000427246,0.02554444968700409,0.5801622867584229,1.0713727474212646,3.8421287536621094,0.335543692111969
rssm_mean,0,9,5,0.0234006866812706,0.1228838562965393,0.06085127592086792,0.337968111038208,0.054091714322566986,1.3798089027404785,0.11452704668045044
rssm_mean,0,10,5,0.004498632159084082,0.013174295425415039,0.077169269323349,0.08060204982757568,0.10788892954587936,3.070368766784668,0.2445373237133026
rssm_mean,0,11,5,0.009215940721333027,0.010165154933929443,0.03451104462146759,0.4728173017501831,0.513214111328125,0.33307522535324097,0.16502711176872253
rssm_mean,0,12,5,0.0018200721824541688,0.004633665084838867,0.045077890157699585,0.10500621795654297,0.07306461781263351,0.6745569705963135,0.16752348840236664
rssm_mean,0,13,5,0.004313653334975243,0.009295225143432617,0.019736438989639282,0.3264988660812378,0.14960229396820068,0.15065602958202362,0.14231276512145996
rssm_mean,0,14,5,0.004062209744006395,0.022976458072662354,0.051597416400909424,0.21175765991210938,0.06037405505776405,0.9497789740562439,0.26478591561317444
rssm_mean,0,15,5,0.0001377389853587374,0.006560921669006348,0.011022090911865234,0.014083385467529297,0.01329336129128933,6.40322732925415,0.3007071018218994
rssm_mean,0,16,5,0.0007477354374714196,0.008178889751434326,0.01879715919494629,0.10803604125976562,0.05532393977046013,0.6988319158554077,0.15599560737609863
rssm_mean,0,17,5,0.018395880237221718,0.1120140552520752,0.07619154453277588,0.12803196907043457,0.2966395616531372,2.450104236602783,0.21519207954406738
rssm_mean,0,18,5,0.0018659470370039344,0.007175087928771973,0.03891134262084961,0.14460515975952148,0.0019863122142851353,0.2980174124240875,0.14503838121891022
rssm_mean,0,19,5,0.009174087084829807,0.02558112144470215,0.019054263830184937,0.4704263508319855,0.007034725975245237,1.6811535358428955,0.2091529220342636
rssm_mean,0,20,5,0.004629957024008036,0.026916444301605225,0.06362012028694153,0.16970610618591309,0.004217076580971479,1.4648162126541138,0.16820113360881805
rssm_mean,0,21,5,0.009672991931438446,0.09024238586425781,0.010421156883239746,0.1299818754196167,0.012827334925532341,1.9658992290496826,0.1783258020877838
rssm_mean,0,22,5,0.005253876093775034,0.05632529407739639,0.029164433479309082,0.1782214641571045,0.06563432514667511,1.2601795196533203,0.10623886436223984
rssm_mean,0,23,5,0.00337209808640182,0.025661438703536987,0.05196487903594971,0.14712882041931152,0.010171032510697842,1.4526811838150024,0.1465572863817215
rssm_mean,0,24,5,0.016161581501364708,0.11391210556030273,0.04110431671142578,0.1385183334350586,0.010018610395491123,0.6451581716537476,0.13990606367588043
rssm_mean,0,25,5,0.002821432426571846,0.023768529295921326,0.007166087627410889,0.24158477783203125,0.045804668217897415,0.5699345469474792,0.11488180607557297
rssm_mean,0,26,5,0.001961681293323636,0.011772632598876953,0.029101848602294922,0.18218612670898438,0.07813971489667892,0.9016340970993042,0.08921226114034653
rssm_mean,0,27,5,0.001822057762183249,0.024863719940185547,0.035495638847351074,0.0869903564453125,0.02302389219403267,6.486135482788086,0.26624637842178345
rssm_mean,0,28,5,0.005021097604185343,0.04238605499267578,0.06447124481201172,0.07405537366867065,0.018593834713101387,0.3646199107170105,0.15095458924770355
rssm_mean,0,29,5,0.003484288929030299,0.0035007596015930176,0.05153810977935791,0.21140027046203613,0.4450465142726898,0.5519310235977173,0.12859539687633514
rssm_mean,0,30,5,0.0012798792449757457,0.025184154510498047,0.02440771460533142,0.06856169551610947,0.2804197371006012,3.168679714202881,0.17800341546535492
rssm_mean,0,31,5,0.002964516170322895,0.01832759380340576,0.004315793514251709,0.26387715339660645,0.038971878588199615,0.2700241208076477,0.1042223572731018
rssm_mean,0,0,6,0.0258286502212286,0.13789474964141846,0.04921799898147583,0.2949032783508301,0.6121387481689453,1.8318591117858887,0.15939661860466003
rssm_mean,0,1,6,0.003943594638258219,0.03789407014846802,0.057860881090164185,0.04508209228515625,0.019770026206970215,0.3686167299747467,0.09448239207267761
rssm_mean,0,2,6,0.00897260196506977,7.063150405883789e-05,0.05489469692111015,0.4318554699420929,0.1395990550518036,5.49428129196167,0.24817076325416565
rssm_mean,0,3,6,0.0025433015543967485,0.009824395179748535,0.02759062498807907,0.22739136219024658,0.01977914571762085,0.6866447329521179,0.17234458029270172
rssm_mean,0,4,6,0.009675280191004276,0.02676922082901001,0.027288198471069336,0.47533416748046875,0.643046498298645,42.10066223144531,0.4724073112010956
rssm_mean,0,5,6,0.013734075240790844,0.028798311948776245,0.022760629653930664,0.579857587814331,0.16485895216464996,0.6936711072921753,0.14094381034374237
rssm_mean,0,6,6,0.001046747900545597,0.01860201358795166,0.017797201871871948,0.11007070541381836,0.23091986775398254,2.344238758087158,0.18625470995903015
rssm_mean,0,7,6,0.008931335993111134,0.017792224884033203,0.037503644824028015,0.4534033536911011,0.03647297993302345,0.9285268783569336,0.22865299880504608
rssm_mean,0,8,6,0.01223746407777071,0.033259034156799316,0.022088203579187393,0.5368421077728271,0.09184163808822632,2.542081832885742,0.3047407567501068
rssm_mean,0,9,6,0.026844844222068787,0.13628524541854858,0.044598281383514404,0.36806392669677734,0.10490725934505463,1.6675114631652832,0.22543291747570038
rssm_mean,0,10,6,0.00385119765996933,0.018706440925598145,0.06962218135595322,0.06478965282440186,9.135008440352976e-05,4.479421138763428,0.2331058382987976
rssm_mean,0,11,6,0.007359154522418976,0.011374413967132568,0.004960186779499054,0.4406646490097046,0.18048252165317535,5.321752548217773,0.25725093483924866
rssm_mean,0,12,6,0.0016946252435445786,0.019351065158843994,0.028506912291049957,0.14004039764404297,0.00018235878087580204,1.5612767934799194,0.14257526397705078
rssm_mean,0,13,6,0.004038260784000158,0.0004017949104309082,0.028011947870254517,0.30734193325042725,0.2520182132720947,0.8774650692939758,0.15195538103580475
rssm_mean,0,14,6,0.0025458326563239098,0.016763150691986084,0.03276155889034271,0.20135879516601562,0.01096330676227808,1.3473880290985107,0.24329127371311188
rssm_mean,0,15,6,0.0006630508578382432,0.022880882024765015,0.00576549768447876,0.0413975715637207,0.17738878726959229,5.034132480621338,0.2517446279525757
rssm_mean,0,16,6,0.0014785807579755783,0.018413960933685303,0.038596540689468384,0.04864645004272461,0.31217509508132935,0.6943588256835938,0.10441948473453522
rssm_mean,0,17,6,0.027923867106437683,0.15800532698631287,0.0054787397384643555,0.10349369049072266,0.47685614228248596,1.4190908670425415,0.2053791880607605
rssm_mean,0,18,6,0.0011236347490921617,0.0018891692161560059,0.013267934322357178,0.1641864776611328,0.2178076207637787,1.0311782360076904,0.13690556585788727
rssm_mean,0,19,6,0.009424707852303982,0.02702033519744873,0.0039498209953308105,0.4818819463253021,0.09902656823396683,3.5391194820404053,0.19387657940387726
rssm_mean,0,20,6,0.004567004274576902,0.04335814714431763,0.040873587131500244,0.19116473197937012,0.0013190796598792076,0.498429536819458,0.12335880845785141
rssm_mean,0,21,6,0.008829120546579361,0.0872337818145752,0.0065457820892333984,0.10589194297790527,0.016300249844789505,1.5218286514282227,0.17982004582881927
rssm_mean,0,22,6,0.007121711503714323,0.07387490570545197,0.0069786906242370605,0.17032194137573242,0.1789817363023758,1.8905833959579468,0.10834804177284241
rssm_mean,0,23,6,0.0038889183197170496,0.05422970652580261,0.009608089923858643,0.12569093704223633,0.0010166018037125468,1.4427436590194702,0.16539132595062256
rssm_mean,0,24,6,0.019280603155493736,0.11879998445510864,0.0614432692527771,0.17634093761444092,0.051111653447151184,0.8967101573944092,0.1925998330116272
rssm_mean,0,25,6,0.0038808125536888838,0.02231535315513611,0.002577066421508789,0.29958152770996094,0.08440586179494858,0.6513755321502686,0.10562090575695038
rssm_mean,0,26,6,0.0024405803997069597,0.017068684101104736,0.030447781085968018,0.20023250579833984,0.10756277292966843,0.623626708984375,0.07857303321361542
rssm_mean,0,27,6,0.0014032357139512897,0.018709123134613037,0.03485429286956787,0.0712122917175293,0.0024245416279882193,2.9622528553009033,0.23044945299625397
rssm_mean,0,28,6,0.0026981986593455076,0.029251694679260254,0.044137269258499146,0.10708555579185486,0.001609509577974677,2.0501766204833984,0.14096610248088837
rssm_mean,0,29,6,0.00439048558473587,0.010062217712402344,0.039125941693782806,0.29531753063201904,0.09022398293018341,1.0242798328399658,0.14159882068634033
rssm_mean,0,30,6,0.0006802424904890358,0.017994284629821777,0.012798964977264404,0.07555133104324341,0.22593078017234802,11.588130950927734,0.24612848460674286
rssm_mean,0,31,6,0.0025931750424206257,0.0029877424240112305,0.023630350828170776,0.243702232837677,0.08696485310792923,0.3049201965332031,0.1573898047208786
rssm_mean,0,0,7,0.02771518938243389,0.1299394965171814,0.10217326879501343,0.23132562637329102,0.9171806573867798,1.353917121887207,0.16090063750743866
rssm_mean,0,1,7,0.001477435347624123,0.01748943328857422,0.0384148508310318,0.0598301887512207,0.24773065745830536,0.6335926055908203,0.1382451057434082
rssm_mean,0,2,7,0.009013413451611996,0.008673667907714844,0.029559709131717682,0.4741007089614868,0.17693479359149933,7.359661102294922,0.25647202134132385
rssm_mean,0,3,7,0.003214847529307008,0.00668865442276001,0.02129281498491764,0.2775386571884155,0.20319995284080505,3.986250162124634,0.1815575808286667
rssm_mean,0,4,7,0.011915288865566254,0.019102156162261963,0.04192057251930237,0.5274062156677246,0.3331553637981415,58.70885467529297,0.5658372640609741
rssm_mean,0,5,7,0.014550179243087769,0.037895262241363525,0.010228991508483887,0.5897722244262695,0.42687541246414185,2.3135499954223633,0.1797776073217392
rssm_mean,0,6,7,0.0016877278685569763,0.019229888916015625,0.03143003582954407,0.12781786918640137,0.14748112857341766,0.9407051801681519,0.21395982801914215
rssm_mean,0,7,7,0.008580137975513935,0.02180325984954834,0.05060967803001404,0.4124491810798645,0.011670343577861786,0.7523760795593262,0.197834774851799
rssm_mean,0,8,7,0.01243023481220007,0.020387351512908936,0.0245719812810421,0.5583755970001221,0.0018281639786437154,0.573891282081604,0.27082428336143494
rssm_mean,0,9,7,0.026609158143401146,0.13616183400154114,0.010543346405029297,0.40583086013793945,0.2574611008167267,1.3429368734359741,0.24278615415096283
rssm_mean,0,10,7,0.004141693469136953,0.015209794044494629,0.07436703145503998,0.05453181266784668,0.14841102063655853,0.9827853441238403,0.2187812477350235
rssm_mean,0,11,7,0.0064252521842718124,0.012598872184753418,0.0008239857852458954,0.4105672836303711,0.014482257887721062,5.889596939086914,0.28893163800239563
rssm_mean,0,12,7,0.0019644282292574644,0.001897573471069336,0.01975274085998535,0.21375083923339844,0.11723748594522476,0.933542788028717,0.23863674700260162
rssm_mean,0,13,7,0.004236492328345776,0.007427990436553955,0.003552362322807312,0.335246205329895,0.3066464960575104,0.2637307047843933,0.15818184614181519
rssm_mean,0,14,7,0.005260813515633345,0.015050172805786133,0.023611538112163544,0.35339808464050293,0.014435241930186749,0.19357645511627197,0.22036008536815643
rssm_mean,0,15,7,0.0011774100130423903,0.01831221580505371,0.026043295860290527,0.09643316268920898,0.08744699507951736,10.713415145874023,0.3120039403438568
rssm_mean,0,16,7,0.0024257602635771036,0.027980685234069824,0.046982720494270325,0.038804054260253906,0.4117908477783203,0.42750459909439087,0.1038084626197815
rssm_mean,0,17,7,0.01872771419584751,0.1285884976387024,0.026324033737182617,0.0315399169921875,0.09871170669794083,1.8398280143737793,0.19460955262184143
rssm_mean,0,18,7,0.0013903822982683778,0.008605480194091797,0.043478310108184814,0.02198934555053711,0.33812567591667175,0.34691476821899414,0.13505493104457855
rssm_mean,0,19,7,0.009222167544066906,0.026386678218841553,0.003911137580871582,0.47724074125289917,0.19169090688228607,1.3235597610473633,0.20569927990436554
rssm_mean,0,20,7,0.006511298939585686,0.0622633695602417,0.03514823317527771,0.19407141208648682,0.0008301669149659574,0.9506169557571411,0.14616605639457703
rssm_mean,0,21,7,0.008302762173116207,0.08479124307632446,0.017692089080810547,0.06728148460388184,0.02558942325413227,1.2542545795440674,0.19827215373516083
rssm_mean,0,22,7,0.009526862762868404,0.08564555644989014,0.026765644550323486,0.16057920455932617,0.23781360685825348,1.2377394437789917,0.09414103627204895
rssm_mean,0,23,7,0.0018364419229328632,0.006596952676773071,0.00524371862411499,0.2184739112854004,0.06969798356294632,9.217388153076172,0.2262948751449585
rssm_mean,0,24,7,0.015576786361634731,0.11574006080627441,0.012847602367401123,0.13790583610534668,0.024758348241448402,2.4087812900543213,0.22530536353588104
rssm_mean,0,25,7,0.004947009962052107,0.022927284240722656,0.012492239475250244,0.33901453018188477,0.1462399959564209,0.7029246091842651,0.12372849881649017
rssm_mean,0,26,7,0.0017340505728498101,0.011137664318084717,0.02021285891532898,0.1885685920715332,0.022139139473438263,0.4373871982097626,0.08488711714744568
rssm_mean,0,27,7,0.002906861947849393,0.0021314620971679688,0.04139900207519531,0.21610260009765625,0.10076393932104111,5.875792026519775,0.22408778965473175
rssm_mean,0,28,7,0.004777118563652039,0.035818636417388916,0.05882200598716736,0.16429808735847473,0.009306161664426327,4.64384651184082,0.24270150065422058
rssm_mean,0,29,7,0.0043704453855752945,6.61611557006836e-05,0.025887399911880493,0.3248569965362549,0.013176516629755497,0.7284423112869263,0.1493266373872757
rssm_mean,0,30,7,0.00045055142254568636,0.013660430908203125,0.01620897650718689,0.04204517602920532,0.12280085682868958,7.512243270874023,0.3598179817199707
rssm_mean,0,31,7,0.002505196025595069,0.01074892282485962,0.008608907461166382,0.25053760409355164,0.08258163183927536,1.0079814195632935,0.1831599622964859
rssm_mean,0,0,8,0.031923022121191025,0.114871084690094,0.1576482653617859,0.105621337890625,1.7321019172668457,1.2349979877471924,0.20624731481075287
rssm_mean,0,1,8,0.0009389938786625862,0.0030705928802490234,0.036040693521499634,0.03350019454956055,0.009992638602852821,0.3926229476928711,0.12882880866527557
rssm_mean,0,2,8,0.009794746525585651,0.007984757423400879,0.034102365374565125,0.49077439308166504,0.22481884062290192,6.533364772796631,0.29794934391975403
rssm_mean,0,3,8,0.0035589076578617096,0.010514318943023682,0.0171857587993145,0.29540181159973145,0.08414755016565323,1.4915893077850342,0.21847012639045715
rssm_mean,0,4,8,0.010981821455061436,0.02543163299560547,0.10707375407218933,0.2565498352050781,0.5554739236831665,103.46533203125,0.7585171461105347
rssm_mean,0,5,8,0.017346201464533806,0.03741002082824707,0.04885518550872803,0.6183009147644043,0.6696621179580688,2.682098388671875,0.1799515187740326
rssm_mean,0,6,8,0.0009823982836678624,0.015908777713775635,0.006827414035797119,0.13459932804107666,0.05847315490245819,0.43536266684532166,0.17018833756446838
rssm_mean,0,7,8,0.00937244575470686,0.02851194143295288,0.06962960958480835,0.3732738494873047,0.13986285030841827,3.761768102645874,0.20690858364105225
rssm_mean,0,8,8,0.01261661946773529,0.0029270052909851074,0.07360249757766724,0.4901564121246338,0.0063903783448040485,3.7413434982299805,0.26861536502838135
rssm_mean,0,9,8,0.024876965209841728,0.13362173736095428,0.0283585786819458,0.3543713092803955,0.24990250170230865,1.3786919116973877,0.24963907897472382
rssm_mean,0,10,8,0.0017833947204053402,0.003768026828765869,0.042796824127435684,0.1180887222290039,0.0957157239317894,0.811393678188324,0.17555180191993713
rssm_mean,0,11,8,0.004768816288560629,0.014169931411743164,0.04554956033825874,0.29058700799942017,0.13716398179531097,0.776477038860321,0.30089613795280457
rssm_mean,0,12,8,0.0021747658029198647,0.0061650872230529785,0.0033153891563415527,0.23942327499389648,0.12606936693191528,1.5331928730010986,0.19005493819713593
rssm_mean,0,13,8,0.003168703056871891,0.00906825065612793,0.018543362617492676,0.27692270278930664,0.06815668195486069,1.1796839237213135,0.15648998320102692
rssm_mean,0,14,8,0.004847019445151091,0.0026816129684448242,0.009562995284795761,0.3589296340942383,0.052006471902132034,1.4550299644470215,0.21505893766880035
rssm_mean,0,15,8,0.0003379735571797937,0.0002326369285583496,0.002852320671081543,0.09467840194702148,0.0016137593192979693,3.458641290664673,0.2942369878292084
rssm_mean,0,16,8,0.002113902708515525,0.022408127784729004,0.04692644998431206,0.039191246032714844,0.097836934030056,0.37855738401412964,0.10076745599508286
rssm_mean,0,17,8,0.036994729191064835,0.1644253134727478,0.10268175601959229,0.01470804214477539,0.3118911385536194,0.24362832307815552,0.20923356711864471
rssm_mean,0,18,8,0.0015752832405269146,0.011179864406585693,0.04175826907157898,0.08159112930297852,0.00036496296525001526,0.7500389218330383,0.12426882982254028
rssm_mean,0,19,8,0.007645673584192991,0.010789155960083008,0.03373993933200836,0.4263629913330078,0.1976327896118164,7.1552324295043945,0.22870460152626038
rssm_mean,0,20,8,0.008426724933087826,0.07672619819641113,0.024406850337982178,0.20340263843536377,0.00535194855183363,0.4571397006511688,0.12234733253717422
rssm_mean,0,21,8,0.006027648691087961,0.06764638423919678,0.03478008508682251,0.0656745433807373,0.03193908929824829,1.577309012413025,0.1828603893518448
rssm_mean,0,22,8,0.012646574527025223,0.0936727523803711,0.06536340713500977,0.040764808654785156,0.3958290219306946,1.666506052017212,0.10479544848203659
rssm_mean,0,23,8,0.004829369019716978,0.015039980411529541,0.0404052734375,0.30571651458740234,0.031923115253448486,0.8564388751983643,0.18827639520168304
rssm_mean,0,24,8,0.018192557618021965,0.12586122751235962,0.018446922302246094,0.1169511079788208,0.08827843517065048,1.9488856792449951,0.18296687304973602
rssm_mean,0,25,8,0.004632017575204372,0.010029435157775879,0.010768413543701172,0.3461284637451172,0.11501137167215347,2.9706859588623047,0.1404498964548111
rssm_mean,0,26,8,0.0017102435231208801,0.011924684047698975,0.023968592286109924,0.17697620391845703,0.0012356266379356384,0.4969034492969513,0.08774340897798538
rssm_mean,0,27,8,0.003975712228566408,0.030537307262420654,0.03243732452392578,0.24523353576660156,0.03690224513411522,5.13783073425293,0.23706616461277008
rssm_mean,0,28,8,0.0023599222768098116,0.019784510135650635,0.031753212213516235,0.182888001203537,0.00012859881098847836,14.342625617980957,0.32525554299354553
rssm_mean,0,29,8,0.005726018454879522,0.008573710918426514,0.0060189515352249146,0.38933825492858887,0.003656345186755061,0.3753719925880432,0.2057572901248932
rssm_mean,0,30,8,0.00041900211363099515,0.01679205894470215,0.007338166236877441,0.043933212757110596,0.1331520974636078,10.22901439666748,0.39065104722976685
rssm_mean,0,31,8,0.00274710007943213,0.012731671333312988,0.023871779441833496,0.2424449920654297,0.1974073052406311,7.21878719329834,0.2812691330909729
rssm_mean,0,0,9,0.03250696510076523,0.08408582210540771,0.19023361802101135,0.011533260345458984,2.0659565925598145,1.0209927558898926,0.20486608147621155
rssm_mean,0,1,9,0.0017700958997011185,0.031010448932647705,0.03110402822494507,0.03670167922973633,0.0001043617376126349,0.47461891174316406,0.12801730632781982
rssm_mean,0,2,9,0.009654873050749302,0.01155388355255127,0.0051021575927734375,0.5059192776679993,0.1895449310541153,3.476302146911621,0.31045660376548767
rssm_mean,0,3,9,0.0039094132371246815,0.005540192127227783,0.0018161237239837646,0.32321441173553467,0.00040899470332078636,2.712186336517334,0.20675374567508698
rssm_mean,0,4,9,0.013567246496677399,0.006588160991668701,0.09640756249427795,0.4398307800292969,0.47011837363243103,86.6994400024414,0.7921723127365112
rssm_mean,0,5,9,0.016498325392603874,0.0205613374710083,0.07910054922103882,0.5631833076477051,0.696564257144928,1.2717856168746948,0.1805998682975769
rssm_mean,0,6,9,0.000904857472050935,0.01556384563446045,0.0027312636375427246,0.13064968585968018,0.00894811563193798,8.208433151245117,0.2645021080970764
rssm_mean,0,7,9,0.009367500431835651,0.028510630130767822,0.07494835555553436,0.35360944271087646,0.46371909976005554,7.37355899810791,0.2987492084503174
rssm_mean,0,8,9,0.010819279588758945,0.007087230682373047,0.07853305339813232,0.42038583755493164,0.0762576311826706,0.9182387590408325,0.23302218317985535
rssm_mean,0,9,9,0.03695150092244148,0.1553921401500702,0.08590036630630493,0.37839508056640625,0.7153476476669312,1.8676025867462158,0.2583869695663452
rssm_mean,0,10,9,0.002987041836604476,0.00825434923171997,0.0652761310338974,0.007879257202148438,0.014587806537747383,0.7414106130599976,0.17314966022968292
rssm_mean,0,11,9,0.004163122270256281,0.013172626495361328,0.027285980060696602,0.3056381344795227,0.12359216809272766,0.8282675743103027,0.2717086970806122
rssm_mean,0,12,9,0.004326829686760902,0.03398102521896362,0.00842207670211792,0.2847442626953125,0.01320028305053711,0.9099593162536621,0.15807725489139557
rssm_mean,0,13,9,0.003227382665500045,0.009533286094665527,0.015095800161361694,0.28310370445251465,0.04447732865810394,0.4096119999885559,0.1764092743396759
rssm_mean,0,14,9,0.00582275353372097,0.006565570831298828,0.017954736948013306,0.38707447052001953,0.000978828757070005,2.6451711654663086,0.214763805270195
rssm_mean,0,15,9,0.0017425864934921265,0.018785417079925537,0.04438519477844238,0.015147686004638672,0.1167527511715889,2.19358229637146,0.2453465312719345
rssm_mean,0,16,9,0.001730697345919907,0.015070021152496338,0.04654264450073242,0.005795478820800781,0.000560278189368546,0.5542111992835999,0.11307814717292786
rssm_mean,0,17,9,0.027883531525731087,0.12056398391723633,0.1280076503753662,0.13535356521606445,1.134909749031067,1.540940284729004,0.1780305951833725
rssm_mean,0,18,9,0.0013214588398113847,0.010699689388275146,0.027854792773723602,0.1339740753173828,0.0009789480827748775,0.2974180579185486,0.08704908937215805
rssm_mean,0,19,9,0.006465287879109383,0.013121426105499268,0.024277448654174805,0.3979990482330322,0.15305987000465393,0.31047460436820984,0.2603756785392761
rssm_mean,0,20,9,0.011643268167972565,0.0941130518913269,0.020120561122894287,0.20826685428619385,0.016031188890337944,0.6452286243438721,0.13282576203346252
rssm_mean,0,21,9,0.004230158869177103,0.03685206174850464,0.06121939420700073,0.06862902641296387,0.043120283633470535,2.0726122856140137,0.1863706260919571
rssm_mean,0,22,9,0.01534239575266838,0.07654827833175659,0.11402159929275513,0.015215873718261719,0.7209774851799011,2.531517505645752,0.12352839857339859
rssm_mean,0,23,9,0.005907528102397919,0.0005565285682678223,0.013090848922729492,0.39517831802368164,0.086543507874012,1.3286043405532837,0.17224642634391785
rssm_mean,0,24,9,0.016521578654646873,0.12018215656280518,0.006590008735656738,0.12489438056945801,0.06000812351703644,3.2426180839538574,0.21278364956378937
rssm_mean,0,25,9,0.004989498760551214,0.010111451148986816,0.027513936161994934,0.34291505813598633,0.05449753627181053,3.2982449531555176,0.17125913500785828
rssm_mean,0,26,9,0.003207322908565402,0.03046560287475586,0.03878755122423172,0.17667818069458008,0.14836546778678894,0.3343374729156494,0.09044642001390457
rssm_mean,0,27,9,0.00042908164323307574,0.009197056293487549,0.012827306985855103,0.07764530181884766,0.3247474730014801,0.3174092173576355,0.18334493041038513
rssm_mean,0,28,9,0.00621262239292264,0.026094794273376465,0.04202577471733093,0.3388173580169678,0.04061529412865639,1.032357096672058,0.3756732642650604
rssm_mean,0,29,9,0.006319825071841478,0.0030215978622436523,0.0043946802616119385,0.4120974540710449,0.014832323417067528,0.3846575617790222,0.19618871808052063
rssm_mean,0,30,9,0.0001559512020321563,0.0016398429870605469,0.010604679584503174,0.04533231258392334,0.1480005532503128,34.03458023071289,0.5631369948387146
rssm_mean,0,31,9,0.0018072495004162192,0.014531195163726807,0.009516626596450806,0.20199140906333923,0.19461558759212494,3.559516429901123,0.3572922348976135
rssm_mean,0,0,10,0.02620006538927555,0.03216356039047241,0.19037428498268127,0.09167861938476562,0.03638015314936638,1.706528663635254,0.14983047544956207
rssm_mean,0,1,10,0.002180366311222315,0.03781002759933472,0.027931571006774902,0.04423093795776367,0.0335913822054863,0.6952425241470337,0.13750296831130981
rssm_mean,0,2,10,0.009395618923008442,0.009352445602416992,0.013814505189657211,0.49728691577911377,0.09922413527965546,6.75453519821167,0.32549363374710083
rssm_mean,0,3,10,0.004864591173827648,0.002610504627227783,0.0013206154108047485,0.3618946671485901,0.07711222767829895,1.2603764533996582,0.18418459594249725
rssm_mean,0,4,10,0.019389217719435692,0.01555335521697998,0.13978251814842224,0.394834041595459,0.1255207359790802,58.547279357910156,0.6181396245956421
rssm_mean,0,5,10,0.0168681088835001,0.01592952013015747,0.10997931659221649,0.47396183013916016,0.8828374147415161,0.6662580370903015,0.14846351742744446
rssm_mean,0,6,10,0.0007105008698999882,0.015447020530700684,0.001231849193572998,0.10974729061126709,2.95495397040213e-06,6.907337188720703,0.3284122049808502
rssm_mean,0,7,10,0.008884180337190628,0.02993941307067871,0.0806000828742981,0.3055017590522766,0.7807510495185852,13.349072456359863,0.298427939414978
rssm_mean,0,8,10,0.011718797497451305,0.03488647937774658,0.09542408585548401,0.33495593070983887,0.08944849669933319,2.756605386734009,0.260942280292511
rssm_mean,0,9,10,0.033551570028066635,0.1537572741508484,0.035362958908081055,0.4235219955444336,0.9373719096183777,2.6547746658325195,0.2915089726448059
rssm_mean,0,10,10,0.00278857653029263,0.028926849365234375,0.04418911039829254,0.1199256181716919,0.11662700027227402,1.9674817323684692,0.19514770805835724
rssm_mean,0,11,10,0.006638398393988609,0.015858590602874756,0.05938098579645157,0.32653987407684326,0.0817088857293129,1.4837710857391357,0.23379303514957428
rssm_mean,0,12,10,0.010084413923323154,0.079612135887146,0.034248411655426025,0.2490847110748291,0.0004073954769410193,1.4822869300842285,0.14109806716442108
rssm_mean,0,13,10,0.0018060660222545266,0.016367316246032715,0.019383709877729416,0.18393146991729736,0.3139733672142029,0.38117706775665283,0.1778533160686493
rssm_mean,0,14,10,0.007556295488029718,0.01912379264831543,0.05589163303375244,0.3679654598236084,0.004702909849584103,4.70232629776001,0.28298985958099365
rssm_mean,0,15,10,0.0005422563408501446,0.003126978874206543,0.01797296851873398,0.09157085418701172,0.3107720911502838,4.055272102355957,0.24225550889968872
rssm_mean,0,16,10,0.004149538464844227,0.04520082473754883,0.050849974155426025,0.05985069274902344,0.0400155670940876,0.6910556554794312,0.10993152856826782
rssm_mean,0,17,10,0.020665008574724197,0.07019174098968506,0.14364588260650635,0.1758403778076172,1.4232895374298096,0.5184962749481201,0.1975119411945343
rssm_mean,0,18,10,0.0007488312548957765,0.014584958553314209,0.020199090242385864,0.0797567367553711,0.023620426654815674,2.977072238922119,0.15861362218856812
rssm_mean,0,19,10,0.005752165336161852,0.004017949104309082,0.05484737455844879,0.31505104899406433,0.07799982279539108,1.2037625312805176,0.22416947782039642
rssm_mean,0,20,10,0.014870929531753063,0.10883992910385132,0.017903566360473633,0.2077620029449463,0.035998374223709106,0.8684288263320923,0.14875540137290955
rssm_mean,0,21,10,0.004238712601363659,0.017768189311027527,0.07544106245040894,0.010951519012451172,0.03346695750951767,4.099008083343506,0.22643448412418365
rssm_mean,0,22,10,0.01442087721079588,0.06204324960708618,0.11913089454174042,0.1147775650024414,0.9611431956291199,2.0085248947143555,0.16198168694972992
rssm_mean,0,23,10,0.0019895618315786123,0.01766413450241089,0.02733057737350464,0.1750178337097168,0.0790565088391304,0.35597577691078186,0.13509854674339294
rssm_mean,0,24,10,0.01891942322254181,0.12859487533569336,0.0013566017150878906,0.13727784156799316,0.09593374282121658,3.31710147857666,0.2610316574573517
rssm_mean,0,25,10,0.005572445224970579,0.030499279499053955,0.053496766835451126,0.264467716217041,0.054119717329740524,0.5660368800163269,0.101100392639637
rssm_mean,0,26,10,0.0019507842371240258,0.018020331859588623,0.042264848947525024,0.1003260612487793,0.18323826789855957,0.3954760432243347,0.11989232152700424
rssm_mean,0,27,10,0.005269281566143036,0.017072618007659912,0.004403203725814819,0.36482715606689453,0.29589518904685974,1.3169012069702148,0.14039859175682068
rssm_mean,0,28,10,0.005030717700719833,0.01084965467453003,0.02082987129688263,0.3524116277694702,0.04543781280517578,2.0811147689819336,0.32922741770744324
rssm_mean,0,29,10,0.007242718245834112,0.016304492950439453,0.027082890272140503,0.4170541763305664,0.035924654453992844,4.555975437164307,0.22695839405059814
rssm_mean,0,30,10,0.00023313368728850037,0.01449596881866455,0.0015317797660827637,0.0006320476531982422,0.08819196373224258,76.72315216064453,0.7363958954811096
rssm_mean,0,31,10,0.0021918572019785643,0.0015229582786560059,0.04150867462158203,0.16527138650417328,0.2712411880493164,1.1783465147018433,0.3097897469997406
rssm_mean,0,0,11,0.022710973396897316,0.03593409061431885,0.1740824431180954,0.1266026496887207,0.3843064308166504,1.1765793561935425,0.149990513920784
rssm_mean,0,1,11,0.000738849223125726,0.022270500659942627,0.013464629650115967,0.0430145263671875,0.036977946758270264,0.37668439745903015,0.1280602514743805
rssm_mean,0,2,11,0.008533586747944355,0.016817212104797363,0.03044920787215233,0.45241406559944153,0.07279625535011292,5.135488510131836,0.36669012904167175
rssm_mean,0,3,11,0.0048941513523459435,0.013137221336364746,0.02219182252883911,0.34322142601013184,0.09919169545173645,1.4686788320541382,0.1521022617816925
rssm_mean,0,4,11,0.02064938098192215,0.04495638608932495,0.12598848342895508,0.4522523880004883,0.0018878504633903503,9.476630210876465,0.4069463908672333
rssm_mean,0,5,11,0.018298322334885597,0.050323486328125,0.13225698471069336,0.31001901626586914,0.21699389815330505,0.9978578090667725,0.14345397055149078
rssm_mean,0,6,11,0.0006140799378044903,0.017453372478485107,0.00035691261291503906,0.08664870262145996,0.0013991707237437367,12.357183456420898,0.31132280826568604
rssm_mean,0,7,11,0.008716505020856857,0.03162205219268799,0.08967946469783783,0.2392839789390564,0.9912312030792236,20.023365020751953,0.4307689964771271
rssm_mean,0,8,11,0.012696120887994766,0.04756420850753784,0.102383553981781,0.28659963607788086,0.18875481188297272,1.2899839878082275,0.2027500420808792
rssm_mean,0,9,11,0.05660080537199974,0.19279929995536804,0.1140819787979126,0.4269709587097168,2.274531126022339,3.4461770057678223,0.24399808049201965
rssm_mean,0,10,11,0.005648703780025244,0.044654786586761475,0.04902239143848419,0.22098767757415771,0.241845965385437,0.4352165758609772,0.15129315853118896
rssm_mean,0,11,11,0.006165776401758194,0.017975330352783203,0.054482609033584595,0.3194141387939453,0.045620955526828766,0.7442959547042847,0.32675647735595703
rssm_mean,0,12,11,0.012360145337879658,0.09499996900558472,0.03230297565460205,0.21439123153686523,0.019838204607367516,0.8065347671508789,0.17445623874664307
rssm_mean,0,13,11,0.0015318848891183734,0.012527227401733398,0.025699131190776825,0.15649044513702393,0.13582439720630646,0.9121711254119873,0.2076902985572815
rssm_mean,0,14,11,0.0069701652973890305,0.023012161254882812,0.05845490097999573,0.3306407928466797,0.04950406029820442,1.8498564958572388,0.21687573194503784
rssm_mean,0,15,11,0.0013707767939195037,0.01880621910095215,0.03476978838443756,0.06477546691894531,0.007847960107028484,2.02457332611084,0.24003995954990387
rssm_mean,0,16,11,0.005510204937309027,0.05832606554031372,0.04649323225021362,0.08782625198364258,0.12643398344516754,0.6844218373298645,0.12097957730293274
rssm_mean,0,17,11,0.017549194395542145,0.02157127857208252,0.128274604678154,0.39552736282348633,0.5684666633605957,0.7904969453811646,0.19709168374538422
rssm_mean,0,18,11,0.0010997626231983304,0.02026313543319702,0.023693323135375977,0.08438873291015625,3.3070045901695266e-05,1.3097193241119385,0.16053591668605804
rssm_mean,0,19,11,0.002797495573759079,0.005653560161590576,0.01588691771030426,0.26429662108421326,0.1554623246192932,0.4234996438026428,0.20632590353488922
rssm_mean,0,20,11,0.012412049807608128,0.09557640552520752,0.029687821865081787,0.21699047088623047,0.09905575215816498,1.6072933673858643,0.13448476791381836
rssm_mean,0,21,11,0.004607889335602522,0.033185362815856934,0.0703134536743164,0.022324562072753906,0.1545349359512329,1.3870773315429688,0.2258092612028122
rssm_mean,0,22,11,0.00986239593476057,0.028950631618499756,0.10642588138580322,0.18024063110351562,0.7843500375747681,1.8765251636505127,0.16805347800254822
rssm_mean,0,23,11,0.0058437674306333065,0.021677255630493164,0.02929588593542576,0.35754919052124023,0.9329378604888916,1.8153893947601318,0.14307019114494324
rssm_mean,0,24,11,0.013385936617851257,0.1048535406589508,0.025778591632843018,0.14863204956054688,0.1329326033592224,6.27134895324707,0.24843980371952057
rssm_mean,0,25,11,0.006706657353788614,0.04051482677459717,0.06793498992919922,0.21704435348510742,0.25834253430366516,0.7249221801757812,0.0888795480132103
rssm_mean,0,26,11,0.001163907814770937,0.013747632503509521,0.02920299768447876,0.10034322738647461,0.08659513294696808,0.8885743021965027,0.12366566061973572
rssm_mean,0,27,11,0.004902700427919626,0.031188368797302246,0.03594005107879639,0.28202104568481445,0.2212769240140915,0.8430646657943726,0.14983582496643066
rssm_mean,0,28,11,0.008623135276138783,0.012930333614349365,0.030368641018867493,0.45893335342407227,0.08884399384260178,1.8948458433151245,0.27538928389549255
rssm_mean,0,29,11,0.008189035579562187,0.02691417932510376,0.03098881244659424,0.4262089729309082,0.04020828753709793,5.466820240020752,0.30283358693122864
rssm_mean,0,30,11,0.0006529699894599617,0.0004073977470397949,0.028926685452461243,0.046854615211486816,0.05615520849823952,152.5308837890625,0.8570687174797058
rssm_mean,0,31,11,0.001027403981424868,0.007773458957672119,0.024128645658493042,0.12325537204742432,0.16672596335411072,0.31910067796707153,0.1971350908279419
rssm_mean,0,0,12,0.026098662987351418,0.09422320127487183,0.14274081587791443,0.2546257972717285,0.7233114838600159,1.2629139423370361,0.1349543184041977
rssm_mean,0,1,12,0.0005800528451800346,0.00817173719406128,0.021022796630859375,0.07429981231689453,0.010618858970701694,0.39854079484939575,0.11733365058898926
rssm_mean,0,2,12,0.006797794718295336,0.011740446090698242,0.027214858680963516,0.40694689750671387,0.012153484858572483,5.245883464813232,0.3077450692653656
rssm_mean,0,3,12,0.005642745178192854,0.018606483936309814,0.0358547568321228,0.34383928775787354,0.13106849789619446,1.616241455078125,0.2170325368642807
rssm_mean,0,4,12,0.017658144235610962,0.08003228902816772,0.09534484148025513,0.34423303604125977,0.007128461729735136,3.0973012447357178,0.17334823310375214
rssm_mean,0,5,12,0.017551755532622337,0.0733610987663269,0.12715184688568115,0.12528181076049805,1.1390475034713745,1.8393745422363281,0.16201171278953552
rssm_mean,0,6,12,0.00019169936422258615,0.0020219087600708008,0.011794209480285645,0.04986870288848877,0.010428868234157562,13.243745803833008,0.3878084421157837
rssm_mean,0,7,12,0.008039826527237892,0.030695617198944092,0.09513890743255615,0.14878973364830017,0.7826018333435059,14.716145515441895,0.5359221696853638
rssm_mean,0,8,12,0.013069786131381989,0.07218432426452637,0.09089970588684082,0.21328306198120117,0.33892858028411865,2.9396092891693115,0.2282029241323471
rssm_mean,0,9,12,0.03453213348984718,0.14280778169631958,0.09788036346435547,0.3858661651611328,2.0979607105255127,1.2614977359771729,0.2523571252822876
rssm_mean,0,10,12,0.006066479254513979,0.05152159929275513,0.035007089376449585,0.2493366003036499,0.28292107582092285,1.2149882316589355,0.24506776034832
rssm_mean,0,11,12,0.006814680527895689,0.015363693237304688,0.0754653662443161,0.2681339979171753,0.0222084391862154,15.510232925415039,0.35703930258750916
rssm_mean,0,12,12,0.016612643375992775,0.11433020234107971,0.039765238761901855,0.17467594146728516,0.029631728306412697,5.9076080322265625,0.3135991394519806
rssm_mean,0,13,12,0.002236357657238841,0.015333354473114014,0.05047306418418884,0.08006858825683594,0.12863270938396454,3.038762092590332,0.2581283748149872
rssm_mean,0,14,12,0.008624476380646229,0.04638493061065674,0.0682222843170166,0.28801894187927246,0.08314138650894165,1.5123134851455688,0.18046969175338745
rssm_mean,0,15,12,0.0025044947396963835,0.024335920810699463,0.04062819480895996,0.1398177146911621,0.0013046155218034983,8.357105255126953,0.289678156375885
rssm_mean,0,16,12,0.0033022984862327576,0.04771116375923157,0.0305861234664917,0.06475448608398438,0.12210004776716232,0.5657817125320435,0.1235104501247406
rssm_mean,0,17,12,0.012176181189715862,0.025073111057281494,0.1248161643743515,0.15097665786743164,0.9662286043167114,0.5024132132530212,0.20194168388843536
rssm_mean,0,18,12,0.0023627111222594976,0.04530853033065796,0.002074122428894043,0.051413536071777344,0.00017985612794291228,1.0868022441864014,0.1659008264541626
rssm_mean,0,19,12,0.003606449579820037,0.003138422966003418,0.0443943589925766,0.2463294267654419,0.07021911442279816,3.521552562713623,0.1809556931257248
rssm_mean,0,20,12,0.0064710583537817,0.07071536779403687,0.013906717300415039,0.14956974983215332,0.11291544139385223,0.6864133477210999,0.175039142370224
rssm_mean,0,21,12,0.0009232738520950079,0.015620559453964233,0.0026120543479919434,0.13238286972045898,0.3979306221008301,1.0836166143417358,0.22702987492084503
rssm_mean,0,22,12,0.009480091743171215,0.02828902006149292,0.09121853113174438,0.2804594039916992,0.36883506178855896,0.9501127600669861,0.12216637283563614
rssm_mean,0,23,12,0.0015981519827619195,0.016259193420410156,0.03484521806240082,0.11351490020751953,0.0006526018842123449,2.79361629486084,0.21943765878677368
rssm_mean,0,24,12,0.012217373587191105,0.09140896797180176,0.06486952304840088,0.06099843978881836,0.1033768579363823,13.711625099182129,0.38802218437194824
rssm_mean,0,25,12,0.004761578980833292,0.03887367248535156,0.0568162202835083,0.15513181686401367,0.22439850866794586,1.0395245552062988,0.09391288459300995
rssm_mean,0,26,12,0.0018379971152171493,0.025850892066955566,0.02843189239501953,0.12176322937011719,0.010610506869852543,0.7693617939949036,0.133066788315773
rssm_mean,0,27,12,0.010546880774199963,0.06767910718917847,0.005620837211608887,0.38440370559692383,0.16559083759784698,0.9128583669662476,0.1372191458940506
rssm_mean,0,28,12,0.007592206355184317,0.005013704299926758,0.012687161564826965,0.44839388132095337,0.022418705746531487,2.007037401199341,0.2847568094730377
rssm_mean,0,29,12,0.009325641207396984,0.033270299434661865,0.048133671283721924,0.4194732904434204,0.09714878350496292,9.716086387634277,0.3491688370704651
rssm_mean,0,30,12,0.0006196107133291662,0.018428027629852295,0.01895926147699356,0.00025534629821777344,0.0050528026185929775,209.8723907470703,1.0535411834716797
rssm_mean,0,31,12,0.0018959814915433526,0.013574361801147461,0.045109182596206665,0.09046661853790283,0.31435608863830566,1.5239940881729126,0.2104673534631729
rssm_mean,0,0,13,0.026057064533233643,0.11290639638900757,0.09413141012191772,0.40097522735595703,0.9969486594200134,0.5074477195739746,0.14917364716529846
rssm_mean,0,1,13,0.0006274508195929229,0.01113349199295044,0.025722503662109375,0.03245997428894043,0.00010549002763582394,0.9249861836433411,0.150738924741745
rssm_mean,0,2,13,0.007853484712541103,0.01171886920928955,0.057813860476017,0.382328599691391,0.003389779943972826,3.4127683639526367,0.3546997308731079
rssm_mean,0,3,13,0.00622968003153801,0.027020931243896484,0.04421535134315491,0.33214104175567627,0.1590774953365326,2.227262496948242,0.19544899463653564
rssm_mean,0,4,13,0.010508221574127674,0.06012468785047531,0.04417520761489868,0.3742384910583496,0.027935143560171127,0.7882845401763916,0.16783075034618378
rssm_mean,0,5,13,0.01618034951388836,0.08771830797195435,0.10587960481643677,0.035823822021484375,0.7567968964576721,0.6730347275733948,0.13792747259140015
rssm_mean,0,6,13,6.506683712359518e-05,0.001907646656036377,0.005750179290771484,0.032214999198913574,0.012594570405781269,26.729887008666992,0.4925132393836975
rssm_mean,0,7,13,0.007502145599573851,0.029811084270477295,0.09600561857223511,0.07858678698539734,0.8416111469268799,25.4659366607666,0.4516589641571045
rssm_mean,0,8,13,0.0174743440002203,0.10332852602005005,0.08664149045944214,0.12560713291168213,0.4923436939716339,1.15869140625,0.22475217282772064
rssm_mean,0,9,13,0.03833795338869095,0.1248127818107605,0.16013962030410767,0.3142971992492676,1.0946118831634521,8.320976257324219,0.28232401609420776
rssm_mean,0,10,13,0.00629688985645771,0.050980210304260254,0.03407272696495056,0.2668724060058594,0.1811569184064865,1.4540858268737793,0.24456533789634705
rssm_mean,0,11,13,0.003924282733350992,0.012031614780426025,0.059430092573165894,0.1910245418548584,0.0591011680662632,12.072600364685059,0.3667196035385132
rssm_mean,0,12,13,0.013454620726406574,0.10632804036140442,0.00851374864578247,0.15998458862304688,0.047422364354133606,0.9153504371643066,0.20234377682209015
rssm_mean,0,13,13,0.0019987516570836306,0.009626686573028564,0.0494290292263031,0.07846105098724365,0.12417824566364288,1.0068227052688599,0.20012277364730835
rssm_mean,0,14,13,0.010795257054269314,0.06392788887023926,0.07417625188827515,0.26149940490722656,0.15795737504959106,1.113227367401123,0.1758698672056198
rssm_mean,0,15,13,0.0027328708674758673,0.006346225738525391,0.04208475351333618,0.19972848892211914,0.0640028566122055,1.6689276695251465,0.2687321603298187
rssm_mean,0,16,13,0.0007276337710209191,0.020582959055900574,0.019433438777923584,0.008955001831054688,0.04596748575568199,1.6852978467941284,0.16971470415592194
rssm_mean,0,17,13,0.015737146139144897,0.06275784969329834,0.0864875316619873,0.4118790626525879,1.505859613418579,1.9022669792175293,0.18822622299194336
rssm_mean,0,18,13,0.0017904565902426839,0.03843677043914795,0.010499060153961182,0.04856753349304199,0.007463482674211264,1.1500091552734375,0.15054157376289368
rssm_mean,0,19,13,0.0011374785099178553,0.0007354617118835449,0.010521486401557922,0.16918596625328064,0.08681473135948181,0.47339263558387756,0.1981029063463211
rssm_mean,0,20,13,0.00981020275503397,0.07969775795936584,0.06385403871536255,0.027398109436035156,0.16455183923244476,3.261284589767456,0.2224121391773224
rssm_mean,0,21,13,0.00038930217851884663,0.013655424118041992,0.01538461446762085,0.024486541748046875,0.32880890369415283,9.342592239379883,0.21974551677703857
rssm_mean,0,22,13,0.013173811137676239,0.05628293752670288,0.06869834661483765,0.41744089126586914,0.6891563534736633,0.9087386131286621,0.15328994393348694
rssm_mean,0,23,13,0.004178145434707403,0.012797117233276367,0.05348584055900574,0.23480701446533203,0.010456252843141556,1.0094157457351685,0.16908255219459534
rssm_mean,0,24,13,0.016950350254774094,0.09482160210609436,0.10076355934143066,0.054696083068847656,0.28223443031311035,3.9475820064544678,0.37502750754356384
rssm_mean,0,25,13,0.00489358464255929,0.05625230073928833,0.03383803367614746,0.12987184524536133,0.0625295639038086,1.0668094158172607,0.14839933812618256
rssm_mean,0,26,13,0.002472735708579421,0.037809401750564575,0.027540087699890137,0.10120868682861328,0.01625967025756836,1.4788789749145508,0.17082388699054718
rssm_mean,0,27,13,0.008340752683579922,0.03159436583518982,0.015989303588867188,0.43656253814697266,0.2607806324958801,1.193048119544983,0.1249835193157196
rssm_mean,0,28,13,0.012209358625113964,0.006278574466705322,0.01738719642162323,0.5679419040679932,0.034175772219896317,0.7081231474876404,0.34594231843948364
rssm_mean,0,29,13,0.009405989199876785,0.036820411682128906,0.04786479473114014,0.4137706756591797,0.09390101581811905,8.433262825012207,0.35621997714042664
rssm_mean,0,30,13,0.003932749852538109,0.010652482509613037,0.07467108964920044,0.002459287643432617,0.02931884117424488,89.08926391601562,1.0741461515426636
rssm_mean,0,31,13,0.0002800364454742521,0.01522749662399292,0.004094988107681274,0.018805861473083496,0.3190542757511139,0.703834056854248,0.20752771198749542
rssm_mean,0,0,14,0.022515922784805298,0.10538384318351746,0.04171168804168701,0.4951944351196289,0.7102333307266235,0.585750162601471,0.15913960337638855
rssm_mean,0,1,14,0.0012799371033906937,0.0300615057349205,0.020205140113830566,0.012182950973510742,0.011911313980817795,0.31046825647354126,0.13143853843212128
rssm_mean,0,2,14,0.004986176732927561,0.010675191879272461,0.036742307245731354,0.3259320557117462,0.06418925523757935,7.984122276306152,0.3214643895626068
rssm_mean,0,3,14,0.006954804062843323,0.036719441413879395,0.050530821084976196,0.3169933557510376,0.17939229309558868,1.8940354585647583,0.17581181228160858
rssm_mean,0,4,14,0.009838861413300037,0.06982102990150452,0.027244150638580322,0.32684898376464844,0.01697201281785965,2.647576332092285,0.1703164428472519
rssm_mean,0,5,14,0.015576597303152084,0.09804326295852661,0.08532446622848511,0.01976919174194336,0.5347374677658081,1.2459115982055664,0.15305130183696747
rssm_mean,0,6,14,0.00010083503002533689,0.00013130903244018555,0.0034171342849731445,0.05004039406776428,0.009470733813941479,62.70927810668945,0.5960065126419067
rssm_mean,0,7,14,0.0026777463499456644,0.017599761486053467,0.058379143476486206,0.015737608075141907,0.6511415243148804,39.52313232421875,0.6323543190956116
rssm_mean,0,8,14,0.018622132018208504,0.10908728837966919,0.08815133571624756,0.07432270050048828,0.5492225885391235,1.918468952178955,0.1752522885799408
rssm_mean,0,9,14,0.04128875210881233,0.08573377132415771,0.21934634447097778,0.09518194198608398,0.754086434841156,0.8544259071350098,0.32105159759521484
rssm_mean,0,10,14,0.0059004612267017365,0.04848003387451172,0.01935294270515442,0.28705739974975586,0.12464816868305206,0.5465893745422363,0.2130313664674759
rssm_mean,0,11,14,0.003844723105430603,0.0009226202964782715,0.06893342733383179,0.12709736824035645,0.05213290825486183,3.2673213481903076,0.2904512584209442
rssm_mean,0,12,14,0.021446792408823967,0.13718192279338837,0.0011475682258605957,0.13857269287109375,0.09150192886590958,1.2297747135162354,0.16030845046043396
rssm_mean,0,13,14,0.0020345801021903753,0.01247936487197876,0.051838457584381104,0.027472615242004395,0.1265208125114441,1.3172924518585205,0.19142895936965942
rssm_mean,0,14,14,0.012466940097510815,0.08828026056289673,0.05998605489730835,0.19592702388763428,0.303580105304718,2.981449842453003,0.216099813580513
rssm_mean,0,15,14,0.003300244687125087,0.03675556182861328,0.021521329879760742,0.2008366584777832,0.020908720791339874,1.1406028270721436,0.22344207763671875
rssm_mean,0,16,14,0.0004564091796055436,0.008872151374816895,0.02051466703414917,0.04711341857910156,0.00643604900687933,0.6037463545799255,0.16355165839195251
rssm_mean,0,17,14,0.01701638661324978,0.08137208223342896,0.02665609121322632,0.4991011619567871,1.5740081071853638,1.0722507238388062,0.15422013401985168
rssm_mean,0,18,14,0.0025624053087085485,0.04641103744506836,0.0002785325050354004,0.07142972946166992,0.010102763772010803,0.8512964248657227,0.1573028415441513
rssm_mean,0,19,14,0.002474834444001317,0.0008687376976013184,0.05478668957948685,0.10697874426841736,0.034860044717788696,2.047161102294922,0.1785668283700943
rssm_mean,0,20,14,0.010269398801028728,0.07783567905426025,0.07216626405715942,0.032076358795166016,0.13532331585884094,8.440508842468262,0.28148409724235535
rssm_mean,0,21,14,0.0010100038489326835,0.02921473979949951,0.00942850112915039,0.01553201675415039,0.006444467697292566,18.917381286621094,0.33438825607299805
rssm_mean,0,22,14,0.013040113262832165,0.05192852020263672,0.04463416337966919,0.4846463203430176,0.8551693558692932,1.1609935760498047,0.11363741755485535
rssm_mean,0,23,14,0.004494412802159786,0.006352484226226807,0.06273835897445679,0.21800470352172852,0.05934276431798935,0.6536569595336914,0.16397123038768768
rssm_mean,0,24,14,0.009908062405884266,0.08498401939868927,0.04430067539215088,0.12833642959594727,0.5099658966064453,9.354839324951172,0.3417692482471466
rssm_mean,0,25,14,0.006201216951012611,0.07249876856803894,0.015999019145965576,0.07969474792480469,0.03978639468550682,0.6858051419258118,0.10873114317655563
rssm_mean,0,26,14,0.0040414887480437756,0.05935589224100113,0.0152626633644104,0.00457000732421875,0.03417189419269562,0.5863919854164124,0.12582646310329437
rssm_mean,0,27,14,0.009492612443864346,0.03217482566833496,0.014329075813293457,0.47061729431152344,0.22002439200878143,0.7221264839172363,0.13603201508522034
rssm_mean,0,28,14,0.015553825534880161,0.025066792964935303,0.010000111535191536,0.6316543817520142,0.040784988552331924,0.7409833669662476,0.23327137529850006
rssm_mean,0,29,14,0.008699038997292519,0.029468536376953125,0.06553655862808228,0.36015579104423523,0.25842058658599854,14.09961986541748,0.34948766231536865
rssm_mean,0,30,14,0.0016307904152199626,0.016743481159210205,0.04365527629852295,0.023527681827545166,0.3570117652416229,178.0543212890625,1.0176695585250854
rssm_mean,0,31,14,0.0009511169046163559,0.004193007946014404,0.035811007022857666,0.038870543241500854,0.3106849193572998,4.622415065765381,0.22448676824569702
rssm_mean,0,0,15,0.01215390209108591,0.0617046058177948,0.01947784423828125,0.45571231842041016,0.42654088139533997,0.6612371802330017,0.166573628783226
rssm_mean,0,1,15,0.002982485108077526,0.0478818453848362,0.025396227836608887,0.020825743675231934,0.025175850838422775,1.7977843284606934,0.15838539600372314
rssm_mean,0,2,15,0.00804685428738594,0.01933872699737549,0.08322054892778397,0.2799363136291504,0.14012190699577332,1.9675160646438599,0.2663273811340332
rssm_mean,0,3,15,0.008038821630179882,0.04708141088485718,0.05764475464820862,0.2995750904083252,0.1888090819120407,2.1909632682800293,0.19197437167167664
rssm_mean,0,4,15,0.010473028756678104,0.0674620270729065,0.013392090797424316,0.37937426567077637,0.009961347095668316,0.5508869290351868,0.16964420676231384
rssm_mean,0,5,15,0.016356078907847404,0.11233997344970703,0.05546402931213379,0.09728002548217773,0.36998099088668823,1.2892824411392212,0.15017542243003845
rssm_mean,0,6,15,0.0010700768325477839,0.029791176319122314,0.01005333662033081,0.02503103017807007,0.032174427062273026,25.341310501098633,0.5657792091369629
rssm_mean,0,7,15,0.005670621991157532,0.029133141040802002,0.08095899224281311,0.08370274305343628,0.6095300316810608,8.99885368347168,0.5221074223518372
rssm_mean,0,8,15,0.01708102971315384,0.10563391447067261,0.08345657587051392,0.028838753700256348,0.5726916790008545,1.4441148042678833,0.1631527692079544
rssm_mean,0,9,15,0.0347471609711647,0.01759350299835205,0.224168062210083,0.04960441589355469,0.02069428749382496,2.3268322944641113,0.3010833263397217
rssm_mean,0,10,15,0.005853390321135521,0.04516959190368652,0.024292290210723877,0.29389524459838867,0.05229133367538452,0.6121448278427124,0.19716578722000122
rssm_mean,0,11,15,0.0018780487589538097,0.004115760326385498,0.05094176530838013,0.048525452613830566,0.08434741199016571,3.359313488006592,0.22503027319908142
rssm_mean,0,12,15,0.0264964010566473,0.15275079011917114,0.006371021270751953,0.14331091940402985,0.1370704025030136,4.257752418518066,0.21500620245933533
rssm_mean,0,13,15,0.0021280727814882994,0.012273669242858887,0.05354517698287964,0.010725975036621094,0.12541601061820984,1.6123791933059692,0.15701375901699066
rssm_mean,0,14,15,0.019893959164619446,0.11914396286010742,0.07245635986328125,0.13434064388275146,0.3899303078651428,1.5721065998077393,0.23703965544700623
rssm_mean,0,15,15,0.0033517666161060333,0.040496259927749634,0.01243281364440918,0.19703149795532227,0.04736090824007988,1.0468981266021729,0.1969102919101715
rssm_mean,0,16,15,0.00048496140516363084,0.01876237988471985,0.006524860858917236,0.04283785820007324,1.6971389413811266e-05,0.8998187184333801,0.1713370829820633
rssm_mean,0,17,15,0.026153510436415672,0.10216522216796875,0.022363662719726562,0.6212968826293945,1.1457709074020386,2.6927378177642822,0.22976011037826538
rssm_mean,0,18,15,0.005604479927569628,0.06930747628211975,0.013931751251220703,0.06959843635559082,0.01219073124229908,1.5885109901428223,0.20400388538837433
rssm_mean,0,19,15,0.0011510532349348068,0.003295719623565674,0.03648209571838379,0.07880055904388428,0.03868192434310913,0.224185511469841,0.17840546369552612
rssm_mean,0,20,15,0.010164095088839531,0.08041821420192719,0.06110948324203491,0.1148223876953125,0.14540767669677734,5.634243488311768,0.2938649654388428
rssm_mean,0,21,15,0.0003207980189472437,0.0108298659324646,0.001771092414855957,0.07147884368896484,0.0009808586910367012,14.29631233215332,0.32868608832359314
rssm_mean,0,22,15,0.010872199200093746,0.0436570942401886,0.012835800647735596,0.48328304290771484,0.5279124975204468,0.8094707727432251,0.11132478713989258
rssm_mean,0,23,15,0.003266046056523919,0.0136147141456604,0.027396738529205322,0.26221418380737305,0.024626417085528374,1.2294656038284302,0.15594616532325745
rssm_mean,0,24,15,0.013739514164626598,0.09126275777816772,0.07807600498199463,0.10391950607299805,1.1246331930160522,6.078036785125732,0.28437289595603943
rssm_mean,0,25,15,0.008486445061862469,0.08771540224552155,0.0037041306495666504,0.0018701553344726562,0.04802027344703674,1.4207382202148438,0.10052799433469772
rssm_mean,0,26,15,0.007589366752654314,0.08173507452011108,0.006156563758850098,0.07399916648864746,0.07936476916074753,1.3120052814483643,0.1434580236673355
rssm_mean,0,27,15,0.008942044340074062,0.015529856085777283,0.021257340908050537,0.4750640392303467,0.13044312596321106,0.7736478447914124,0.10890918970108032
rssm_mean,0,28,15,0.013914450071752071,0.02018040418624878,0.003381054848432541,0.6024724245071411,0.006570016965270042,2.0029940605163574,0.22336004674434662
rssm_mean,0,29,15,0.009363348595798016,0.03620755672454834,0.07796835899353027,0.3187790811061859,0.22724726796150208,11.83727741241455,0.4043451249599457
rssm_mean,0,30,15,0.005057180300354958,0.009112894535064697,0.08520178496837616,0.015166163444519043,0.07143126428127289,79.47480773925781,1.010993480682373
rssm_mean,0,31,15,0.0006588503601960838,0.010158300399780273,0.019588366150856018,0.08738729357719421,0.21233151853084564,1.6796748638153076,0.1801162213087082
rssm_teacher_forced,0,0,1,0.003213620511814952,0.03525418043136597,0.0016688704490661621,0.22291433811187744,0.2658870816230774,nan,nan
rssm_teacher_forced,0,1,1,0.006754020694643259,0.07536502182483673,0.01066124439239502,0.10624456405639648,0.08550828695297241,nan,nan
rssm_teacher_forced,0,2,1,0.0006034243269823492,0.019391775131225586,0.005744829773902893,0.0670284628868103,0.013215955346822739,nan,nan
rssm_teacher_forced,0,3,1,0.0013427318772301078,0.021780788898468018,0.03126761317253113,0.06412053108215332,0.009624768979847431,nan,nan
rssm_teacher_forced,0,4,1,0.008595447055995464,0.06834572553634644,0.06095010042190552,0.15685105323791504,0.2126082479953766,nan,nan
rssm_teacher_forced,0,5,1,0.027949050068855286,0.12445884943008423,0.004107773303985596,0.5414857268333435,0.05657254159450531,nan,nan
rssm_teacher_forced,0,6,1,0.0005390130681917071,0.01209646463394165,0.02344188094139099,0.008291244506835938,0.02303083799779415,nan,nan
rssm_teacher_forced,0,7,1,0.002511319937184453,0.00488591194152832,0.033658191561698914,0.21484524011611938,0.05849045142531395,nan,nan
rssm_teacher_forced,0,8,1,0.004340016283094883,0.00292205810546875,0.07930546998977661,0.031083345413208008,0.19323934614658356,nan,nan
rssm_teacher_forced,0,9,1,0.007474611978977919,0.05325579643249512,0.07603704929351807,0.10409247875213623,0.00012962282926309854,nan,nan
rssm_teacher_forced,0,10,1,0.0021273698657751083,0.03808712959289551,0.005232512950897217,0.11733126640319824,0.6086019277572632,nan,nan
rssm_teacher_forced,0,11,1,0.01629548706114292,0.028972983360290527,0.08450153470039368,0.5320237874984741,0.0404985211789608,nan,nan
rssm_teacher_forced,0,12,1,0.016008509323000908,0.007805943489074707,0.1498488187789917,0.12804055213928223,0.0003126726660411805,nan,nan
rssm_teacher_forced,0,13,1,0.004850904922932386,0.04016268253326416,0.03415322303771973,0.2478264719247818,0.0520036444067955,nan,nan
rssm_teacher_forced,0,14,1,0.0022013860289007425,0.026758134365081787,0.006573319435119629,0.19313549995422363,0.012176520191133022,nan,nan
rssm_teacher_forced,0,15,1,0.007268188055604696,0.03361952304840088,0.0059073567390441895,0.402243971824646,0.02140343375504017,nan,nan
rssm_teacher_forced,0,16,1,0.0020437489729374647,0.0048302412033081055,0.019828617572784424,0.2172260284423828,0.028289560228586197,nan,nan
rssm_teacher_forced,0,17,1,0.0021442242432385683,0.006221175193786621,0.0015390515327453613,0.23798727989196777,0.00012450072972569615,nan,nan
rssm_teacher_forced,0,18,1,0.002816201187670231,0.047330647706985474,0.02254563570022583,0.005036830902099609,0.413176953792572,nan,nan
rssm_teacher_forced,0,19,1,0.0027201464399695396,0.03223979473114014,0.03449587523937225,0.14339518547058105,0.03545370697975159,nan,nan
rssm_teacher_forced,0,20,1,0.0082114078104496,0.06705242395401001,0.06629066169261932,0.08326160907745361,0.0842486247420311,nan,nan
rssm_teacher_forced,0,21,1,0.004221644718199968,0.02699100971221924,0.050304293632507324,0.2135590761899948,0.009452939964830875,nan,nan
rssm_teacher_forced,0,22,1,0.010492957197129726,0.08997631072998047,0.04496520757675171,0.07209539413452148,0.05322744697332382,nan,nan
rssm_teacher_forced,0,23,1,0.0037099539767950773,0.04950827360153198,0.013345956802368164,0.15474367141723633,0.018954582512378693,nan,nan
rssm_teacher_forced,0,24,1,0.009050793014466763,0.07958537340164185,0.024839937686920166,0.21102359890937805,0.001233584713190794,nan,nan
rssm_teacher_forced,0,25,1,0.014631045050919056,0.10823619365692139,0.049932777881622314,0.023938655853271484,0.050387751311063766,nan,nan
rssm_teacher_forced,0,26,1,0.008817129768431187,0.046852439641952515,0.07037705183029175,0.2852284908294678,0.1646559238433838,nan,nan
rssm_teacher_forced,0,27,1,0.014426416717469692,0.10172897577285767,0.006375730037689209,0.2842979431152344,0.09653282165527344,nan,nan
rssm_teacher_forced,0,28,1,0.003535849042236805,0.01133739948272705,0.00551411509513855,0.30163800716400146,0.0679071843624115,nan,nan
rssm_teacher_forced,0,29,1,0.003170766169205308,0.00035256147384643555,0.06785997748374939,0.02650594711303711,0.21589931845664978,nan,nan
rssm_teacher_forced,0,30,1,0.001763517502695322,0.024189770221710205,0.03806081414222717,0.059124529361724854,0.47970566153526306,nan,nan
rssm_teacher_forced,0,31,1,0.0044355313293635845,0.04287809133529663,0.05385465919971466,0.1076134443283081,0.3511316478252411,nan,nan
rssm_teacher_forced,0,0,2,0.0007899210322648287,0.007763773202896118,0.02537637948989868,0.08748483657836914,0.05681715905666351,nan,nan
rssm_teacher_forced,0,1,2,0.009122964926064014,0.08030885457992554,0.03420114517211914,0.1812753677368164,0.05752438306808472,nan,nan
rssm_teacher_forced,0,2,2,0.0030777871143072844,0.03932631015777588,0.04477100074291229,0.011708259582519531,0.06679222732782364,nan,nan
rssm_teacher_forced,0,3,2,0.004844203125685453,0.046441733837127686,0.05616515874862671,0.09199237823486328,0.27449923753738403,nan,nan
rssm_teacher_forced,0,4,2,0.013245392590761185,0.10048604011535645,0.050667405128479004,0.09954047203063965,0.15756647288799286,nan,nan
rssm_teacher_forced,0,5,2,0.0440862663090229,0.1415729820728302,0.04885077476501465,0.7412890791893005,0.06016112118959427,nan,nan
rssm_teacher_forced,0,6,2,0.001550231478177011,0.024373233318328857,0.023413144052028656,0.11858534812927246,0.016243014484643936,nan,nan
rssm_teacher_forced,0,7,2,0.005404144059866667,0.013618707656860352,0.06429044902324677,0.2532171607017517,5.8952173276338726e-05,nan,nan
rssm_teacher_forced,0,8,2,0.005024270620197058,0.024978578090667725,0.07635852694511414,0.09789371490478516,0.30638936161994934,nan,nan
rssm_teacher_forced,0,9,2,0.0025087965186685324,0.00829237699508667,0.026908040046691895,0.22866153717041016,0.03850396350026131,nan,nan
rssm_teacher_forced,0,10,2,0.002924078144133091,0.040242016315460205,0.0388643741607666,0.054079651832580566,0.026979751884937286,nan,nan
rssm_teacher_forced,0,11,2,0.012262663803994656,0.0030503273010253906,0.0815419852733612,0.45606887340545654,0.15015573799610138,nan,nan
rssm_teacher_forced,0,12,2,0.0046823532320559025,0.04887598752975464,0.05479508638381958,0.0015690326690673828,0.03095489740371704,nan,nan
rssm_teacher_forced,0,13,2,0.0011376565089449286,0.026742160320281982,0.022362083196640015,0.014928892254829407,0.021745853126049042,nan,nan
rssm_teacher_forced,0,14,2,0.011084877885878086,0.001311957836151123,0.0405045747756958,0.5183645486831665,0.0019547732081264257,nan,nan
rssm_teacher_forced,0,15,2,0.0012022784212604165,0.014705121517181396,0.03093332052230835,0.09152960777282715,0.09338155388832092,nan,nan
rssm_teacher_forced,0,16,2,0.007106849458068609,0.052984338253736496,0.03925526142120361,0.2826228141784668,0.3393990099430084,nan,nan
rssm_teacher_forced,0,17,2,0.0002814448089338839,0.011269569396972656,0.0127677321434021,0.02853989601135254,0.06243903934955597,nan,nan
rssm_teacher_forced,0,18,2,0.00869790744036436,0.08002392947673798,0.01358950138092041,0.20222783088684082,0.40850162506103516,nan,nan
rssm_teacher_forced,0,19,2,0.002046498702839017,0.005960285663604736,0.0183371901512146,0.21896877884864807,0.0040256427600979805,nan,nan
rssm_teacher_forced,0,20,2,0.0055968970991671085,0.04060530662536621,0.005376458168029785,0.3184749484062195,0.05829930305480957,nan,nan
rssm_teacher_forced,0,21,2,0.0073614404536783695,0.06662720441818237,0.056416213512420654,0.0895155668258667,0.0008178206626325846,nan,nan
rssm_teacher_forced,0,22,2,0.011722411029040813,0.10292354226112366,0.007782161235809326,0.0162656307220459,0.016015466302633286,nan,nan
rssm_teacher_forced,0,23,2,0.0012112777912989259,0.0202597975730896,0.026976823806762695,0.0840768814086914,0.05534396320581436,nan,nan
rssm_teacher_forced,0,24,2,0.010301248170435429,0.053741276264190674,0.07758355140686035,0.28487375378608704,0.0167447030544281,nan,nan
rssm_teacher_forced,0,25,2,0.00865192711353302,0.07998394966125488,0.0426487922668457,0.09872865676879883,0.005713868420571089,nan,nan
rssm_teacher_forced,0,26,2,0.007164038252085447,0.059499576687812805,0.06912481784820557,0.004297494888305664,0.11932626366615295,nan,nan
rssm_teacher_forced,0,27,2,0.0075594340451061726,0.08190735429525375,0.014465093612670898,0.025985240936279297,0.08115819841623306,nan,nan
rssm_teacher_forced,0,28,2,0.000991904060356319,0.004634976387023926,0.006074875593185425,0.15948191285133362,0.022301198914647102,nan,nan
rssm_teacher_forced,0,29,2,0.0012897708220407367,0.022011637687683105,0.0005837678909301758,0.14276719093322754,0.354143351316452,nan,nan
rssm_teacher_forced,0,30,2,0.0015685944817960262,0.004914820194244385,0.015314877033233643,0.19305145740509033,0.15226805210113525,nan,nan
rssm_teacher_forced,0,31,2,0.0016527470434084535,0.023401856422424316,0.03896130621433258,0.01857447624206543,0.4534430503845215,nan,nan
rssm_teacher_forced,0,0,3,0.0021277654450386763,0.015462785959243774,0.041416049003601074,0.1367168426513672,0.053882699459791183,nan,nan
rssm_teacher_forced,0,1,3,0.0019027739763259888,0.02743232250213623,0.008820831775665283,0.16590547561645508,0.061193451285362244,nan,nan
rssm_teacher_forced,0,2,3,0.014140606857836246,0.01609182357788086,0.13929888606071472,0.1277250051498413,0.027450786903500557,nan,nan
rssm_teacher_forced,0,3,3,0.0014973919605836272,0.019981801509857178,0.016274631023406982,0.1537637710571289,0.09555469453334808,nan,nan
rssm_teacher_forced,0,4,3,0.0034208737779408693,0.039065614342689514,0.019446194171905518,0.1998746395111084,0.0009873657254502177,nan,nan
rssm_teacher_forced,0,5,3,0.025167420506477356,0.1412455439567566,0.010870933532714844,0.28944432735443115,0.12796728312969208,nan,nan
rssm_teacher_forced,0,6,3,0.00446668267250061,0.042503178119659424,0.031630609184503555,0.21991395950317383,0.5510348081588745,nan,nan
rssm_teacher_forced,0,7,3,0.007473369594663382,0.007105529308319092,0.015380054712295532,0.4423873722553253,0.06126117706298828,nan,nan
rssm_teacher_forced,0,8,3,0.01006046961992979,0.019374847412109375,0.05520254373550415,0.45173120498657227,0.6509183645248413,nan,nan
rssm_teacher_forced,0,9,3,0.004175184760242701,0.061152756214141846,0.0033019185066223145,0.035802245140075684,0.0016113801393657923,nan,nan
rssm_teacher_forced,0,10,3,0.006383344065397978,0.013554573059082031,0.06084379553794861,0.31388533115386963,0.14140750467777252,nan,nan
rssm_teacher_forced,0,11,3,0.0038645018357783556,0.005014181137084961,0.05699044466018677,0.20895832777023315,0.10635325312614441,nan,nan
rssm_teacher_forced,0,12,3,0.00936811976134777,0.08328056335449219,0.04295051097869873,0.11222553253173828,0.012402021326124668,nan,nan
rssm_teacher_forced,0,13,3,0.0004433403955772519,0.00871586799621582,0.008875906467437744,0.0908237099647522,0.021064285188913345,nan,nan
rssm_teacher_forced,0,14,3,0.013072841800749302,0.06033116579055786,0.038363635540008545,0.46617591381073,0.41104334592819214,nan,nan
rssm_teacher_forced,0,15,3,0.006440383847802877,0.06227432191371918,0.03510826826095581,0.18910908699035645,0.09502920508384705,nan,nan
rssm_teacher_forced,0,16,3,0.008529817685484886,0.0813160240650177,0.012564420700073242,0.17510461807250977,0.027386674657464027,nan,nan
rssm_teacher_forced,0,17,3,0.008900017477571964,0.07334649562835693,0.06111800670623779,0.10669493675231934,0.028791099786758423,nan,nan
rssm_teacher_forced,0,18,3,0.008564529940485954,0.08605644106864929,0.005641937255859375,0.10169744491577148,0.3024042248725891,nan,nan
rssm_teacher_forced,0,19,3,0.003039375878870487,0.0074076056480407715,0.032925307750701904,0.24571967124938965,0.06825531274080276,nan,nan
rssm_teacher_forced,0,20,3,0.026069097220897675,0.1163628101348877,0.11431334912776947,0.2451092004776001,0.07723883539438248,nan,nan
rssm_teacher_forced,0,21,3,0.020781459286808968,0.12258487939834595,0.046173691749572754,0.2732980251312256,0.04267388582229614,nan,nan
rssm_teacher_forced,0,22,3,0.0016638009110465646,0.008913040161132812,0.03168529272079468,0.15499401092529297,0.032117702066898346,nan,nan
rssm_teacher_forced,0,23,3,0.00431797606870532,0.004022479057312012,0.072978675365448,0.13375115394592285,0.03564043343067169,nan,nan
rssm_teacher_forced,0,24,3,0.0070070684887468815,0.0775834321975708,0.0028185248374938965,0.09988677501678467,0.0002453444467391819,nan,nan
rssm_teacher_forced,0,25,3,0.004420636221766472,0.024302154779434204,0.01582920551300049,0.3115508556365967,0.015362480655312538,nan,nan
rssm_teacher_forced,0,26,3,0.0021123315673321486,0.016959812492132187,0.051212430000305176,0.010974407196044922,0.022899974137544632,nan,nan
rssm_teacher_forced,0,27,3,0.013442383147776127,0.10999005287885666,0.01125413179397583,0.02697920799255371,0.24788115918636322,nan,nan
rssm_teacher_forced,0,28,3,0.0024418297689408064,0.005600392818450928,0.03035348653793335,0.21899235248565674,0.03864816948771477,nan,nan
rssm_teacher_forced,0,29,3,0.0004098571662325412,0.018083810806274414,0.008294567465782166,0.008330821990966797,0.08405573666095734,nan,nan
rssm_teacher_forced,0,30,3,0.004664835520088673,0.03432184457778931,0.05654367804527283,0.17867863178253174,0.4317292869091034,nan,nan
rssm_teacher_forced,0,31,3,0.003438243642449379,0.014317870140075684,0.0032804906368255615,0.2940112054347992,0.3092067837715149,nan,nan
rssm_teacher_forced,0,0,4,0.0018847157480195165,0.03507727384567261,0.02779698371887207,0.006274700164794922,0.004167923703789711,nan,nan
rssm_teacher_forced,0,1,4,0.004125268664211035,0.042665839195251465,0.03771662712097168,0.1759805679321289,0.06184820458292961,nan,nan
rssm_teacher_forced,0,2,4,0.014655523002147675,0.003529846668243408,0.14119578897953033,0.16651266813278198,0.031812623143196106,nan,nan
rssm_teacher_forced,0,3,4,0.0022324363235384226,0.04007458686828613,0.01994222402572632,0.0718611478805542,0.22783046960830688,nan,nan
rssm_teacher_forced,0,4,4,0.014909583143889904,0.028548777103424072,0.13309162855148315,0.2273092269897461,0.15170329809188843,nan,nan
rssm_teacher_forced,0,5,4,0.012153259478509426,0.10248473286628723,0.024935781955718994,0.06501460075378418,0.07584590464830399,nan,nan
rssm_teacher_forced,0,6,4,0.0015407117316499352,0.01596057415008545,0.03250684589147568,0.12051129341125488,0.001619434216991067,nan,nan
rssm_teacher_forced,0,7,4,0.006580424960702658,0.04122895002365112,0.059189390391111374,0.24989032745361328,0.008437875658273697,nan,nan
rssm_teacher_forced,0,8,4,0.002416351344436407,0.0037389397621154785,0.041897088289260864,0.18007302284240723,0.7143542766571045,nan,nan
rssm_teacher_forced,0,9,4,0.003523977240547538,0.030926823616027832,0.04929393529891968,0.1478862762451172,0.00015882471052464098,nan,nan
rssm_teacher_forced,0,10,4,0.0030944489408284426,0.023111283779144287,0.04169026017189026,0.18861877918243408,0.07069908082485199,nan,nan
rssm_teacher_forced,0,11,4,0.0004991373862139881,0.017791032791137695,0.008462220430374146,0.05232346057891846,0.07632506638765335,nan,nan
rssm_teacher_forced,0,12,4,0.007159887347370386,0.06347107887268066,0.016333341598510742,0.26169443130493164,0.004762481432408094,nan,nan
rssm_teacher_forced,0,13,4,0.0007489149575121701,0.015523254871368408,0.012027353048324585,0.10185331106185913,0.037386927753686905,nan,nan
rssm_teacher_forced,0,14,4,0.005944019183516502,0.007784664630889893,0.0025808513164520264,0.39798498153686523,0.26773756742477417,nan,nan
rssm_teacher_forced,0,15,4,0.004101512487977743,0.05992837995290756,0.014502227306365967,0.005236148834228516,0.043120283633470535,nan,nan
rssm_teacher_forced,0,16,4,0.008156622759997845,0.005080103874206543,0.08757805824279785,0.2792201042175293,0.022170083597302437,nan,nan
rssm_teacher_forced,0,17,4,0.010060676373541355,0.07281509041786194,0.0740126371383667,0.11359620094299316,0.1077086552977562,nan,nan
rssm_teacher_forced,0,18,4,0.004351534880697727,0.05588892102241516,0.03208804130554199,0.07471847534179688,0.01857849396765232,nan,nan
rssm_teacher_forced,0,19,4,0.0011278754100203514,0.018923521041870117,0.03224754333496094,0.025025367736816406,0.15029656887054443,nan,nan
rssm_teacher_forced,0,20,4,0.012403852306306362,0.07901608943939209,0.037057846784591675,0.3517392873764038,0.00402483344078064,nan,nan
rssm_teacher_forced,0,21,4,0.00877280905842781,0.03876537084579468,0.08500444889068604,0.2426418662071228,0.0036708626430481672,nan,nan
rssm_teacher_forced,0,22,4,0.005882085766643286,0.05608558654785156,0.05773049592971802,0.06156468391418457,0.0006643852102570236,nan,nan
rssm_teacher_forced,0,23,4,0.001679680310189724,0.019855409860610962,0.027972936630249023,0.13847780227661133,0.07833964377641678,nan,nan
rssm_teacher_forced,0,24,4,0.004510108847171068,0.015275895595550537,0.03702354431152344,0.29910168051719666,0.1069343164563179,nan,nan
rssm_teacher_forced,0,25,4,0.009484601207077503,0.07502173632383347,0.05470472574234009,0.18288040161132812,0.016417469829320908,nan,nan
rssm_teacher_forced,0,26,4,0.003958788700401783,0.013239279389381409,0.06920892000198364,0.1155252456665039,0.007234088145196438,nan,nan
rssm_teacher_forced,0,27,4,0.018086187541484833,0.03016670048236847,0.15006023645401,0.21455097198486328,0.06405570358037949,nan,nan
rssm_teacher_forced,0,28,4,0.006928501185029745,0.00983893871307373,0.0728464424610138,0.29369524121284485,0.17325472831726074,nan,nan
rssm_teacher_forced,0,29,4,0.0007328341598622501,0.017589449882507324,0.01856537163257599,0.06498873233795166,0.023594930768013,nan,nan
rssm_teacher_forced,0,30,4,0.008181451819837093,0.045144736766815186,0.08673083782196045,0.14682871103286743,0.35021957755088806,nan,nan
rssm_teacher_forced,0,31,4,0.001648478559218347,0.02335059642791748,0.01466265320777893,0.15588107705116272,0.08111432939767838,nan,nan
rssm_teacher_forced,0,0,5,0.004893256817013025,0.047649040818214417,0.0059146881103515625,0.252713680267334,8.241921023000032e-05,nan,nan
rssm_teacher_forced,0,1,5,0.008088408969342709,0.06458079814910889,0.0033726096153259277,0.306607723236084,0.30868837237358093,nan,nan
rssm_teacher_forced,0,2,5,0.0012842394644394517,0.010744810104370117,0.03868795186281204,0.06033134460449219,0.14987242221832275,nan,nan
rssm_teacher_forced,0,3,5,0.0010302425362169743,0.02363497018814087,0.019405752420425415,0.06520283222198486,0.19094257056713104,nan,nan
rssm_teacher_forced,0,4,5,0.016491837799549103,0.042043328285217285,0.11218315362930298,0.40060949325561523,1.235458254814148,nan,nan
rssm_teacher_forced,0,5,5,0.0018198918551206589,0.030051931738853455,0.03418797254562378,0.02684760093688965,0.008797289803624153,nan,nan
rssm_teacher_forced,0,6,5,6.927792856004089e-05,0.0035710930824279785,0.008992969989776611,0.00021660327911376953,0.10257382690906525,nan,nan
rssm_teacher_forced,0,7,5,0.0015025250613689423,0.01615089178085327,0.040268704295158386,0.0539247989654541,0.3080962598323822,nan,nan
rssm_teacher_forced,0,8,5,0.0025882148183882236,0.009442567825317383,0.06013023853302002,0.023787260055541992,0.22148782014846802,nan,nan
rssm_teacher_forced,0,9,5,0.003839358687400818,0.015616118907928467,0.06044137477874756,0.17035949230194092,0.013215654529631138,nan,nan
rssm_teacher_forced,0,10,5,0.008739081211388111,0.027594149112701416,0.10650283098220825,0.06455516815185547,0.015129270032048225,nan,nan
rssm_teacher_forced,0,11,5,0.004608687479048967,0.020609557628631592,0.05177529156208038,0.24961411952972412,0.0816129595041275,nan,nan
rssm_teacher_forced,0,12,5,0.007140092086046934,0.06532371044158936,0.055432096123695374,0.09581899642944336,0.06794124096632004,nan,nan
rssm_teacher_forced,0,13,5,0.0005517758545465767,0.017693817615509033,0.0018500089645385742,0.07426834106445312,0.02251691184937954,nan,nan
rssm_teacher_forced,0,14,5,0.005834856536239386,0.02360481023788452,0.027282625436782837,0.3565182685852051,0.3569297194480896,nan,nan
rssm_teacher_forced,0,15,5,0.007775433361530304,0.07271638512611389,0.049896180629730225,0.0820474624633789,0.020965436473488808,nan,nan
rssm_teacher_forced,0,16,5,0.00012083793262718245,0.009982407093048096,0.003829360008239746,0.005284786224365234,0.0007543712854385376,nan,nan
rssm_teacher_forced,0,17,5,0.025570185855031013,0.01490861177444458,0.18865346908569336,0.16602659225463867,9.199839610118943e-07,nan,nan
rssm_teacher_forced,0,18,5,0.00180907326284796,0.024226903915405273,0.0007056593894958496,0.17703628540039062,0.14510326087474823,nan,nan
rssm_teacher_forced,0,19,5,0.0003776892845053226,0.013409018516540527,0.012591511011123657,0.04385994374752045,0.07104486972093582,nan,nan
rssm_teacher_forced,0,20,5,0.0026325390208512545,0.01964014768600464,0.029901713132858276,0.2075386643409729,0.02069675736129284,nan,nan
rssm_teacher_forced,0,21,5,0.01458787452429533,0.1089324951171875,0.02250218391418457,0.17750942707061768,0.0546044260263443,nan,nan
rssm_teacher_forced,0,22,5,0.005581974983215332,0.06894222646951675,0.01652604341506958,0.06543827056884766,0.03077779710292816,nan,nan
rssm_teacher_forced,0,23,5,0.010504279285669327,0.0129375159740448,0.1150820255279541,0.1855182647705078,0.005112736485898495,nan,nan
rssm_teacher_forced,0,24,5,0.003072921186685562,0.009586811065673828,0.06555679440498352,0.03155332803726196,0.12828432023525238,nan,nan
rssm_teacher_forced,0,25,5,0.003911735489964485,0.020251616835594177,0.019828319549560547,0.29338502883911133,0.027988089248538017,nan,nan
rssm_teacher_forced,0,26,5,0.0033596300054341555,0.011967182159423828,0.044333040714263916,0.22396087646484375,0.08134373277425766,nan,nan
rssm_teacher_forced,0,27,5,0.0022758187260478735,0.03349769115447998,0.029395461082458496,0.11010360717773438,0.23364269733428955,nan,nan
rssm_teacher_forced,0,28,5,0.0015022619627416134,0.009778738021850586,0.0290391743183136,0.1488114595413208,0.08455498516559601,nan,nan
rssm_teacher_forced,0,29,5,0.0051724850200116634,0.01229935884475708,0.08495305478572845,0.04573702812194824,0.26275578141212463,nan,nan
rssm_teacher_forced,0,30,5,0.0010069409618154168,0.021702706813812256,0.004528433084487915,0.11306719481945038,0.2785261273384094,nan,nan
rssm_teacher_forced,0,31,5,0.002195786451920867,0.03348541259765625,0.031008005142211914,0.09052503108978271,0.006061938125640154,nan,nan
rssm_teacher_forced,0,0,6,0.0021583354100584984,0.027343839406967163,0.03230351209640503,0.12951993942260742,0.0003299366217106581,nan,nan
rssm_teacher_forced,0,1,6,0.014997315593063831,0.032598793506622314,0.09211249649524689,0.4654521942138672,0.03425586223602295,nan,nan
rssm_teacher_forced,0,2,6,0.007079228758811951,0.0013825297355651855,0.07750757038593292,0.2832571566104889,0.2146272212266922,nan,nan
rssm_teacher_forced,0,3,6,0.008258308283984661,0.07353687286376953,0.02694128453731537,0.22062242031097412,0.2928145229816437,nan,nan
rssm_teacher_forced,0,4,6,0.0071946121752262115,0.005601704120635986,0.08256500959396362,0.25992488861083984,0.051308099180459976,nan,nan
rssm_teacher_forced,0,5,6,0.01224320475012064,0.007595717906951904,0.12894123792648315,0.14929628372192383,0.023044301196932793,nan,nan
rssm_teacher_forced,0,6,6,0.0007370162638835609,0.01653432846069336,0.00976821780204773,0.09998440742492676,0.10773549973964691,nan,nan
rssm_teacher_forced,0,7,6,0.0013941051438450813,0.017958641052246094,0.013538971543312073,0.15697336196899414,0.020528893917798996,nan,nan
rssm_teacher_forced,0,8,6,0.005354765802621841,0.04330158233642578,0.05731275677680969,0.1679539680480957,0.002241564216092229,nan,nan
rssm_teacher_forced,0,9,6,0.006786023732274771,0.021320730447769165,0.03675556182861328,0.38031005859375,0.06117074936628342,nan,nan
rssm_teacher_forced,0,10,6,0.011306115426123142,0.0344310998916626,0.1208803728222847,0.024303317070007324,0.014791235327720642,nan,nan
rssm_teacher_forced,0,11,6,0.006187735591083765,0.017000019550323486,0.016548268496990204,0.39148104190826416,0.04867114871740341,nan,nan
rssm_teacher_forced,0,12,6,0.00020489007874857634,0.0017053484916687012,0.014655739068984985,0.03851938247680664,0.0037850160151720047,nan,nan
rssm_teacher_forced,0,13,6,0.013788658194243908,0.08173894882202148,0.060225844383239746,0.3264237642288208,0.04055400565266609,nan,nan
rssm_teacher_forced,0,14,6,0.0030212795827537775,0.051097095012664795,0.002048596739768982,0.0618443489074707,8.555671229260042e-05,nan,nan
rssm_teacher_forced,0,15,6,0.010693791322410107,0.054716646671295166,0.08828645944595337,0.23643255233764648,0.10045992583036423,nan,nan
rssm_teacher_forced,0,16,6,0.0047826580703258514,0.02102339267730713,0.009777188301086426,0.3377842903137207,0.012810396030545235,nan,nan
rssm_teacher_forced,0,17,6,0.0173106100410223,0.025961995124816895,0.15037941932678223,0.17424368858337402,0.019699422642588615,nan,nan
rssm_teacher_forced,0,18,6,0.005168278701603413,0.005449891090393066,0.08090770244598389,0.13397216796875,0.15770618617534637,nan,nan
rssm_teacher_forced,0,19,6,0.0010606639552861452,0.009362399578094482,0.004095613956451416,0.1602916717529297,0.22848552465438843,nan,nan
rssm_teacher_forced,0,20,6,0.009040535427629948,0.009403765201568604,0.08960476517677307,0.30549830198287964,0.04183627665042877,nan,nan
rssm_teacher_forced,0,21,6,0.002626104513183236,0.04803943634033203,0.0002866983413696289,0.04743218421936035,0.00444217910990119,nan,nan
rssm_teacher_forced,0,22,6,0.0018040273571386933,0.03818930685520172,0.01654297113418579,0.016677379608154297,0.029056524857878685,nan,nan
rssm_teacher_forced,0,23,6,0.013317215256392956,0.02406981587409973,0.1043277382850647,0.37616515159606934,0.20066893100738525,nan,nan
rssm_teacher_forced,0,24,6,0.012542493641376495,0.006671607494354248,0.12977316975593567,0.163673996925354,0.04533708840608597,nan,nan
rssm_teacher_forced,0,25,6,0.009703715331852436,0.008238613605499268,0.07126909494400024,0.40761899948120117,0.15659242868423462,nan,nan
rssm_teacher_forced,0,26,6,0.0007299286662600935,0.013836324214935303,0.026400446891784668,0.03407764434814453,0.020603293552994728,nan,nan
rssm_teacher_forced,0,27,6,0.013488358817994595,0.05278182029724121,0.12208390235900879,0.08065271377563477,0.12342827767133713,nan,nan
rssm_teacher_forced,0,28,6,0.005433147307485342,0.007612049579620361,0.08556154370307922,0.09992313385009766,0.08222191780805588,nan,nan
rssm_teacher_forced,0,29,6,0.0009631568682380021,0.020047903060913086,0.001067131757736206,0.11837661266326904,0.08708132058382034,nan,nan
rssm_teacher_forced,0,30,6,0.002078159712255001,0.0036150217056274414,0.054443538188934326,0.03271409869194031,0.19625139236450195,nan,nan
rssm_teacher_forced,0,31,6,0.0020481019746512175,0.002076864242553711,0.004121452569961548,0.23408997058868408,0.10477517545223236,nan,nan
rssm_teacher_forced,0,0,7,0.007519618142396212,0.0038280487060546875,0.09334421157836914,0.2046976089477539,0.08474811166524887,nan,nan
rssm_teacher_forced,0,1,7,0.007657642941921949,0.060521841049194336,0.05309230834245682,0.21394777297973633,0.0157085582613945,nan,nan
rssm_teacher_forced,0,2,7,0.004420111887156963,0.00906229019165039,0.07506337761878967,0.11401925981044769,0.3230670690536499,nan,nan
rssm_teacher_forced,0,3,7,0.0012888027122244239,0.0002186894416809082,0.04253944009542465,0.03782021999359131,0.02715359441936016,nan,nan
rssm_teacher_forced,0,4,7,0.0020559390541166067,0.009471416473388672,0.022196054458618164,0.20907211303710938,0.051933858543634415,nan,nan
rssm_teacher_forced,0,5,7,0.009677072055637836,0.007663249969482422,0.0859556794166565,0.3509683609008789,0.11614775657653809,nan,nan
rssm_teacher_forced,0,6,7,0.003374390536919236,0.02730882167816162,0.037689030170440674,0.20661067962646484,0.05849967896938324,nan,nan
rssm_teacher_forced,0,7,7,0.002943135565146804,0.037763237953186035,0.044793128967285156,0.00703740119934082,0.07808667421340942,nan,nan
rssm_teacher_forced,0,8,7,0.002837719162926078,0.03094381093978882,0.008396323770284653,0.21629667282104492,0.0005743613000959158,nan,nan
rssm_teacher_forced,0,9,7,0.014321807771921158,0.02936902642250061,0.11960035562515259,0.31175756454467773,0.11698716133832932,nan,nan
rssm_teacher_forced,0,10,7,0.0014769126428291202,0.022878170013427734,0.03294086456298828,0.06553936004638672,0.22496718168258667,nan,nan
rssm_teacher_forced,0,11,7,0.004316641949117184,0.03357100486755371,0.05756453052163124,0.14800119400024414,0.03208980709314346,nan,nan
rssm_teacher_forced,0,12,7,0.004077287390828133,0.05228620767593384,0.038568317890167236,0.036525726318359375,0.010740969330072403,nan,nan
rssm_teacher_forced,0,13,7,0.013154174201190472,0.0873141884803772,0.05030335485935211,0.28571248054504395,0.04134465754032135,nan,nan
rssm_teacher_forced,0,14,7,0.001554919290356338,0.03152024745941162,0.025339271873235703,0.024268388748168945,0.1462075412273407,nan,nan
rssm_teacher_forced,0,15,7,0.0033046186435967684,0.043206632137298584,0.020175695419311523,0.16173505783081055,0.041965555399656296,nan,nan
rssm_teacher_forced,0,16,7,0.005297078285366297,0.06454098224639893,0.013039395213127136,0.1263108253479004,0.2976553440093994,nan,nan
rssm_teacher_forced,0,17,7,0.05137966573238373,0.14399705827236176,0.20305144786834717,0.10123538970947266,1.0335228443145752,nan,nan
rssm_teacher_forced,0,18,7,0.0027456923853605986,0.0012229681015014648,0.034521281719207764,0.22816848754882812,0.3834307789802551,nan,nan
rssm_teacher_forced,0,19,7,0.006445692852139473,0.0019854307174682617,0.0268324613571167,0.40058547258377075,0.24084055423736572,nan,nan
rssm_teacher_forced,0,20,7,0.005139448679983616,0.06599593162536621,0.01714545488357544,0.061454176902770996,0.0010369057999923825,nan,nan
rssm_teacher_forced,0,21,7,0.014626151882112026,0.08204013109207153,0.07799750566482544,0.28711116313934326,0.036032285541296005,nan,nan
rssm_teacher_forced,0,22,7,0.0009388921316713095,0.017412781715393066,0.02954012155532837,0.015537738800048828,0.008457422256469727,nan,nan
rssm_teacher_forced,0,23,7,0.0075711701065301895,0.008689165115356445,0.09985727071762085,0.13530731201171875,0.11329848319292068,nan,nan
rssm_teacher_forced,0,24,7,0.0007665317971259356,0.02216506004333496,0.017408788204193115,0.022212743759155273,0.00950088631361723,nan,nan
rssm_teacher_forced,0,25,7,0.015804417431354523,0.05301851034164429,0.039063990116119385,0.5609145164489746,0.31800147891044617,nan,nan
rssm_teacher_forced,0,26,7,0.00044916613842360675,0.014871478080749512,0.01691487431526184,0.016523361206054688,0.04925357177853584,nan,nan
rssm_teacher_forced,0,27,7,0.0018371408805251122,0.01870626211166382,0.03617453575134277,0.12267875671386719,0.0012084232876077294,nan,nan
rssm_teacher_forced,0,28,7,0.00758155295625329,0.040666043758392334,0.05179014801979065,0.3254844844341278,0.44446393847465515,nan,nan
rssm_teacher_forced,0,29,7,0.006727860774844885,0.02386331558227539,0.04548332095146179,0.3555753231048584,0.019801953807473183,nan,nan
rssm_teacher_forced,0,30,7,0.0013241632841527462,0.0341411828994751,0.0029537975788116455,0.030268490314483643,0.001478054327890277,nan,nan
rssm_teacher_forced,0,31,7,0.006260497961193323,0.058349609375,0.052301377058029175,0.13152825832366943,0.011712932027876377,nan,nan
rssm_teacher_forced,0,0,8,0.00419637793675065,0.05445528030395508,0.02311265468597412,0.12338495254516602,0.07665423303842545,nan,nan
rssm_teacher_forced,0,1,8,0.005164297763258219,0.030739903450012207,0.015701472759246826,0.3265972137451172,0.20972223579883575,nan,nan
rssm_teacher_forced,0,2,8,0.007529133465141058,0.049216628074645996,0.0498015359044075,0.29224878549575806,1.0251191854476929,nan,nan
rssm_teacher_forced,0,3,8,0.0008021540124900639,0.007812201976776123,0.030457209795713425,0.052310824394226074,0.02027634158730507,nan,nan
rssm_teacher_forced,0,4,8,0.003844318212941289,0.006714820861816406,0.07412146031856537,0.03404855728149414,0.2621987760066986,nan,nan
rssm_teacher_forced,0,5,8,0.004748391918838024,0.004609465599060059,0.03998148441314697,0.31304359436035156,0.07995950430631638,nan,nan
rssm_teacher_forced,0,6,8,0.006175922695547342,0.02349776029586792,0.058128565549850464,0.29653239250183105,0.018755177035927773,nan,nan
rssm_teacher_forced,0,7,8,0.0019695342052727938,0.030743062496185303,0.0024438947439193726,0.15787625312805176,0.06521975249052048,nan,nan
rssm_teacher_forced,0,8,8,0.0006866408511996269,0.022389709949493408,0.0036876648664474487,0.05807328224182129,0.020059917122125626,nan,nan
rssm_teacher_forced,0,9,8,0.0044097998179495335,0.009723499417304993,0.074462890625,0.11835050582885742,0.010160502977669239,nan,nan
rssm_teacher_forced,0,10,8,0.0002606645575724542,0.012677133083343506,0.010828644037246704,0.00975501537322998,0.05492806434631348,nan,nan
rssm_teacher_forced,0,11,8,0.00437190243974328,0.048131704330444336,0.0207574050873518,0.2028246521949768,0.023877914994955063,nan,nan
rssm_teacher_forced,0,12,8,0.00592917762696743,0.07192325592041016,0.018086791038513184,0.013165950775146484,0.05994739755988121,nan,nan
rssm_teacher_forced,0,13,8,0.002683435333892703,0.013535499572753906,0.04510261118412018,0.17165303230285645,0.0014573023654520512,nan,nan
rssm_teacher_forced,0,14,8,0.005078239366412163,0.0662420392036438,0.002418108284473419,0.08040595054626465,0.7262505888938904,nan,nan
rssm_teacher_forced,0,15,8,0.004188606049865484,0.05299419164657593,0.005605876445770264,0.17011499404907227,0.0005433869082480669,nan,nan
rssm_teacher_forced,0,16,8,0.01364199910312891,0.09372901916503906,0.06410111486911774,0.1766514778137207,0.09545331448316574,nan,nan
rssm_teacher_forced,0,17,8,0.008356958627700806,0.06870070099830627,0.02913486957550049,0.26364803314208984,0.6350675225257874,nan,nan
rssm_teacher_forced,0,18,8,0.00569245545193553,0.018656909465789795,0.08787134289741516,0.03128671646118164,0.008151091635227203,nan,nan
rssm_teacher_forced,0,19,8,0.007753339130431414,0.04398232698440552,0.09064346551895142,0.01757681369781494,0.04133845120668411,nan,nan
rssm_teacher_forced,0,20,8,0.000658321485389024,0.0010155439376831055,0.026960432529449463,0.06586229801177979,0.013640821911394596,nan,nan
rssm_teacher_forced,0,21,8,0.004077387508004904,0.05760002136230469,0.011454880237579346,0.09468460083007812,0.015335217118263245,nan,nan
rssm_teacher_forced,0,22,8,0.0036547519266605377,0.003211379051208496,0.057386934757232666,0.1939377784729004,0.012639561668038368,nan,nan
rssm_teacher_forced,0,23,8,0.007817992940545082,0.040034472942352295,0.0800740122795105,0.2124648094177246,0.2675629258155823,nan,nan
rssm_teacher_forced,0,24,8,0.01553694624453783,0.08969277143478394,0.08596158027648926,0.20951402187347412,0.005860067903995514,nan,nan
rssm_teacher_forced,0,25,8,0.005713090766221285,0.013098835945129395,0.01605600118637085,0.3797903060913086,0.04371633380651474,nan,nan
rssm_teacher_forced,0,26,8,0.0058297570794820786,0.055915772914886475,0.03551819920539856,0.20271062850952148,0.328639417886734,nan,nan
rssm_teacher_forced,0,27,8,0.011538099497556686,0.048336923122406006,0.08935175836086273,0.3077716827392578,0.06939367204904556,nan,nan
rssm_teacher_forced,0,28,8,0.013268458656966686,0.043255746364593506,0.04473945498466492,0.5151678323745728,0.931865930557251,nan,nan
rssm_teacher_forced,0,29,8,0.0002907618472818285,0.005076706409454346,0.01732519268989563,0.03934478759765625,0.05926334112882614,nan,nan
rssm_teacher_forced,0,30,8,0.006369192618876696,0.020659804344177246,0.013302743434906006,0.39476603269577026,0.06635496765375137,nan,nan
rssm_teacher_forced,0,31,8,0.004793405067175627,0.03558552265167236,0.05932369828224182,0.16381722688674927,0.0205744206905365,nan,nan
rssm_teacher_forced,0,0,9,0.001189295551739633,0.00642848014831543,0.0034871697425842285,0.17499828338623047,0.02026602253317833,nan,nan
rssm_teacher_forced,0,1,9,0.005089211743324995,0.007455170154571533,0.033020198345184326,0.33989381790161133,0.0001652891660341993,nan,nan
rssm_teacher_forced,0,2,9,0.014113989658653736,0.004458427429199219,0.14160728454589844,0.10371673107147217,0.38791176676750183,nan,nan
rssm_teacher_forced,0,3,9,0.004530100617557764,0.012492954730987549,0.00017230212688446045,0.34284472465515137,0.0159184280782938,nan,nan
rssm_teacher_forced,0,4,9,0.0013741260627284646,0.016087830066680908,0.003047659993171692,0.17087841033935547,0.005021397024393082,nan,nan
rssm_teacher_forced,0,5,9,0.0016422378830611706,0.01895207166671753,0.008725404739379883,0.17949151992797852,0.02071652002632618,nan,nan
rssm_teacher_forced,0,6,9,0.005344518925994635,0.0676465630531311,0.0059868693351745605,0.0866398811340332,0.07409939169883728,nan,nan
rssm_teacher_forced,0,7,9,0.00036123799509368837,0.004287540912628174,0.01498347520828247,0.07114660739898682,0.1849527508020401,nan,nan
rssm_teacher_forced,0,8,9,0.0023757333401590586,0.03537064790725708,0.03820851445198059,0.003401041030883789,0.012972165830433369,nan,nan
rssm_teacher_forced,0,9,9,0.00677445949986577,0.07468230277299881,0.0029636621475219727,0.12967205047607422,0.20611080527305603,nan,nan
rssm_teacher_forced,0,10,9,0.006856091320514679,0.012959539890289307,0.06156383082270622,0.3318432569503784,0.0005816523334942758,nan,nan
rssm_teacher_forced,0,11,9,0.0037730373442173004,0.019330859184265137,0.04905512556433678,0.21526283025741577,0.16314610838890076,nan,nan
rssm_teacher_forced,0,12,9,0.002703530713915825,0.03978341817855835,0.013590753078460693,0.14994478225708008,0.000707528437487781,nan,nan
rssm_teacher_forced,0,13,9,0.005798840895295143,0.028368592262268066,0.07046978175640106,0.2025449275970459,0.10209668427705765,nan,nan
rssm_teacher_forced,0,14,9,0.0008389824070036411,0.013494491577148438,0.026979491114616394,0.06173253059387207,0.13021984696388245,nan,nan
rssm_teacher_forced,0,15,9,0.0027622536290436983,0.01863694190979004,0.03326484560966492,0.20928287506103516,0.21393324434757233,nan,nan
rssm_teacher_forced,0,16,9,0.002570749493315816,0.04621201753616333,0.01710367202758789,0.022106170654296875,0.3640342950820923,nan,nan
rssm_teacher_forced,0,17,9,0.000615363591350615,0.02007317543029785,0.011823892593383789,0.045262813568115234,0.0011839168146252632,nan,nan
rssm_teacher_forced,0,18,9,0.0045943595468997955,0.03719288110733032,0.014650791883468628,0.2808113098144531,0.1500149667263031,nan,nan
rssm_teacher_forced,0,19,9,0.008538231253623962,0.08695131540298462,0.003413647413253784,0.07351285219192505,0.04456305131316185,nan,nan
rssm_teacher_forced,0,20,9,0.015993880107998848,0.11782115697860718,0.031996726989746094,0.0028505325317382812,0.02647530473768711,nan,nan
rssm_teacher_forced,0,21,9,0.004963149782270193,0.0401647686958313,0.06517225503921509,0.08772897720336914,0.025338325649499893,nan,nan
rssm_teacher_forced,0,22,9,0.006155604496598244,0.05765891075134277,0.05932539701461792,0.0491023063659668,0.12153486162424088,nan,nan
rssm_teacher_forced,0,23,9,0.01623472012579441,0.0855289101600647,0.0944715142250061,0.23688936233520508,0.22923283278942108,nan,nan
rssm_teacher_forced,0,24,9,0.028350001201033592,0.151414155960083,0.06007254123687744,0.12998628616333008,0.051676422357559204,nan,nan
rssm_teacher_forced,0,25,9,0.00577196991071105,0.031329989433288574,0.042821601033210754,0.30452489852905273,0.00044783164048567414,nan,nan
rssm_teacher_forced,0,26,9,0.00792789552360773,0.06631255149841309,0.06706942617893219,0.017471790313720703,0.014544068835675716,nan,nan
rssm_teacher_forced,0,27,9,0.0053618657402694225,0.06826180219650269,0.018268011510372162,0.0018649101257324219,0.43606820702552795,nan,nan
rssm_teacher_forced,0,28,9,0.007039394695311785,0.012882590293884277,0.012646764516830444,0.4265928268432617,0.6192679405212402,nan,nan
rssm_teacher_forced,0,29,9,0.0002635179553180933,0.012915611267089844,0.0025066137313842773,0.045107245445251465,0.05760813131928444,nan,nan
rssm_teacher_forced,0,30,9,0.005722621455788612,0.0389178991317749,0.020146995782852173,0.3191572427749634,0.2891055941581726,nan,nan
rssm_teacher_forced,0,31,9,0.0030117053538560867,0.03729170560836792,0.042760759592056274,0.0789165273308754,0.003612420754507184,nan,nan
rssm_teacher_forced,0,0,10,0.002646998269483447,0.019752800464630127,0.026662975549697876,0.2161121368408203,1.6311991203110665e-05,nan,nan
rssm_teacher_forced,0,1,10,0.002738373586907983,0.04759061336517334,0.01298457384109497,0.05873298645019531,0.040797509253025055,nan,nan
rssm_teacher_forced,0,2,10,0.007080551236867905,0.017867088317871094,0.04637005552649498,0.37667179107666016,0.45231735706329346,nan,nan
rssm_teacher_forced,0,3,10,0.0011739629553630948,0.005969107151031494,0.01658429205417633,0.15980780124664307,0.010604417882859707,nan,nan
rssm_teacher_forced,0,4,10,0.005180730018764734,0.06341159343719482,0.0042798519134521484,0.1410837173461914,0.09101231396198273,nan,nan
rssm_teacher_forced,0,5,10,0.0027145666535943747,0.017874538898468018,0.0430891215801239,0.1718282699584961,0.1141810342669487,nan,nan
rssm_teacher_forced,0,6,10,0.0018871332285925746,0.005038559436798096,0.05169403553009033,0.0304415225982666,0.00643337145447731,nan,nan
rssm_teacher_forced,0,7,10,0.008358718827366829,0.06100660562515259,0.06443643569946289,0.19589883089065552,0.003980870358645916,nan,nan
rssm_teacher_forced,0,8,10,0.00277879205532372,0.014175117015838623,0.05557650327682495,0.10994839668273926,0.00457998551428318,nan,nan
rssm_teacher_forced,0,9,10,0.005108168814331293,0.04903170466423035,0.021387577056884766,0.24064064025878906,0.19855853915214539,nan,nan
rssm_teacher_forced,0,10,10,0.00267905299551785,0.03977155685424805,0.003456428647041321,0.1582186222076416,0.08899186551570892,nan,nan
rssm_teacher_forced,0,11,10,0.004973046947270632,0.030135691165924072,0.0708228200674057,0.12149608135223389,0.0008420122903771698,nan,nan
rssm_teacher_forced,0,12,10,0.012034453451633453,0.0762835443019867,0.07110297679901123,0.24196696281433105,0.0672445222735405,nan,nan
rssm_teacher_forced,0,13,10,0.003277820535004139,0.01769733428955078,0.06482279300689697,0.04133737087249756,0.19823527336120605,nan,nan
rssm_teacher_forced,0,14,10,0.004356407560408115,0.018620848655700684,0.07490551471710205,0.062090396881103516,0.0911320373415947,nan,nan
rssm_teacher_forced,0,15,10,0.004221204202622175,0.04586589336395264,0.05123654007911682,0.05466651916503906,0.3761630356311798,nan,nan
rssm_teacher_forced,0,16,10,0.007221863139420748,0.08016133308410645,0.0035216212272644043,0.06003856658935547,0.44942933320999146,nan,nan
rssm_teacher_forced,0,17,10,0.00031676157959736884,0.01666092872619629,0.0015343427658081055,0.015854358673095703,0.03836371749639511,nan,nan
rssm_teacher_forced,0,18,10,0.0005095073138363659,0.004338681697845459,0.024090170860290527,0.0499415397644043,0.0032800771296024323,nan,nan
rssm_teacher_forced,0,19,10,0.0022189815063029528,0.02476334571838379,0.01827959716320038,0.1883390247821808,0.009611581452190876,nan,nan
rssm_teacher_forced,0,20,10,0.024808967486023903,0.10210388898849487,0.13230562210083008,0.19218659400939941,0.03015567734837532,nan,nan
rssm_teacher_forced,0,21,10,0.010522904805839062,0.09372366964817047,0.024472296237945557,0.10843110084533691,0.07583250850439072,nan,nan
rssm_teacher_forced,0,22,10,0.0007482806104235351,0.008198201656341553,0.0019020140171051025,0.13460302352905273,0.06422743201255798,nan,nan
rssm_teacher_forced,0,23,10,0.016440652310848236,0.07595652341842651,0.11276772618293762,0.19434881210327148,0.05034574866294861,nan,nan
rssm_teacher_forced,0,24,10,0.013859670609235764,0.11122477054595947,0.0038660764694213867,0.07696413993835449,0.03491303697228432,nan,nan
rssm_teacher_forced,0,25,10,0.0019783598836511374,0.03864973783493042,0.013621963560581207,0.0745086669921875,0.01242008339613676,nan,nan
rssm_teacher_forced,0,26,10,0.008657609112560749,0.008251488208770752,0.04390057921409607,0.4427018165588379,0.0024823120329529047,nan,nan
rssm_teacher_forced,0,27,10,0.007227784488350153,0.0004718899726867676,0.07240760326385498,0.3136444091796875,0.0367240235209465,nan,nan
rssm_teacher_forced,0,28,10,0.0036153036635369062,0.004872143268585205,0.055628448724746704,0.19952243566513062,0.3536395728588104,nan,nan
rssm_teacher_forced,0,29,10,0.003601663513109088,0.01299130916595459,0.018764883279800415,0.29264259338378906,0.040966231375932693,nan,nan
rssm_teacher_forced,0,30,10,0.012432497926056385,0.05686134099960327,0.028855115175247192,0.47318530082702637,0.011964350938796997,nan,nan
rssm_teacher_forced,0,31,10,0.0061775376088917255,0.029861032962799072,0.024995535612106323,0.35862255096435547,0.0002238387824036181,nan,nan
rssm_teacher_forced,0,0,11,0.0015681233489885926,0.02177870273590088,0.026126354932785034,0.12501096725463867,0.024705199524760246,nan,nan
rssm_teacher_forced,0,1,11,0.003796275006607175,0.037629783153533936,0.046777307987213135,0.1414642333984375,0.003773114876821637,nan,nan
rssm_teacher_forced,0,2,11,0.001326552010141313,0.02373063564300537,0.028747230768203735,0.061837971210479736,0.1593845933675766,nan,nan
rssm_teacher_forced,0,3,11,0.0033687192481011152,0.0015527009963989258,0.0693804919719696,0.04615521430969238,0.041429247707128525,nan,nan
rssm_teacher_forced,0,4,11,0.011461608111858368,0.054409801959991455,0.10271871089935303,0.16381025314331055,0.018991002812981606,nan,nan
rssm_teacher_forced,0,5,11,0.004168412182480097,0.02641308307647705,0.06192316114902496,0.14516639709472656,0.11810112744569778,nan,nan
rssm_teacher_forced,0,6,11,0.007470517884939909,0.03555172681808472,0.0834125280380249,0.18917155265808105,0.0003224785323254764,nan,nan
rssm_teacher_forced,0,7,11,0.007360104471445084,0.06143319606781006,0.015336781740188599,0.2864072024822235,0.0016265804879367352,nan,nan
rssm_teacher_forced,0,8,11,0.011266998946666718,0.07447677850723267,0.07913267612457275,0.15403032302856445,0.22884762287139893,nan,nan
rssm_teacher_forced,0,9,11,0.0018432767828926444,0.003681004047393799,0.030238747596740723,0.18019866943359375,0.018954353407025337,nan,nan
rssm_teacher_forced,0,10,11,0.0034789545461535454,0.017689168453216553,0.06540758907794952,0.07575929164886475,0.01365746557712555,nan,nan
rssm_teacher_forced,0,11,11,0.005073737818747759,0.05304360389709473,0.051726333796978,0.06290388107299805,0.11253833770751953,nan,nan
rssm_teacher_forced,0,12,11,0.006537004839628935,0.026199370622634888,0.09197127819061279,0.011116504669189453,4.149565938860178e-06,nan,nan
rssm_teacher_forced,0,13,11,0.005026709288358688,0.016381025314331055,0.017996087670326233,0.3487640619277954,0.041092950850725174,nan,nan
rssm_teacher_forced,0,14,11,0.0044652437791228294,0.01572626829147339,0.07350844144821167,0.11646342277526855,0.07094602286815643,nan,nan
rssm_teacher_forced,0,15,11,0.008948015980422497,0.007982373237609863,0.024332687258720398,0.4780564308166504,0.052317503839731216,nan,nan
rssm_teacher_forced,0,16,11,0.003392905695363879,0.018506288528442383,0.058009207248687744,0.1391277313232422,0.0708741545677185,nan,nan
rssm_teacher_forced,0,17,11,0.0026694079861044884,0.036327362060546875,0.04149991273880005,0.032588958740234375,0.24469077587127686,nan,nan
rssm_teacher_forced,0,18,11,0.005624392535537481,0.026964664459228516,0.06238144636154175,0.2416987419128418,0.05869313329458237,nan,nan
rssm_teacher_forced,0,19,11,0.0004059021594002843,0.018643200397491455,0.004920542240142822,0.013169616460800171,0.008593997918069363,nan,nan
rssm_teacher_forced,0,20,11,0.005630081985145807,0.05818164348602295,0.02429419755935669,0.20096802711486816,0.007793709635734558,nan,nan
rssm_teacher_forced,0,21,11,0.002021241234615445,0.0232241153717041,5.2869319915771484e-05,0.1961817741394043,0.005811674520373344,nan,nan
rssm_teacher_forced,0,22,11,0.004409476649016142,0.04181307554244995,0.025997668504714966,0.23351001739501953,0.6830044388771057,nan,nan
rssm_teacher_forced,0,23,11,0.014129839837551117,0.07877230644226074,0.01540091261267662,0.4385647773742676,1.943698763847351,nan,nan
rssm_teacher_forced,0,24,11,0.026173343881964684,0.09934702515602112,0.11162823438644409,0.42794108390808105,0.0853930115699768,nan,nan
rssm_teacher_forced,0,25,11,0.006185443606227636,0.050876617431640625,0.033207446336746216,0.26381969451904297,0.25682950019836426,nan,nan
rssm_teacher_forced,0,26,11,0.003987810108810663,0.050904691219329834,0.031159639358520508,0.11256742477416992,0.023634793236851692,nan,nan
rssm_teacher_forced,0,27,11,0.00042475960799492896,0.017517685890197754,0.0047800540924072266,0.043778419494628906,0.044365573674440384,nan,nan
rssm_teacher_forced,0,28,11,0.0008702381164766848,0.02141362428665161,0.009961307048797607,0.08954179286956787,0.4734446704387665,nan,nan
rssm_teacher_forced,0,29,11,0.001352029968984425,0.011075973510742188,0.03648683428764343,0.0911099910736084,0.012990963645279408,nan,nan
rssm_teacher_forced,0,30,11,0.004298773128539324,0.03471308946609497,0.03760051727294922,0.23258543014526367,0.10139823704957962,nan,nan
rssm_teacher_forced,0,31,11,0.001697949250228703,0.007949531078338623,0.016618430614471436,0.1970556676387787,0.00903873611241579,nan,nan
rssm_teacher_forced,0,0,12,0.004280140157788992,0.05968141555786133,0.022821664810180664,0.002013683319091797,0.49843916296958923,nan,nan
rssm_teacher_forced,0,1,12,0.020352087914943695,0.06884786486625671,0.1007072925567627,0.4703958034515381,0.00404308782890439,nan,nan
rssm_teacher_forced,0,2,12,0.009955775924026966,0.05421745777130127,0.08390691876411438,0.22693714499473572,0.528475284576416,nan,nan
rssm_teacher_forced,0,3,12,0.0027706604450941086,0.03110891580581665,0.0011112093925476074,0.21435213088989258,0.030362939462065697,nan,nan
rssm_teacher_forced,0,4,12,0.000427138147642836,0.014214962720870972,0.00595468282699585,0.0697336196899414,0.017550356686115265,nan,nan
rssm_teacher_forced,0,5,12,0.0031418486032634974,0.01717287302017212,0.06320354342460632,0.04902029037475586,0.15014944970607758,nan,nan
rssm_teacher_forced,0,6,12,0.0010236267698928714,0.021475374698638916,0.027354896068572998,0.011043250560760498,0.0034019507002085447,nan,nan
rssm_teacher_forced,0,7,12,0.004488260950893164,0.04321771860122681,0.051354408264160156,0.13030210137367249,0.22913284599781036,nan,nan
rssm_teacher_forced,0,8,12,0.014133411459624767,0.0918622612953186,0.05703693628311157,0.2655470371246338,0.261831670999527,nan,nan
rssm_teacher_forced,0,9,12,0.0029919890221208334,0.04947161674499512,0.020405292510986328,0.017351627349853516,0.021601242944598198,nan,nan
rssm_teacher_forced,0,10,12,0.008607643656432629,0.07954078912734985,0.03883695602416992,0.12796247005462646,0.2987250089645386,nan,nan
rssm_teacher_forced,0,11,12,0.009170628152787685,0.09018838405609131,0.016786321997642517,0.021120667457580566,0.2584811747074127,nan,nan
rssm_teacher_forced,0,12,12,0.010663740336894989,0.06293678283691406,0.07140958309173584,0.2756619453430176,0.044880494475364685,nan,nan
rssm_teacher_forced,0,13,12,0.0031787387561053038,0.010590970516204834,0.03153672814369202,0.2531459331512451,0.00025207182625308633,nan,nan
rssm_teacher_forced,0,14,12,0.004206160549074411,0.045058369636535645,0.05344963073730469,0.022305727005004883,0.0006784084835089743,nan,nan
rssm_teacher_forced,0,15,12,0.004212165717035532,0.054077863693237305,0.019058167934417725,0.1414775848388672,0.09013692289590836,nan,nan
rssm_teacher_forced,0,16,12,0.013769381679594517,0.04473531246185303,0.1293318271636963,0.06196880340576172,0.03941897302865982,nan,nan
rssm_teacher_forced,0,17,12,0.0060111540369689465,0.0441209077835083,0.02281099185347557,0.30772876739501953,0.3744068443775177,nan,nan
rssm_teacher_forced,0,18,12,0.005953194107860327,0.057138919830322266,0.02751469612121582,0.22271728515625,0.0582052618265152,nan,nan
rssm_teacher_forced,0,19,12,0.0004309021169319749,0.011559247970581055,0.01958593726158142,0.02421209216117859,0.024669237434864044,nan,nan
rssm_teacher_forced,0,20,12,0.0019266396993771195,0.00735849142074585,0.047888219356536865,0.09009814262390137,0.021940607577562332,nan,nan
rssm_teacher_forced,0,21,12,0.0066861119121313095,0.07632595300674438,0.003541231155395508,0.08359003067016602,0.043460678309202194,nan,nan
rssm_teacher_forced,0,22,12,0.011414050124585629,0.08785372972488403,0.015291750431060791,0.27237462997436523,0.18541978299617767,nan,nan
rssm_teacher_forced,0,23,12,0.002738314913585782,0.0268440842628479,0.028011322021484375,0.19491195678710938,0.07347352057695389,nan,nan
rssm_teacher_forced,0,24,12,0.01684972085058689,0.06482964754104614,0.12379968166351318,0.21745824813842773,0.016441306099295616,nan,nan
rssm_teacher_forced,0,25,12,0.00039821668178774416,0.014435648918151855,0.00010406970977783203,0.06743669509887695,0.01940697804093361,nan,nan
rssm_teacher_forced,0,26,12,0.007559217978268862,0.01813560724258423,0.0946352481842041,0.17076730728149414,0.05934834107756615,nan,nan
rssm_teacher_forced,0,27,12,0.010280326008796692,0.0663413405418396,0.08250004053115845,0.1453695297241211,0.05566969886422157,nan,nan
rssm_teacher_forced,0,28,12,0.0010394164128229022,0.010030031204223633,0.009119316935539246,0.15333926677703857,0.1177755817770958,nan,nan
rssm_teacher_forced,0,29,12,0.0036139904987066984,0.034335970878601074,0.027742385864257812,0.21969151496887207,0.01341977994889021,nan,nan
rssm_teacher_forced,0,30,12,0.01076758373528719,0.004369795322418213,0.12365425378084183,0.09073865413665771,0.006257811561226845,nan,nan
rssm_teacher_forced,0,31,12,0.004908554255962372,0.046682655811309814,0.0411929190158844,0.1907305121421814,0.015898941084742546,nan,nan
rssm_teacher_forced,0,0,13,0.006816171109676361,0.03681761026382446,0.08740353584289551,0.05347490310668945,0.08930166810750961,nan,nan
rssm_teacher_forced,0,1,13,0.0002256350708194077,0.007825255393981934,0.01478111743927002,0.015558958053588867,0.0012627770192921162,nan,nan
rssm_teacher_forced,0,2,13,0.002103928942233324,0.03577017784118652,0.031870290637016296,0.004093527793884277,0.021995769813656807,nan,nan
rssm_teacher_forced,0,3,13,0.0022314260713756084,0.022741734981536865,0.02287161350250244,0.18756520748138428,0.022387303411960602,nan,nan
rssm_teacher_forced,0,4,13,0.005778072401881218,0.024806194007396698,0.052786171436309814,0.29366016387939453,0.10190632194280624,nan,nan
rssm_teacher_forced,0,5,13,0.001967800548300147,0.03458184003829956,0.004024386405944824,0.13129425048828125,0.00039967504562810063,nan,nan
rssm_teacher_forced,0,6,13,0.0063002086244523525,0.015914738178253174,0.07475805282592773,0.24385416507720947,0.023760607466101646,nan,nan
rssm_teacher_forced,0,7,13,0.0023434290196746588,0.0034747719764709473,0.05829805135726929,0.015834353864192963,0.04787326231598854,nan,nan
rssm_teacher_forced,0,8,13,0.002310173586010933,0.010916590690612793,0.013071596622467041,0.23583734035491943,0.0013923655496910214,nan,nan
rssm_teacher_forced,0,9,13,0.006452795118093491,0.06987720727920532,0.0008363127708435059,0.17008590698242188,0.005633557680994272,nan,nan
rssm_teacher_forced,0,10,13,0.005596806760877371,0.008699476718902588,0.08029645681381226,0.17307448387145996,0.04565232992172241,nan,nan
rssm_teacher_forced,0,11,13,0.00107865734025836,0.005664408206939697,0.03834155201911926,0.032616257667541504,0.0062507218681275845,nan,nan
rssm_teacher_forced,0,12,13,0.005187498405575752,0.02438029646873474,0.0812845230102539,0.023685812950134277,0.0010948926210403442,nan,nan
rssm_teacher_forced,0,13,13,0.012784064747393131,0.03477281332015991,0.01940867304801941,0.5494810342788696,0.04415290430188179,nan,nan
rssm_teacher_forced,0,14,13,0.0021840508561581373,0.03596901893615723,0.028889775276184082,0.07133841514587402,0.00038632797077298164,nan,nan
rssm_teacher_forced,0,15,13,0.004789853934198618,0.06185019016265869,0.021491169929504395,0.08369636535644531,0.3995625972747803,nan,nan
rssm_teacher_forced,0,16,13,0.020936409011483192,0.028064146637916565,0.17083024978637695,0.061583518981933594,0.0006755301728844643,nan,nan
rssm_teacher_forced,0,17,13,0.004941191989928484,0.052223801612854004,0.006182879209518433,0.22698116302490234,0.2966333329677582,nan,nan
rssm_teacher_forced,0,18,13,0.012797634117305279,0.07398802042007446,0.09716826677322388,0.09274816513061523,0.0914025753736496,nan,nan
rssm_teacher_forced,0,19,13,0.002675096271559596,0.019825994968414307,0.048320919275283813,0.13215990364551544,0.0024753797333687544,nan,nan
rssm_teacher_forced,0,20,13,0.000735295529011637,0.0024950802326202393,0.021951377391815186,0.10378766059875488,0.013080521486699581,nan,nan
rssm_teacher_forced,0,21,13,0.0040971338748931885,0.04259461164474487,0.038925111293792725,0.16936635971069336,0.10080087184906006,nan,nan
rssm_teacher_forced,0,22,13,0.007441332563757896,0.021933317184448242,0.061143338680267334,0.34285593032836914,0.0007796200225129724,nan,nan
rssm_teacher_forced,0,23,13,0.01020272821187973,0.08662921190261841,0.01643204689025879,0.2172560691833496,0.0007942268275655806,nan,nan
rssm_teacher_forced,0,24,13,0.010748065076768398,0.05965021252632141,0.09760463237762451,0.09324932098388672,0.13110458850860596,nan,nan
rssm_teacher_forced,0,25,13,0.0010306291515007615,0.01432126760482788,0.024251461029052734,0.10426139831542969,0.019394490867853165,nan,nan
rssm_teacher_forced,0,26,13,0.0010583234252408147,0.02974376082420349,0.0009851455688476562,0.047297000885009766,0.14268022775650024,nan,nan
rssm_teacher_forced,0,27,13,0.0009525411878712475,0.019618093967437744,0.02762305736541748,0.014182090759277344,0.0060176909901201725,nan,nan
rssm_teacher_forced,0,28,13,0.004681957885622978,0.0199851393699646,0.009397782385349274,0.335829496383667,0.005029104184359312,nan,nan
rssm_teacher_forced,0,29,13,0.001976527040824294,0.008429884910583496,0.049282193183898926,0.08041036128997803,0.010102763772010803,nan,nan
rssm_teacher_forced,0,30,13,0.0035982097033411264,0.030781805515289307,0.058579932898283005,0.07542729377746582,0.06935147196054459,nan,nan
rssm_teacher_forced,0,31,13,0.008694821037352085,0.05872905254364014,0.0825987160205841,0.07975631952285767,0.016774550080299377,nan,nan
rssm_teacher_forced,0,0,14,0.0035255607217550278,0.029843628406524658,0.05181843042373657,0.13844823837280273,0.14899465441703796,nan,nan
rssm_teacher_forced,0,1,14,0.008592008613049984,0.05650316923856735,0.07659941911697388,0.16970586776733398,0.0052512027323246,nan,nan
rssm_teacher_forced,0,2,14,7.626041042385623e-05,0.004202842712402344,0.0028073638677597046,0.03723931312561035,0.0037275024224072695,nan,nan
rssm_teacher_forced,0,3,14,0.006031154189258814,0.021655619144439697,0.07088896632194519,0.23701822757720947,0.02221597358584404,nan,nan
rssm_teacher_forced,0,4,14,0.00525375222787261,0.05269929766654968,0.05640906095504761,0.023830413818359375,0.08790445327758789,nan,nan
rssm_teacher_forced,0,5,14,0.002826223149895668,0.045683324337005615,0.027477145195007324,0.017476558685302734,0.12239515036344528,nan,nan
rssm_teacher_forced,0,6,14,0.0036524327006191015,0.05191957950592041,0.01733684539794922,0.11345179378986359,0.2229205220937729,nan,nan
rssm_teacher_forced,0,7,14,0.004376699682325125,0.04540812969207764,0.021203696727752686,0.22021061182022095,0.018836762756109238,nan,nan
rssm_teacher_forced,0,8,14,0.009137344546616077,0.07743293046951294,0.025189638137817383,0.2378784418106079,0.1165052279829979,nan,nan
rssm_teacher_forced,0,9,14,0.012022732757031918,0.04324716329574585,0.10084182024002075,0.28530263900756836,0.01350742019712925,nan,nan
rssm_teacher_forced,0,10,14,0.005990485195070505,0.05231654644012451,0.03604251146316528,0.23730003833770752,0.24131488800048828,nan,nan
rssm_teacher_forced,0,11,14,0.0017209158977493644,0.021191716194152832,0.028149187564849854,0.1359269618988037,0.11159366369247437,nan,nan
rssm_teacher_forced,0,12,14,0.005069924984127283,0.050754085183143616,0.04094916582107544,0.17120414972305298,0.015339203178882599,nan,nan
rssm_teacher_forced,0,13,14,0.008260072208940983,0.07442659139633179,0.02445685863494873,0.21716749668121338,0.11731848120689392,nan,nan
rssm_teacher_forced,0,14,14,0.0010815433925017715,0.03036487102508545,0.003016054630279541,0.04005253314971924,0.00042894325451925397,nan,nan
rssm_teacher_forced,0,15,14,0.005849115084856749,0.053191423416137695,0.06072264909744263,0.07596874237060547,2.5808665668591857e-05,nan,nan
rssm_teacher_forced,0,16,14,0.011669282801449299,0.07613903284072876,0.06714487075805664,0.24378609657287598,0.009112736210227013,nan,nan
rssm_teacher_forced,0,17,14,0.004833925049751997,0.002022683620452881,0.029721856117248535,0.3376150131225586,0.043916359543800354,nan,nan
rssm_teacher_forced,0,18,14,0.01995406486093998,0.05944329500198364,0.14967185258865356,0.14351487159729004,0.11494863778352737,nan,nan
rssm_teacher_forced,0,19,14,0.003213467774912715,0.0319710373878479,0.05526408553123474,0.0068746209144592285,0.008498254232108593,nan,nan
rssm_teacher_forced,0,20,14,0.0013233659556135535,0.023518741130828857,0.0014830827713012695,0.13861918449401855,0.03248634189367294,nan,nan
rssm_teacher_forced,0,21,14,0.0046731228940188885,0.0065528154373168945,0.08229589462280273,0.005265235900878906,0.09084264934062958,nan,nan
rssm_teacher_forced,0,22,14,0.008906480856239796,0.05898404121398926,0.06531250476837158,0.24138784408569336,0.0015002826694399118,nan,nan
rssm_teacher_forced,0,23,14,0.005209275986999273,0.048657238483428955,0.04960685968399048,0.15755653381347656,0.004090525209903717,nan,nan
rssm_teacher_forced,0,24,14,0.0022194369230419397,0.007791340351104736,0.008301615715026855,0.23830032348632812,0.15109622478485107,nan,nan
rssm_teacher_forced,0,25,14,0.004617996048182249,0.050975024700164795,0.0414736270904541,0.12513160705566406,0.02799431048333645,nan,nan
rssm_teacher_forced,0,26,14,0.008753682486712933,0.060702063143253326,0.04964256286621094,0.28497886657714844,0.10241475701332092,nan,nan
rssm_teacher_forced,0,27,14,0.0009357357048429549,0.01456788182258606,0.015773892402648926,0.11978626251220703,0.02308572456240654,nan,nan
rssm_teacher_forced,0,28,14,0.004521955270320177,0.029120981693267822,0.013039136305451393,0.30599045753479004,0.18579696118831635,nan,nan
rssm_teacher_forced,0,29,14,0.007564971223473549,0.016176283359527588,0.09654563665390015,0.15680480003356934,0.11317717283964157,nan,nan
rssm_teacher_forced,0,30,14,0.0024974329862743616,0.024078428745269775,0.04713979735970497,0.09593325853347778,0.5757014751434326,nan,nan
rssm_teacher_forced,0,31,14,0.0001231236819876358,0.006695926189422607,0.010376125574111938,0.0023553967475891113,0.18755638599395752,nan,nan
rssm_teacher_forced,0,0,15,0.020902229472994804,0.09660285711288452,0.09109097719192505,0.36554479598999023,0.3908461630344391,nan,nan
rssm_teacher_forced,0,1,15,0.013433076441287994,0.039108458906412125,0.09426945447921753,0.3913843631744385,0.007782789412885904,nan,nan
rssm_teacher_forced,0,2,15,0.013235463760793209,0.01605069637298584,0.1366589367389679,0.07319700717926025,0.005933061242103577,nan,nan
rssm_teacher_forced,0,3,15,0.009550799615681171,0.018350422382354736,0.02609163522720337,0.48481863737106323,0.00977071188390255,nan,nan
rssm_teacher_forced,0,4,15,0.005474484991282225,0.05228704214096069,0.04588639736175537,0.1662297248840332,0.1623743176460266,nan,nan
rssm_teacher_forced,0,5,15,0.006853922735899687,0.07653254270553589,0.019372403621673584,0.062401771545410156,0.19620028138160706,nan,nan
rssm_teacher_forced,0,6,15,0.0034822497982531786,0.02377086877822876,0.023753225803375244,0.2583352029323578,0.0019782446324825287,nan,nan
rssm_teacher_forced,0,7,15,0.00033344162511639297,0.013066351413726807,0.014275670051574707,0.012904100120067596,0.004102855455130339,nan,nan
rssm_teacher_forced,0,8,15,0.0034267043229192495,0.02059990167617798,0.06513506174087524,0.04091084003448486,0.006254040170460939,nan,nan
rssm_teacher_forced,0,9,15,0.006297794636338949,0.03903806209564209,0.052702970802783966,0.2709522247314453,0.24502110481262207,nan,nan
rssm_teacher_forced,0,10,15,0.006022844463586807,0.0665162205696106,0.03661453723907471,0.07922792434692383,0.041521500796079636,nan,nan
rssm_teacher_forced,0,11,15,0.00991321075707674,0.05704998970031738,0.09233832359313965,0.11669933795928955,0.15286816656589508,nan,nan
rssm_teacher_forced,0,12,15,0.0032754226122051477,0.04120057821273804,0.029459118843078613,0.14804035425186157,0.0019631730392575264,nan,nan
rssm_teacher_forced,0,13,15,0.016393132507801056,0.08091437816619873,0.008926868438720703,0.4961031675338745,0.15606755018234253,nan,nan
rssm_teacher_forced,0,14,15,0.002456600544974208,0.010461211204528809,0.030351340770721436,0.21456575393676758,0.013196010142564774,nan,nan
rssm_teacher_forced,0,15,15,0.007024349644780159,0.06673970818519592,0.052730441093444824,0.07671165466308594,0.07418663799762726,nan,nan
rssm_teacher_forced,0,16,15,0.003721301443874836,0.02185937762260437,0.0621190071105957,0.12287759780883789,0.005517628043889999,nan,nan
rssm_teacher_forced,0,17,15,0.010673982091248035,0.056105732917785645,0.06197446584701538,0.3515796661376953,0.18644702434539795,nan,nan
rssm_teacher_forced,0,18,15,0.008778645657002926,0.06399813294410706,0.0403749942779541,0.2916114330291748,0.10511903464794159,nan,nan
rssm_teacher_forced,0,19,15,0.012686819769442081,0.07904094457626343,0.08169405162334442,0.1833338439464569,0.1795874387025833,nan,nan
rssm_teacher_forced,0,20,15,0.020957889035344124,0.13776947557926178,0.006528198719024658,0.02133464813232422,0.19390438497066498,nan,nan
rssm_teacher_forced,0,21,15,0.0019628580193966627,0.019778668880462646,0.01625615358352661,0.19091463088989258,0.09088864177465439,nan,nan
rssm_teacher_forced,0,22,15,0.006921387743204832,0.026788294315338135,0.09421181678771973,0.0433650016784668,0.01169693935662508,nan,nan
rssm_teacher_forced,0,23,15,0.002182561671361327,0.03816559910774231,0.023167669773101807,0.07547330856323242,0.004430840723216534,nan,nan
rssm_teacher_forced,0,24,15,0.008095337077975273,0.08353900909423828,0.010465860366821289,0.09457063674926758,0.3619067072868347,nan,nan
rssm_teacher_forced,0,25,15,0.0009247616399079561,0.02345620095729828,0.01912921667098999,0.0430455207824707,8.550379425287247e-05,nan,nan
rssm_teacher_forced,0,26,15,0.0012910441728308797,0.005951225757598877,0.02354055643081665,0.15349912643432617,0.00019894659635610878,nan,nan
rssm_teacher_forced,0,27,15,0.003149326890707016,0.03739778697490692,0.0483664870262146,0.017200469970703125,0.06208880990743637,nan,nan
rssm_teacher_forced,0,28,15,0.012942259199917316,0.05200427770614624,0.056699465960264206,0.4577021598815918,0.005202628672122955,nan,nan
rssm_teacher_forced,0,29,15,0.003954489715397358,0.007895350456237793,0.06208240985870361,0.18389827013015747,0.003824369516223669,nan,nan
rssm_teacher_forced,0,30,15,0.005132618825882673,0.01311403512954712,0.06882533431053162,0.2146592140197754,0.16340585052967072,nan,nan
rssm_teacher_forced,0,31,15,0.0029300402384251356,0.01716625690460205,0.05479523539543152,0.1223534345626831,0.3122134506702423,nan,nan
rssm_stochastic,1,0,1,0.005175232421606779,0.052963435649871826,0.036520183086395264,0.17793560028076172,0.01064742635935545,0.8014137744903564,0.0
rssm_stochastic,1,1,1,0.0005560916615650058,0.020158842206001282,0.0063065290451049805,0.046797752380371094,0.03857021406292915,0.36989110708236694,0.0
rssm_stochastic,1,2,1,0.005322519689798355,0.0468294620513916,0.03748022019863129,0.22916099429130554,0.6687602400779724,1.214868187904358,0.0
rssm_stochastic,1,3,1,0.0017734403954818845,0.002734661102294922,0.038520872592926025,0.14240825176239014,0.06986778229475021,0.327889084815979,0.0
rssm_stochastic,1,4,1,0.00018277241906616837,0.007273375988006592,0.0034714937210083008,0.05599617958068848,0.03308536484837532,0.32515108585357666,0.0
rssm_stochastic,1,5,1,0.010304783470928669,0.07250064611434937,0.07414096593856812,0.14316248893737793,0.043862465769052505,0.7201900482177734,0.0
rssm_stochastic,1,6,1,0.001654315390624106,0.03783327341079712,0.0049603283405303955,0.04039454460144043,0.3412404954433441,0.6026284694671631,0.0
rssm_stochastic,1,7,1,0.0005757059552706778,0.015607118606567383,0.0030307620763778687,0.09011083841323853,0.0013196772197261453,0.6077475547790527,0.0
rssm_stochastic,1,8,1,0.0015575668076053262,0.03681135177612305,0.009725332260131836,0.0004975795745849609,0.09266833961009979,0.3624532222747803,0.0
rssm_stochastic,1,9,1,0.0008407433633692563,0.003979921340942383,0.03291773796081543,0.047414422035217285,0.005079853348433971,0.37788474559783936,0.0
rssm_stochastic,1,10,1,0.0029484471306204796,0.016124367713928223,0.02209612727165222,0.2506077289581299,0.06068658456206322,0.8030999898910522,0.0
rssm_stochastic,1,11,1,0.006726690102368593,0.03057563304901123,0.007978886365890503,0.39047694206237793,0.14154380559921265,1.0494017601013184,0.0
rssm_stochastic,1,12,1,0.0031051652040332556,0.04998505115509033,0.022618412971496582,0.009081840515136719,0.00037490445538423955,0.31710514426231384,0.0
rssm_stochastic,1,13,1,0.002198501257225871,0.03275918960571289,0.03386884927749634,0.07924163341522217,0.031420573592185974,0.21212276816368103,0.0
rssm_stochastic,1,14,1,0.0012066573835909367,0.022700369358062744,0.01117241382598877,0.12220108509063721,0.020418498665094376,0.4987128973007202,0.0
rssm_stochastic,1,15,1,0.0027125354390591383,0.04812568426132202,0.012160301208496094,0.04015636444091797,0.007665323093533516,1.1634083986282349,0.0
rssm_stochastic,1,16,1,0.0003840054851025343,0.011304736137390137,0.014257848262786865,0.053060293197631836,0.0010360019514337182,0.20726481080055237,0.0
rssm_stochastic,1,17,1,0.0008169037173502147,0.011128664016723633,0.01490706205368042,0.11941397190093994,0.005524360109120607,0.3724874258041382,0.0
rssm_stochastic,1,18,1,0.002344620181247592,0.003771185874938965,0.03677397966384888,0.19469833374023438,0.004612895660102367,0.48695504665374756,0.0
rssm_stochastic,1,19,1,0.0026349732652306557,0.00811988115310669,0.009652107954025269,0.2596007287502289,0.01739605702459812,0.9787911176681519,0.0
rssm_stochastic,1,20,1,0.0083301467821002,0.07907599210739136,0.045588381588459015,0.024145960807800293,0.0191059373319149,0.9723998308181763,0.0
rssm_stochastic,1,21,1,0.0081185856834054,0.07704198360443115,0.04376897215843201,0.08548286557197571,0.016909057274460793,0.6000025272369385,0.0
rssm_stochastic,1,22,1,0.001606411300599575,0.020810723304748535,0.04065316915512085,0.004329562187194824,0.021550461649894714,0.2596573829650879,0.0
rssm_stochastic,1,23,1,0.002410240937024355,0.03797489404678345,0.03170454502105713,0.0603405237197876,0.013000395148992538,0.25211453437805176,0.0
rssm_stochastic,1,24,1,0.0038852470461279154,0.04412740468978882,0.050451040267944336,0.006894603371620178,0.0005020347307436168,0.2434276044368744,0.0
rssm_stochastic,1,25,1,0.0008823384414426982,0.027329683303833008,0.008760988712310791,0.013746500015258789,7.402351911878213e-05,0.1918931007385254,0.0
rssm_stochastic,1,26,1,0.0020933423656970263,0.0008175671100616455,0.0321386456489563,0.19343256950378418,0.0002306674577994272,0.19326797127723694,0.0
rssm_stochastic,1,27,1,0.0004778603033628315,0.006279647350311279,0.007785379886627197,0.10295724868774414,0.0005747498944401741,0.24363143742084503,0.0
rssm_stochastic,1,28,1,0.0005217636935412884,0.0012683272361755371,0.027573883533477783,0.004632174968719482,0.008998796343803406,0.3915267288684845,0.0
rssm_stochastic,1,29,1,0.0003168043913319707,0.0006560683250427246,0.019815593957901,0.03605461120605469,0.0038238978013396263,0.14514434337615967,0.0
rssm_stochastic,1,30,1,0.000906559347640723,0.01681971549987793,0.025179892778396606,0.06608271598815918,0.013428729958832264,0.18974995613098145,0.0
rssm_stochastic,1,31,1,0.00012678425991907716,0.0015661120414733887,0.009026840329170227,0.042963624000549316,0.021940359845757484,0.777391254901886,0.0
rssm_stochastic,1,0,2,0.0069996691308915615,0.061830729246139526,0.021227896213531494,0.2586202621459961,0.008278281427919865,0.15842287242412567,0.07793469727039337
rssm_stochastic,1,1,2,0.0034816376864910126,0.03794914484024048,0.047362565994262695,0.09896516799926758,0.012215699069201946,0.8078705072402954,0.10335321724414825
rssm_stochastic,1,2,2,0.002231641672551632,0.01833927631378174,0.024452105164527893,0.19794762134552002,0.18519973754882812,0.8496176600456238,0.08761852234601974
rssm_stochastic,1,3,2,0.0013969759456813335,0.01580566167831421,0.03219905495643616,0.10563766956329346,0.06304645538330078,0.6231015920639038,0.12241797149181366
rssm_stochastic,1,4,2,0.000527694821357727,0.010421037673950195,0.005783021450042725,0.1019284725189209,0.10508240014314651,0.5607730150222778,0.13173861801624298
rssm_stochastic,1,5,2,0.001993173034861684,0.002129584550857544,0.05084192752838135,0.0775594711303711,1.0756195933936397e-08,0.8830050230026245,0.09272413700819016
rssm_stochastic,1,6,2,0.0005570938810706139,0.01711362600326538,0.004969216883182526,0.0766000747680664,0.07728499174118042,1.1877832412719727,0.16763536632061005
rssm_stochastic,1,7,2,0.00021306873532012105,0.0029201507568359375,0.008647933602333069,0.06415510177612305,0.05688617378473282,0.36946168541908264,0.11023906618356705
rssm_stochastic,1,8,2,0.0006331559852696955,0.012313306331634521,0.005150437355041504,0.10992193222045898,0.012925175949931145,2.528625249862671,0.17500725388526917
rssm_stochastic,1,9,2,0.0010403363266959786,0.023286521434783936,0.0033669471740722656,0.10833477973937988,0.010798062197864056,0.4740810692310333,0.06599283218383789
rssm_stochastic,1,10,2,0.0016188728623092175,0.0017346739768981934,0.010866105556488037,0.20346605777740479,0.025303268805146217,1.0915746688842773,0.14304783940315247
rssm_stochastic,1,11,2,0.008062037639319897,0.03292250633239746,0.006235450506210327,0.42955315113067627,0.22235804796218872,0.8576964139938354,0.11737415939569473
rssm_stochastic,1,12,2,0.003412145422771573,0.05337679386138916,0.019981324672698975,0.003669261932373047,0.0034170974977314472,0.339699387550354,0.12806637585163116
rssm_stochastic,1,13,2,0.0023471699096262455,0.020519375801086426,0.05174103379249573,0.03856933116912842,0.005712354555726051,0.30252182483673096,0.08782728761434555
rssm_stochastic,1,14,2,0.0009825661545619369,0.016372621059417725,0.022722482681274414,0.09500479698181152,0.008219685405492783,1.2208172082901,0.1340419054031372
rssm_stochastic,1,15,2,0.009432279504835606,0.09201920032501221,0.009614944458007812,0.03282356262207031,0.08150987327098846,0.9519900679588318,0.08762611448764801
rssm_stochastic,1,16,2,0.002609108341857791,0.039344947785139084,0.03569430112838745,0.03007030487060547,0.08619596809148788,0.49471354484558105,0.09483999013900757
rssm_stochastic,1,17,2,0.0009803642751649022,0.02567601203918457,0.0009624958038330078,0.08266842365264893,1.1755080322473077e-06,0.5435781478881836,0.09768056869506836
rssm_stochastic,1,18,2,0.0034340079873800278,0.01479397714138031,0.021692395210266113,0.27829504013061523,0.17197394371032715,0.5576711893081665,0.08460472524166107
rssm_stochastic,1,19,2,0.004186401143670082,0.014162540435791016,0.016842186450958252,0.3189457952976227,0.062461383640766144,1.919325590133667,0.16048191487789154
rssm_stochastic,1,20,2,0.0029261631425470114,0.03155708312988281,0.05174894630908966,0.0028058290481567383,0.026566168293356895,0.4405171275138855,0.09158012270927429
rssm_stochastic,1,21,2,0.006636662874370813,0.020164430141448975,0.09518751502037048,0.006287753582000732,0.0018562204204499722,0.3927248418331146,0.11475212126970291
rssm_stochastic,1,22,2,0.0007747535710223019,0.007248282432556152,0.02119278907775879,0.1051793098449707,0.002003680681809783,0.5092403888702393,0.0708223283290863
rssm_stochastic,1,23,2,0.0033104897011071444,0.041516900062561035,0.0397678017616272,0.09455573558807373,0.0777074471116066,0.612302303314209,0.14593496918678284
rssm_stochastic,1,24,2,0.00041709569632075727,0.00846797227859497,0.0007246136665344238,0.09544095396995544,0.02535005286335945,0.49794402718544006,0.0757070854306221
rssm_stochastic,1,25,2,0.0007156164501793683,0.018487274646759033,0.011070430278778076,0.08299112319946289,0.0012211038265377283,0.8648715019226074,0.11585976928472519
rssm_stochastic,1,26,2,0.0020513683557510376,0.008590057492256165,0.021861672401428223,0.21055221557617188,0.0006219685892574489,0.4864085018634796,0.05421921983361244
rssm_stochastic,1,27,2,0.00038280620356090367,0.013192377984523773,0.002549111843109131,0.07094573974609375,0.02714652381837368,0.4239533543586731,0.07523997128009796
rssm_stochastic,1,28,2,0.0003659310459624976,0.005077838897705078,0.021745920181274414,0.01984769105911255,0.028279054909944534,0.6210711002349854,0.10757320374250412
rssm_stochastic,1,29,2,0.002266050549224019,0.012604236602783203,0.025421202182769775,0.2109372615814209,0.013858589343726635,0.7448195219039917,0.09259627759456635
rssm_stochastic,1,30,2,0.00027441733982414007,0.01392972469329834,0.0015541315078735352,0.039885878562927246,0.000523105263710022,0.33641526103019714,0.10397420078516006
rssm_stochastic,1,31,2,0.0005662749172188342,0.012396693229675293,0.012586057186126709,0.08825433254241943,0.006148450542241335,1.7976584434509277,0.12293702363967896
rssm_stochastic,1,0,3,0.007258032914251089,0.05044397711753845,0.0025997161865234375,0.3464350700378418,1.6565254554734565e-05,0.3411438763141632,0.07249486446380615
rssm_stochastic,1,1,3,0.0010381469037383795,0.025775372982025146,0.011836051940917969,0.07534933090209961,0.00041007547406479716,0.8441367745399475,0.11053034663200378
rssm_stochastic,1,2,3,0.004052840638905764,0.019344449043273926,0.02020188421010971,0.30111873149871826,0.03689638152718544,1.2816858291625977,0.1173175796866417
rssm_stochastic,1,3,3,0.003346851794049144,0.013676464557647705,0.05401933193206787,0.17597031593322754,0.0928693413734436,0.27328726649284363,0.09173533320426941
rssm_stochastic,1,4,3,0.005348799750208855,0.06580163538455963,0.024642646312713623,0.0664370059967041,0.02819652296602726,0.8860207796096802,0.10974489152431488
rssm_stochastic,1,5,3,0.010968156158924103,0.08075767755508423,0.03874582052230835,0.27271461486816406,0.06258168816566467,0.5249508023262024,0.0772629901766777
rssm_stochastic,1,6,3,0.00036847233423031867,0.005539238452911377,0.01662929728627205,0.06271529197692871,0.024091482162475586,0.4999227821826935,0.10114258527755737
rssm_stochastic,1,7,3,0.0018589027458801866,0.0019519925117492676,0.0008693411946296692,0.2236272096633911,0.02243727259337902,0.5864883661270142,0.06575454026460648
rssm_stochastic,1,8,3,0.00022029240790288895,0.011046290397644043,0.005897581577301025,0.04092669486999512,0.007648341357707977,1.881553292274475,0.1866316795349121
rssm_stochastic,1,9,3,0.0038541879039257765,0.034570395946502686,0.030625641345977783,0.22619283199310303,0.02290031686425209,0.31295493245124817,0.08465631306171417
rssm_stochastic,1,10,3,0.0026689779479056597,0.0080796480178833,0.010919034481048584,0.26047849655151367,0.11530490219593048,0.6237366795539856,0.10809943079948425
rssm_stochastic,1,11,3,0.0082181915640831,0.020699262619018555,0.04926598072052002,0.4052385687828064,0.2863973081111908,1.0357859134674072,0.15312188863754272
rssm_stochastic,1,12,3,0.007399354130029678,0.07472217082977295,0.019356191158294678,0.16356420516967773,0.45057573914527893,0.5988790988922119,0.12975077331066132
rssm_stochastic,1,13,3,0.002285536378622055,0.01834237575531006,0.05198213458061218,0.04334390163421631,0.012813635170459747,0.27551496028900146,0.07329224795103073
rssm_stochastic,1,14,3,0.0004368091467767954,0.005271852016448975,0.016494035720825195,0.07710206508636475,0.0022861682809889317,0.7732979655265808,0.11600377410650253
rssm_stochastic,1,15,3,0.019492132589221,0.12634901702404022,0.016680240631103516,0.21497774124145508,0.34796851873397827,0.5247464776039124,0.10153879970312119
rssm_stochastic,1,16,3,0.0007126219570636749,0.016352176666259766,0.016137123107910156,0.08048772811889648,0.01299879141151905,0.15230515599250793,0.0773240327835083
rssm_stochastic,1,17,3,0.0009490342927165329,0.016411900520324707,0.02158510684967041,0.09492838382720947,8.667623478686437e-05,0.20717453956604004,0.06544449925422668
rssm_stochastic,1,18,3,0.00559166818857193,0.033031165599823,0.011084437370300293,0.340775728225708,0.1929233819246292,1.5719385147094727,0.12979580461978912
rssm_stochastic,1,19,3,0.005574314389377832,0.010575711727142334,0.006416290998458862,0.38244277238845825,0.05192994698882103,1.268675684928894,0.13094516098499298
rssm_stochastic,1,20,3,0.002946259221062064,0.03074514865875244,0.05257624387741089,0.021528244018554688,0.010898406617343426,0.3037104606628418,0.0842243880033493
rssm_stochastic,1,21,3,0.004140161443501711,5.930662155151367e-05,0.07418817281723022,0.10146903991699219,0.0007279548444785178,0.40763571858406067,0.1383456140756607
rssm_stochastic,1,22,3,0.0024521395098417997,0.03468888998031616,0.028152644634246826,0.1256263256072998,0.00931989774107933,0.23965176939964294,0.07608377933502197
rssm_stochastic,1,23,3,0.004025006201118231,0.05918532609939575,0.015481233596801758,0.007307767868041992,0.11154365539550781,0.4340822100639343,0.10628077387809753
rssm_stochastic,1,24,3,0.004741962533444166,0.05426168441772461,0.04678937792778015,0.009071528911590576,0.01613723859190941,0.3381006419658661,0.06725204735994339
rssm_stochastic,1,25,3,0.005196270067244768,0.0686255395412445,0.0018658041954040527,0.011824846267700195,0.10539455711841583,0.22125130891799927,0.06766382604837418
rssm_stochastic,1,26,3,0.003208294278010726,0.05134594067931175,0.012908697128295898,0.07155036926269531,1.4154488781059626e-05,0.23792202770709991,0.07265496999025345
rssm_stochastic,1,27,3,0.003181537613272667,0.05082208663225174,0.010044872760772705,0.08484625816345215,0.003542404156178236,0.3739108741283417,0.1161893755197525
rssm_stochastic,1,28,3,0.0005014968919567764,0.006958305835723877,0.01345023512840271,0.09356904029846191,0.038085903972387314,0.2268766164779663,0.10658597201108932
rssm_stochastic,1,29,3,0.0017246970674023032,0.0042345523834228516,0.02663038671016693,0.18144559860229492,0.14840367436408997,0.3343181312084198,0.07943450659513474
rssm_stochastic,1,30,3,0.0006063430919311941,0.007007479667663574,0.024705499410629272,0.06044095754623413,0.006640393286943436,0.5341721773147583,0.10150713473558426
rssm_stochastic,1,31,3,0.0017320518381893635,0.005072832107543945,0.04005822539329529,0.1280486285686493,0.08562852442264557,1.3491812944412231,0.11452106386423111
rssm_stochastic,1,0,4,0.01752959005534649,0.11614418029785156,0.03868389129638672,0.21066927909851074,0.3153259754180908,1.1835681200027466,0.10371868312358856
rssm_stochastic,1,1,4,0.006050221621990204,0.06022310256958008,0.05089890956878662,0.08770895004272461,0.41154181957244873,0.892214298248291,0.10667415708303452
rssm_stochastic,1,2,4,0.002702760510146618,0.0007324814796447754,0.016029685735702515,0.261050820350647,0.049796462059020996,0.41148170828819275,0.12974664568901062
rssm_stochastic,1,3,4,0.004011074081063271,0.03346145153045654,0.008541882038116455,0.2712322473526001,0.20157477259635925,0.5533019304275513,0.0867328941822052
rssm_stochastic,1,4,4,0.0076065994799137115,0.05165627598762512,0.06777000427246094,0.20316839218139648,0.2508227527141571,0.2761824131011963,0.14414069056510925
rssm_stochastic,1,5,4,0.03800676390528679,0.1681446135044098,0.09417414665222168,0.1469728946685791,0.2713392972946167,1.3427225351333618,0.1218828484416008
rssm_stochastic,1,6,4,0.007992957718670368,0.048221468925476074,0.07554198801517487,0.2034165859222412,0.39462992548942566,0.7483963966369629,0.10060596466064453
rssm_stochastic,1,7,4,0.002016108250245452,0.035768330097198486,0.02143995836377144,0.08884263038635254,0.3587130010128021,0.6907436847686768,0.06463656574487686
rssm_stochastic,1,8,4,0.0017574481898918748,0.035380423069000244,0.022657573223114014,0.02734851837158203,0.004605449736118317,0.8269631266593933,0.15976496040821075
rssm_stochastic,1,9,4,0.026097146794199944,0.043116211891174316,0.18758052587509155,0.02399313449859619,0.3312493860721588,1.094508409500122,0.07406336069107056
rssm_stochastic,1,10,4,0.0006697580101899803,0.018245041370391846,0.020955264568328857,0.009202122688293457,0.0514533668756485,0.6262110471725464,0.137952983379364
rssm_stochastic,1,11,4,0.0033710820134729147,0.00687021017074585,0.02947494387626648,0.2711418867111206,0.1521969884634018,0.7564198970794678,0.14739252626895905
rssm_stochastic,1,12,4,0.004164956975728273,0.05045217275619507,0.03572440147399902,0.11484384536743164,0.6059191226959229,0.3685148358345032,0.19074846804141998
rssm_stochastic,1,13,4,0.006210273131728172,0.06755048036575317,0.04147815704345703,0.014718353748321533,0.18669047951698303,0.3963629901409149,0.11764047294855118
rssm_stochastic,1,14,4,0.004376769531518221,0.028614401817321777,0.0030781924724578857,0.3058435916900635,0.22411896288394928,0.6249513626098633,0.1153111383318901
rssm_stochastic,1,15,4,0.01141244638711214,0.06721001118421555,0.040782928466796875,0.37807488441467285,0.08023425936698914,0.7151574492454529,0.11027510464191437
rssm_stochastic,1,16,4,0.007336531300097704,0.0637788474559784,0.043865859508514404,0.2038593292236328,0.02491113729774952,0.7299671173095703,0.10551919788122177
rssm_stochastic,1,17,4,0.0013722932199016213,0.001848369836807251,0.03564774990081787,0.11621618270874023,0.003938577603548765,1.0034784078598022,0.07380767911672592
rssm_stochastic,1,18,4,0.0009268054855056107,0.003821343183517456,0.03537189960479736,0.038979530334472656,0.019779950380325317,0.38614094257354736,0.1263635754585266
rssm_stochastic,1,19,4,0.014586579985916615,0.06811630725860596,0.012827962636947632,0.5025011897087097,0.0952766090631485,0.8360666036605835,0.10861510038375854
rssm_stochastic,1,20,4,0.013538140803575516,0.08516991138458252,0.08613935112953186,0.11368584632873535,0.09473709762096405,1.1944595575332642,0.10052440315485
rssm_stochastic,1,21,4,0.09276346117258072,0.06544333696365356,0.3425438404083252,0.4621758460998535,0.9513199925422668,1.9458242654800415,0.15078143775463104
rssm_stochastic,1,22,4,0.008323282934725285,0.06179386377334595,0.05012935400009155,0.25443267822265625,0.23986618220806122,1.1722080707550049,0.0949869155883789
rssm_stochastic,1,23,4,0.00903312023729086,0.08473941683769226,0.025252997875213623,0.13603711128234863,0.05472273752093315,0.7932333946228027,0.11563178896903992
rssm_stochastic,1,24,4,0.003685183124616742,0.011212050914764404,0.05134648084640503,0.21702563762664795,0.00012786175648216158,1.218793511390686,0.09021196514368057
rssm_stochastic,1,25,4,0.0012418546248227358,0.015828216448426247,0.025201916694641113,0.11979818344116211,0.08406416326761246,1.0530489683151245,0.13448795676231384
rssm_stochastic,1,26,4,0.0030506672337651253,0.01108047366142273,0.06405401229858398,0.05536603927612305,0.15597978234291077,0.7464669942855835,0.10519898682832718
rssm_stochastic,1,27,4,0.004314778838306665,0.04321679472923279,0.0006125569343566895,0.24671268463134766,0.2059900164604187,0.35060209035873413,0.11316733807325363
rssm_stochastic,1,28,4,0.0010641638655215502,0.021324992179870605,0.02763676643371582,0.033482104539871216,0.006872417870908976,0.3116302788257599,0.0961061641573906
rssm_stochastic,1,29,4,0.03746093064546585,0.1596158742904663,0.06279350817203522,0.4250476360321045,1.9263441562652588,0.6950985193252563,0.08187158405780792
rssm_stochastic,1,30,4,0.0023593255318701267,0.04267758131027222,0.001108616590499878,0.09740316867828369,0.043824274092912674,0.4151509702205658,0.154901921749115
rssm_stochastic,1,31,4,0.009755054488778114,0.013338923454284668,0.11711737513542175,0.0720565915107727,0.3416801989078522,0.6819812059402466,0.07609798014163971
rssm_stochastic,1,0,5,0.006867969408631325,0.061480388045310974,0.007686793804168701,0.2680060863494873,0.01923028565943241,0.9786496758460999,0.1750500649213791
rssm_stochastic,1,1,5,0.005536432843655348,0.002559363842010498,0.0018700659275054932,0.38608741760253906,0.06973323225975037,1.6320812702178955,0.18807505071163177
rssm_stochastic,1,2,5,0.003456011414527893,0.005498051643371582,0.024790000170469284,0.28459638357162476,0.06805215030908585,3.9428629875183105,0.17284443974494934
rssm_stochastic,1,3,5,0.002275949576869607,0.001922905445098877,0.01694817841053009,0.23660993576049805,0.0849178284406662,2.1899313926696777,0.17382089793682098
rssm_stochastic,1,4,5,0.005894593894481659,0.027137964963912964,0.021176934242248535,0.35894060134887695,0.08317136019468307,0.6778096556663513,0.20938003063201904
rssm_stochastic,1,5,5,0.004065892193466425,0.022097155451774597,0.0605616569519043,0.16613554954528809,0.0006385239539667964,1.0056596994400024,0.17192316055297852
rssm_stochastic,1,6,5,0.0008505562436766922,0.015730321407318115,0.02866789698600769,0.021236300468444824,0.006755594164133072,3.8237175941467285,0.3221796452999115
rssm_stochastic,1,7,5,0.0007476997561752796,0.009370744228363037,0.005996593274176121,0.12997889518737793,0.21392442286014557,1.6677870750427246,0.09828220307826996
rssm_stochastic,1,8,5,0.0009334739297628403,0.010791420936584473,0.03203967213630676,0.05300760269165039,0.021746696904301643,1.3607196807861328,0.19012285768985748
rssm_stochastic,1,9,5,0.00398117583245039,0.037521421909332275,0.05598723888397217,0.08837270736694336,0.0032952376641333103,1.1115336418151855,0.28112536668777466
rssm_stochastic,1,10,5,0.0013323599705472589,0.010475635528564453,0.016896039247512817,0.16557848453521729,0.040112536400556564,3.0335471630096436,0.23421257734298706
rssm_stochastic,1,11,5,0.009747501462697983,0.030033409595489502,0.07534246146678925,0.3626962900161743,0.2587488889694214,1.382665753364563,0.1740686148405075
rssm_stochastic,1,12,5,0.002471525687724352,0.027188539505004883,0.016220256686210632,0.19961833953857422,0.2538984417915344,0.8467940092086792,0.2036818414926529
rssm_stochastic,1,13,5,0.0018259064527228475,0.004542231559753418,0.02455449104309082,0.19372379779815674,0.002795820590108633,2.0111541748046875,0.15856516361236572
rssm_stochastic,1,14,5,0.0010007547680288553,0.003991246223449707,0.012497931718826294,0.15375661849975586,0.19599461555480957,0.670130729675293,0.2193862795829773
rssm_stochastic,1,15,5,0.023632628843188286,0.14159250259399414,0.04612177610397339,0.04965567588806152,0.08512276411056519,3.5700759887695312,0.37751322984695435
rssm_stochastic,1,16,5,0.0035175264347344637,0.038952767848968506,0.05195993185043335,0.0076656341552734375,0.054677125066518784,0.27324795722961426,0.12583613395690918
rssm_stochastic,1,17,5,0.009975613094866276,0.09498965740203857,0.005875647068023682,0.017069578170776367,0.14019939303398132,2.015214443206787,0.22272035479545593
rssm_stochastic,1,18,5,0.0004580315144266933,0.013037145137786865,0.018352806568145752,0.0331568717956543,4.740393706015311e-05,8.944448471069336,0.40172114968299866
rssm_stochastic,1,19,5,0.007285866886377335,0.018133342266082764,0.06364914774894714,0.3348464369773865,0.00048258810420520604,4.045195579528809,0.20438894629478455
rssm_stochastic,1,20,5,0.003901365213096142,0.01973932981491089,0.06621938943862915,0.11350798606872559,0.023918457329273224,1.5877727270126343,0.17116570472717285
rssm_stochastic,1,21,5,0.03150840476155281,0.0901719331741333,0.18045663833618164,0.09184467792510986,0.0012025582836940885,4.026238441467285,0.25532498955726624
rssm_stochastic,1,22,5,0.00494277523830533,0.06352605670690536,0.006104946136474609,0.11272072792053223,0.1246439591050148,0.40241003036499023,0.10763498395681381
rssm_stochastic,1,23,5,0.00037814187817275524,0.004513174295425415,7.623434066772461e-05,0.0979461669921875,0.035366401076316833,0.6862046718597412,0.1472315639257431
rssm_stochastic,1,24,5,0.006627974566072226,0.04159963130950928,0.06754869222640991,0.2080937623977661,0.0005736015737056732,1.9212456941604614,0.16166085004806519
rssm_stochastic,1,25,5,0.013382326811552048,0.1086360365152359,0.017920851707458496,0.06574440002441406,0.2273964136838913,0.8861329555511475,0.17761880159378052
rssm_stochastic,1,26,5,0.000910079397726804,0.010557085275650024,0.02437812089920044,0.10143184661865234,0.007926642894744873,1.3698835372924805,0.16657792031764984
rssm_stochastic,1,27,5,0.008398407138884068,0.05150705575942993,0.045297861099243164,0.33149242401123047,0.365528404712677,0.9009228944778442,0.201154887676239
rssm_stochastic,1,28,5,0.0014138811966404319,0.01858830451965332,0.0009733438491821289,0.16687941551208496,0.1332022100687027,1.4109958410263062,0.2106153964996338
rssm_stochastic,1,29,5,0.005312622990459204,0.03828233480453491,0.014558927156031132,0.3095693588256836,0.06486659497022629,4.049840927124023,0.27943727374076843
rssm_stochastic,1,30,5,0.00045467689051292837,0.013852953910827637,0.008168816566467285,0.07301723957061768,0.04999265447258949,1.7964937686920166,0.18128731846809387
rssm_stochastic,1,31,5,0.003431058721616864,0.017259716987609863,0.05420979857444763,0.1719389259815216,0.07868235558271408,1.9761793613433838,0.2029607594013214
rssm_stochastic,1,0,6,0.005601896438747644,0.029074817895889282,0.021283090114593506,0.34296607971191406,0.09802883863449097,0.6078440546989441,0.1671234667301178
rssm_stochastic,1,1,6,0.0052943178452551365,0.032864272594451904,0.040659889578819275,0.28328371047973633,0.3091251254081726,0.9471044540405273,0.19047226011753082
rssm_stochastic,1,2,6,0.004311323631554842,0.012751400470733643,0.02535504847764969,0.3156079053878784,0.0029543263372033834,5.045283317565918,0.15583409368991852
rssm_stochastic,1,3,6,0.002063733758404851,0.02909696102142334,0.003898337483406067,0.17384684085845947,0.07043205946683884,0.7847185134887695,0.10306216776371002
rssm_stochastic,1,4,6,0.003796727629378438,0.020223915576934814,0.017078161239624023,0.2913341522216797,0.16909919679164886,0.5692205429077148,0.17640496790409088
rssm_stochastic,1,5,6,0.0067734788171947,0.02021738886833191,0.04494786262512207,0.3651461601257324,0.006594621576368809,1.3113937377929688,0.1592995822429657
rssm_stochastic,1,6,6,0.0002902247360907495,0.014440774917602539,0.009398728609085083,0.001984834671020508,0.0009787691524252295,2.310357093811035,0.26481208205223083
rssm_stochastic,1,7,6,0.0019850453827530146,0.003712773323059082,0.013188131153583527,0.2234402298927307,0.003364397445693612,0.8600066900253296,0.08939215540885925
rssm_stochastic,1,8,6,0.002669103443622589,0.015558242797851562,0.058844611048698425,0.03195548057556152,0.002490110695362091,0.7202719449996948,0.14723090827465057
rssm_stochastic,1,9,6,0.007263572420924902,0.05201229453086853,0.07856082916259766,0.042978525161743164,0.007413905113935471,0.6238686442375183,0.1959467977285385
rssm_stochastic,1,10,6,0.0015005716122686863,0.0025281906127929688,0.0015571415424346924,0.200592041015625,0.02073024772107601,0.5347481966018677,0.17249716818332672
rssm_stochastic,1,11,6,0.007506480906158686,0.011317193508148193,0.08416935801506042,0.2610980272293091,0.0011322209611535072,0.8715651035308838,0.17174018919467926
rssm_stochastic,1,12,6,0.0013639939716085792,0.025432884693145752,0.018133342266082764,0.10729026794433594,0.0004504995886236429,0.796962320804596,0.16351120173931122
rssm_stochastic,1,13,6,0.0007990835583768785,0.008420288562774658,0.01072615385055542,0.13162899017333984,0.031133513897657394,0.599581241607666,0.14166991412639618
rssm_stochastic,1,14,6,0.001022166688926518,0.02599090337753296,0.017242014408111572,0.044942617416381836,0.0020677160937339067,0.5577467679977417,0.1588669717311859
rssm_stochastic,1,15,6,0.008919828571379185,0.08524540066719055,0.01833033561706543,0.13583612442016602,0.0003990461409557611,0.7353900671005249,0.2739565372467041
rssm_stochastic,1,16,6,0.004863109439611435,0.00517427921295166,0.08350998163223267,0.04387187957763672,0.017245693132281303,0.21571680903434753,0.13874511420726776
rssm_stochastic,1,17,6,0.004626140464097261,0.06286418437957764,0.01114732027053833,0.0710611343383789,0.09124233573675156,2.1704230308532715,0.1598038375377655
rssm_stochastic,1,18,6,0.0013896882301196456,0.015591740608215332,0.029818952083587646,0.11781740188598633,0.11005926877260208,1.8180441856384277,0.25150248408317566
rssm_stochastic,1,19,6,0.005640694405883551,0.004696309566497803,0.0725567638874054,0.23349639773368835,0.11601097136735916,2.1000287532806396,0.15731479227542877
rssm_stochastic,1,20,6,0.016848811879754066,0.06398290395736694,0.1289411187171936,0.1630091667175293,0.0006044285255484283,0.7162410616874695,0.1520891934633255
rssm_stochastic,1,21,6,0.0342552550137043,0.09168291091918945,0.1912614107131958,0.01960587501525879,0.017330020666122437,1.6450114250183105,0.23597516119480133
rssm_stochastic,1,22,6,0.0040090144611895084,0.05355687439441681,0.01658397912979126,0.13351869583129883,0.08563242852687836,0.9498984813690186,0.11674550920724869
rssm_stochastic,1,23,6,0.003641626099124551,0.054850250482559204,0.011089503765106201,0.0809469223022461,0.19045989215373993,0.871384859085083,0.1506379097700119
rssm_stochastic,1,24,6,0.005155652295798063,0.02417510747909546,0.05522322654724121,0.2559680938720703,0.004881033208221197,2.140566349029541,0.15102115273475647
rssm_stochastic,1,25,6,0.0019113196758553386,0.03440815210342407,0.028656184673309326,0.035286903381347656,0.043866608291864395,0.37569934129714966,0.13134461641311646
rssm_stochastic,1,26,6,0.004508602432906628,0.03672820329666138,0.00024241209030151367,0.2855081558227539,0.01548132672905922,1.1306736469268799,0.16942757368087769
rssm_stochastic,1,27,6,0.0033663760405033827,0.0008294582366943359,0.01032167673110962,0.29801273345947266,0.12642008066177368,0.902549147605896,0.13243328034877777
rssm_stochastic,1,28,6,0.002218889072537422,0.01656925678253174,0.006265431642532349,0.2257528007030487,0.19063140451908112,1.6532291173934937,0.17405284941196442
rssm_stochastic,1,29,6,0.001925636432133615,0.022365212440490723,0.0024423226714134216,0.19225633144378662,0.062489986419677734,1.1103612184524536,0.16127312183380127
rssm_stochastic,1,30,6,0.0005263607017695904,0.011952102184295654,0.016248375177383423,0.07133778929710388,0.042506299912929535,2.309901714324951,0.18457625806331635
rssm_stochastic,1,31,6,0.006529876496642828,3.355741500854492e-05,0.051612019538879395,0.3564491868019104,0.12261244654655457,1.089398741722107,0.15362705290317535
rssm_stochastic,1,0,7,0.002724532736465335,0.02944284677505493,0.006017744541168213,0.21692466735839844,0.0041360920295119286,0.5838198065757751,0.13235267996788025
rssm_stochastic,1,1,7,0.004751111846417189,0.02434062957763672,0.05485382676124573,0.23477458953857422,0.27944591641426086,0.6936057806015015,0.14146816730499268
rssm_stochastic,1,2,7,0.0049704317934811115,0.0027791261672973633,0.054434239864349365,0.28152236342430115,0.1421554982662201,1.5211896896362305,0.11581182479858398
rssm_stochastic,1,3,7,0.0033139039296656847,0.0015383362770080566,0.0273320060223341,0.27486371994018555,0.11781223863363266,0.8025500178337097,0.0915769711136818
rssm_stochastic,1,4,7,0.0028848617803305387,0.0168154239654541,0.019343644380569458,0.2500271797180176,0.4628337025642395,0.6917823553085327,0.11280044168233871
rssm_stochastic,1,5,7,0.007465637754648924,0.04329162836074829,0.01587092876434326,0.3755316734313965,0.26131173968315125,2.182934045791626,0.1960010677576065
rssm_stochastic,1,6,7,0.0007962983218021691,0.005944669246673584,6.61611557006836e-05,0.14292192459106445,0.054392505437135696,0.353226900100708,0.1972094476222992
rssm_stochastic,1,7,7,0.0025146191474050283,0.018512248992919922,0.008764013648033142,0.2371145486831665,0.0017250292003154755,0.36589309573173523,0.08161909133195877
rssm_stochastic,1,8,7,0.002718274248763919,0.009697973728179932,0.060649409890174866,0.05266404151916504,0.0036137965507805347,0.6152671575546265,0.09193339943885803
rssm_stochastic,1,9,7,0.013399400748312473,0.10003140568733215,0.05576258897781372,0.08236241340637207,0.05139908194541931,0.6723237633705139,0.19112972915172577
rssm_stochastic,1,10,7,0.0024845118168741465,0.006708502769470215,0.007844824343919754,0.254044771194458,0.12943775951862335,0.4849205017089844,0.14678743481636047
rssm_stochastic,1,11,7,0.00867778342217207,0.007190346717834473,0.09444278478622437,0.26122307777404785,0.0023022929672151804,1.2692161798477173,0.2252686619758606
rssm_stochastic,1,12,7,0.0044923159293830395,0.014338314533233643,0.06790202856063843,0.17359542846679688,0.00946887768805027,0.5021382570266724,0.12532152235507965
rssm_stochastic,1,13,7,0.0016534669557586312,0.014795839786529541,0.0027105510234832764,0.19482028484344482,0.11969073116779327,0.7293380498886108,0.11592904478311539
rssm_stochastic,1,14,7,0.0004787626676261425,0.010970711708068848,0.001720145344734192,0.09634160995483398,0.0013404061319306493,0.8578346967697144,0.16686807572841644
rssm_stochastic,1,15,7,0.006036148872226477,0.05528521537780762,0.00449293851852417,0.2675900459289551,0.0119325565174222,1.1095545291900635,0.18265792727470398
rssm_stochastic,1,16,7,0.004334333818405867,0.010047078132629395,0.0677296370267868,0.1715068817138672,0.06771422922611237,0.5439410209655762,0.1058909222483635
rssm_stochastic,1,17,7,0.0015087019419297576,0.03656695783138275,0.0038896799087524414,0.026048660278320312,0.0225230660289526,0.7995233535766602,0.12642088532447815
rssm_stochastic,1,18,7,0.00017358321929350495,0.011456668376922607,0.005667746067047119,0.013774871826171875,0.09204406291246414,0.5104037523269653,0.16393817961215973
rssm_stochastic,1,19,7,0.009443696588277817,0.03575730323791504,0.08518052101135254,0.2882341742515564,0.35492584109306335,1.7781710624694824,0.15041795372962952
rssm_stochastic,1,20,7,0.023875653743743896,0.10396575927734375,0.1070510745048523,0.3342052698135376,0.11379479616880417,0.9375523924827576,0.1488974243402481
rssm_stochastic,1,21,7,0.03474121168255806,0.10069912672042847,0.1838056445121765,0.11597752571105957,0.0292294230312109,2.0056042671203613,0.20351853966712952
rssm_stochastic,1,22,7,0.014502500183880329,0.10978047549724579,0.015205621719360352,0.16959714889526367,0.3486991226673126,0.6030541062355042,0.121109738945961
rssm_stochastic,1,23,7,5.975731983198784e-05,0.00048032402992248535,0.00881648063659668,0.013162612915039062,0.004154205322265625,0.903586745262146,0.1271919310092926
rssm_stochastic,1,24,7,0.020760083571076393,0.10023927688598633,0.08213722705841064,0.3702501058578491,0.05675901100039482,0.48655766248703003,0.12418846786022186
rssm_stochastic,1,25,7,0.0025308807380497456,0.03206437826156616,0.045243918895721436,0.0028371810913085938,0.02513788267970085,0.7535321712493896,0.11652085930109024
rssm_stochastic,1,26,7,0.002324052155017853,0.016971588134765625,0.013587504625320435,0.22521638870239258,0.032104842364788055,0.7167168259620667,0.15809014439582825
rssm_stochastic,1,27,7,0.0005924220313318074,0.000362396240234375,0.0009205937385559082,0.1263275146484375,0.12718382477760315,0.8783389329910278,0.10560272634029388
rssm_stochastic,1,28,7,0.002588915405794978,0.006297051906585693,0.02447602152824402,0.2400282919406891,0.26525580883026123,0.3769291639328003,0.13943126797676086
rssm_stochastic,1,29,7,0.007832656614482403,0.02314138412475586,0.04913646727800369,0.3884241580963135,0.1129373162984848,0.5143566131591797,0.12009602785110474
rssm_stochastic,1,30,7,0.0011233410332351923,0.02013099193572998,0.008763641119003296,0.1297713816165924,0.003593015717342496,0.656493067741394,0.14557185769081116
rssm_stochastic,1,31,7,0.004401540849357843,0.00394284725189209,0.040748536586761475,0.296091765165329,0.10905421525239944,0.7798097729682922,0.15574026107788086
rssm_stochastic,1,0,8,0.0036927107721567154,0.04397696256637573,0.027316689491271973,0.1684741973876953,0.22999142110347748,0.5654900074005127,0.11503536254167557
rssm_stochastic,1,1,8,0.007758986204862595,0.056377410888671875,0.06095007061958313,0.21540498733520508,0.5573605298995972,0.6730462312698364,0.14241741597652435
rssm_stochastic,1,2,8,0.003966574091464281,0.049875736236572266,0.030554724857211113,0.12596696615219116,1.1555774211883545,0.6075831651687622,0.0876336395740509
rssm_stochastic,1,3,8,0.007871338166296482,0.02406531572341919,0.0853293240070343,0.2469576597213745,0.028723256662487984,0.6444451808929443,0.1109820008277893
rssm_stochastic,1,4,8,0.005586340557783842,0.026520133018493652,0.027232691645622253,0.34074974060058594,0.2954326272010803,0.6626354455947876,0.1179908886551857
rssm_stochastic,1,5,8,0.00698988838121295,0.007874608039855957,0.009953081607818604,0.4299492835998535,0.24327099323272705,0.9734950661659241,0.18116259574890137
rssm_stochastic,1,6,8,0.0017256546998396516,0.01891392469406128,0.036366939544677734,0.10748946666717529,0.0004449100815691054,0.4070562422275543,0.13111117482185364
rssm_stochastic,1,7,8,0.0019149674335494637,0.0015603899955749512,0.02719217538833618,0.19482779502868652,0.05362521857023239,0.38357481360435486,0.06612160801887512
rssm_stochastic,1,8,8,0.0008721087942831218,0.011172473430633545,0.03232771158218384,0.023760557174682617,0.0008074508514255285,0.9478844404220581,0.09838791936635971
rssm_stochastic,1,9,8,0.03024192713201046,0.11846141517162323,0.13952094316482544,0.20033526420593262,0.07744906097650528,0.5210057497024536,0.14095363020896912
rssm_stochastic,1,10,8,0.0008141629514284432,0.0041596293449401855,0.008034057915210724,0.14232277870178223,0.004916660487651825,1.0939074754714966,0.15761439502239227
rssm_stochastic,1,11,8,0.012577556073665619,0.03724861145019531,0.11041896790266037,0.2710098624229431,0.07308214902877808,0.685836672782898,0.17747335135936737
rssm_stochastic,1,12,8,0.009558879770338535,0.07712095975875854,0.06612223386764526,0.023458480834960938,0.24247200787067413,1.0913922786712646,0.1297585815191269
rssm_stochastic,1,13,8,0.0010528102284297347,0.0018510818481445312,0.008007124066352844,0.1646590232849121,0.01012213621288538,0.6503375768661499,0.08704475313425064
rssm_stochastic,1,14,8,0.0013416660949587822,0.00670623779296875,0.04244403541088104,0.040871381759643555,0.07506930083036423,1.1956576108932495,0.17066070437431335
rssm_stochastic,1,15,8,0.012615294195711613,0.10240799188613892,0.0366896390914917,0.0617671012878418,0.39595142006874084,0.5355218648910522,0.1393042653799057
rssm_stochastic,1,16,8,0.00831903237849474,0.047214388847351074,0.04805829003453255,0.33998966217041016,1.2228541374206543,0.7389130592346191,0.11760882288217545
rssm_stochastic,1,17,8,0.010936363600194454,0.09777849912643433,0.0061179399490356445,0.10087156295776367,0.020342936739325523,0.6068406701087952,0.11714927107095718
rssm_stochastic,1,18,8,0.026834003627300262,0.1019599437713623,0.14944036304950714,0.05926656723022461,0.7991900444030762,0.4938434064388275,0.12939400970935822
rssm_stochastic,1,19,8,0.00138784886803478,0.017330706119537354,0.03685414791107178,0.05908644199371338,0.04860510677099228,0.4872044622898102,0.16017289459705353
rssm_stochastic,1,20,8,0.11381752043962479,0.28281891345977783,0.12116393446922302,0.6500294804573059,0.5084710121154785,1.4043606519699097,0.14128191769123077
rssm_stochastic,1,21,8,0.02089935541152954,0.008087486028671265,0.17202919721603394,0.12916064262390137,0.025739721953868866,1.352089285850525,0.20896144211292267
rssm_stochastic,1,22,8,0.005379434674978256,0.017444729804992676,0.04534459114074707,0.31333112716674805,0.10236440598964691,0.6379061341285706,0.15641674399375916
rssm_stochastic,1,23,8,0.02371330000460148,0.1345212459564209,0.010348260402679443,0.31601572036743164,0.7407538294792175,0.6414234638214111,0.11246886104345322
rssm_stochastic,1,24,8,0.014207755215466022,0.02845829725265503,0.1272624135017395,0.24666857719421387,0.0187271386384964,1.194610357284546,0.12541097402572632
rssm_stochastic,1,25,8,0.008130260743200779,0.03940457105636597,0.09124663472175598,0.1407032012939453,0.07535438239574432,0.5478984117507935,0.1127709224820137
rssm_stochastic,1,26,8,0.009419026784598827,0.02943652868270874,0.03420063853263855,0.4546957015991211,0.34192606806755066,0.3139011561870575,0.11905308067798615
rssm_stochastic,1,27,8,0.0028287924360483885,0.030634701251983643,0.05107356607913971,0.01911306381225586,0.1243167445063591,0.5129401683807373,0.11546154320240021
rssm_stochastic,1,28,8,0.0030317679047584534,0.029868483543395996,0.05466413497924805,0.014997780323028564,0.06818805634975433,0.7674323320388794,0.13898974657058716
rssm_stochastic,1,29,8,0.006601693574339151,0.03140932321548462,0.06262218952178955,0.27660977840423584,0.0013459983747452497,0.6163063645362854,0.13371708989143372
rssm_stochastic,1,30,8,0.004011180717498064,0.039353370666503906,0.0031123459339141846,0.24897128343582153,0.17632877826690674,0.6366605758666992,0.13412651419639587
rssm_stochastic,1,31,8,0.009798922576010227,0.038843631744384766,0.07072174549102783,0.3568386733531952,0.3630751669406891,0.6711654663085938,0.14320364594459534
rssm_stochastic,1,0,9,0.00280870427377522,0.009767413139343262,0.03344893455505371,0.22871875762939453,0.036633431911468506,0.6313409805297852,0.11373632401227951
rssm_stochastic,1,1,9,0.0017049949383363128,0.003032386302947998,0.04870009422302246,0.045069217681884766,0.04625336453318596,1.0783426761627197,0.1633872091770172
rssm_stochastic,1,2,9,0.0016615743516013026,0.0013675689697265625,0.02554076723754406,0.1809537708759308,0.12403243780136108,3.8212928771972656,0.1574523150920868
rssm_stochastic,1,3,9,0.0029242371674627066,0.00523751974105835,0.05706387758255005,0.1344674825668335,0.02975119650363922,9.155387878417969,0.35420292615890503
rssm_stochastic,1,4,9,0.006309017073363066,0.03947955369949341,0.020063012838363647,0.341219425201416,0.11710429191589355,9.409096717834473,0.20807045698165894
rssm_stochastic,1,5,9,0.003210601629689336,0.0005961060523986816,0.04039376974105835,0.2377629280090332,0.12265118211507797,1.7427585124969482,0.23942990601062775
rssm_stochastic,1,6,9,0.0016590150771662593,0.00609743595123291,0.04322785139083862,0.09604442119598389,0.058921393007040024,2.9686551094055176,0.22796157002449036
rssm_stochastic,1,7,9,0.0039004364516586065,0.041259765625,0.007403284311294556,0.23152124881744385,0.0014622578164562583,2.200571298599243,0.14649905264377594
rssm_stochastic,1,8,9,0.003050846979022026,0.020608127117156982,0.03193318843841553,0.22557306289672852,0.11474179476499557,2.9576940536499023,0.2168569415807724
rssm_stochastic,1,9,9,0.009853441268205643,0.09017587453126907,0.03241550922393799,0.06903934478759766,0.09475452452898026,5.626194000244141,0.4333484172821045
rssm_stochastic,1,10,9,0.003309832187369466,0.025455892086029053,0.028053544461727142,0.2356243133544922,0.05931442603468895,0.8913131952285767,0.18840420246124268
rssm_stochastic,1,11,9,0.006761498749256134,0.0137556791305542,0.09751834720373154,0.03992098569869995,0.31528499722480774,3.228663921356201,0.2687002420425415
rssm_stochastic,1,12,9,0.01203358918428421,0.06058645248413086,0.10813552141189575,0.010874271392822266,0.398127943277359,1.607656478881836,0.18625371158123016
rssm_stochastic,1,13,9,0.0025691359769552946,0.00530242919921875,0.042404331266880035,0.1879878044128418,0.13730388879776,1.4115971326828003,0.15648366510868073
rssm_stochastic,1,14,9,0.0017803757218644023,0.03273189067840576,0.021614044904708862,0.0870504379272461,0.13114584982395172,1.4810136556625366,0.2094268798828125
rssm_stochastic,1,15,9,0.005640016403049231,0.01923149824142456,0.07338811457157135,0.2047748565673828,0.1632038950920105,4.110925674438477,0.21190914511680603
rssm_stochastic,1,16,9,0.010265016928315163,0.08240759372711182,0.030983805656433105,0.23953628540039062,0.6303673386573792,1.9076446294784546,0.13816991448402405
rssm_stochastic,1,17,9,0.0065231528133153915,0.07044166326522827,0.022119998931884766,0.13955116271972656,0.1717863380908966,2.588408946990967,0.2866581976413727
rssm_stochastic,1,18,9,0.0048825484700500965,0.007458031177520752,0.0777294933795929,0.13695859909057617,0.057625528424978256,7.83940315246582,0.234132319688797
rssm_stochastic,1,19,9,0.0021604078356176615,0.020374715328216553,0.04699127376079559,0.0725480318069458,0.06762740015983582,3.5576648712158203,0.23429185152053833
rssm_stochastic,1,20,9,0.06188442185521126,0.15645486116409302,0.21578359603881836,0.29005634784698486,0.020372804254293442,6.426308631896973,0.21544677019119263
rssm_stochastic,1,21,9,0.03413090109825134,0.1430796980857849,0.08970081806182861,0.40499329566955566,0.247480571269989,0.781530499458313,0.2419338822364807
rssm_stochastic,1,22,9,0.00592133728787303,0.0032334327697753906,0.09268510341644287,0.03430795669555664,0.09758354723453522,0.4571991264820099,0.14801886677742004
rssm_stochastic,1,23,9,0.003284807549789548,0.04822129011154175,0.009844422340393066,0.1330866813659668,0.3218594193458557,4.530819892883301,0.2790297269821167
rssm_stochastic,1,24,9,0.025898436084389687,0.06262564659118652,0.14048415422439575,0.46741485595703125,0.19307923316955566,7.4448018074035645,0.17825353145599365
rssm_stochastic,1,25,9,0.005157140549272299,0.02533411979675293,0.08022463321685791,0.038547515869140625,0.38647329807281494,1.5461806058883667,0.1510087102651596
rssm_stochastic,1,26,9,0.004687740933150053,0.02531266212463379,0.03512151539325714,0.2909889221191406,0.09816534072160721,3.008574962615967,0.2453116476535797
rssm_stochastic,1,27,9,0.007580698933452368,0.05901151895523071,0.021298326551914215,0.30434131622314453,0.010863480158150196,1.9816715717315674,0.1533990055322647
rssm_stochastic,1,28,9,0.003548738546669483,0.007484555244445801,0.06929884850978851,0.0748407244682312,0.17479674518108368,2.0652408599853516,0.22026202082633972
rssm_stochastic,1,29,9,0.001911821193061769,0.002042531967163086,0.0050776004791259766,0.22575366497039795,0.04960129037499428,7.942148685455322,0.32359322905540466
rssm_stochastic,1,30,9,0.003112434409558773,0.02228260040283203,0.013878673315048218,0.25620973110198975,0.08702223002910614,0.9051413536071777,0.16011495888233185
rssm_stochastic,1,31,9,0.011006389744579792,0.01541149616241455,0.10357454419136047,0.3036728501319885,0.31024810671806335,1.918951392173767,0.25008445978164673
rssm_stochastic,1,0,10,0.0019616379868239164,0.014232099056243896,0.03483326733112335,0.15665626525878906,0.11580252647399902,2.386920690536499,0.13551078736782074
rssm_stochastic,1,1,10,0.008687579073011875,0.07064449787139893,0.05898022651672363,0.14813470840454102,0.04622773081064224,1.2107747793197632,0.15626195073127747
rssm_stochastic,1,2,10,0.0013898643665015697,0.007441282272338867,0.0051787421107292175,0.1880066841840744,0.07035210728645325,1.757581114768982,0.15313294529914856
rssm_stochastic,1,3,10,0.0056566218845546246,0.004090487957000732,0.07174052298069,0.2393273115158081,0.16210389137268066,2.402041435241699,0.23056858777999878
rssm_stochastic,1,4,10,0.005496905650943518,0.011310696601867676,0.06098133325576782,0.2756180763244629,0.019284678623080254,1.2166056632995605,0.16554740071296692
rssm_stochastic,1,5,10,0.004928126931190491,0.01278597116470337,0.06107915937900543,0.24361562728881836,0.23363164067268372,3.0174560546875,0.14750853180885315
rssm_stochastic,1,6,10,0.0017785470699891448,0.01062774658203125,0.002873539924621582,0.21085679531097412,0.037225015461444855,1.3328027725219727,0.15942957997322083
rssm_stochastic,1,7,10,0.006725174840539694,0.023622870445251465,0.008873969316482544,0.4041672945022583,0.019722050055861473,0.8037850260734558,0.09915677458047867
rssm_stochastic,1,8,10,0.0016778064891695976,0.006749868392944336,0.03590098023414612,0.14198637008666992,0.030372247099876404,1.0651137828826904,0.16809818148612976
rssm_stochastic,1,9,10,0.03313325345516205,0.17262792587280273,0.005375981330871582,0.0869898796081543,0.553709089756012,3.118983268737793,0.31479015946388245
rssm_stochastic,1,10,10,0.0009544782224111259,0.00457000732421875,0.026483163237571716,0.11047744750976562,0.03601327911019325,1.3620920181274414,0.16386741399765015
rssm_stochastic,1,11,10,0.007234789431095123,0.0009612441062927246,0.10275041311979294,0.025609493255615234,0.6677826046943665,2.9904637336730957,0.2690056264400482
rssm_stochastic,1,12,10,0.0036230243276804686,0.05333685874938965,0.00851351022720337,0.10883951187133789,0.16812998056411743,0.4875847399234772,0.1600722074508667
rssm_stochastic,1,13,10,0.0017734247958287597,0.00877535343170166,0.014720741659402847,0.20384180545806885,0.011757665313780308,1.6688799858093262,0.14309081435203552
rssm_stochastic,1,14,10,0.0026573471259325743,0.043118834495544434,0.024906307458877563,0.07069754600524902,0.05751660838723183,0.9901949763298035,0.16784663498401642
rssm_stochastic,1,15,10,0.003723018104210496,0.024669170379638672,0.05201015621423721,0.18030214309692383,0.09310024231672287,0.3934098482131958,0.16260764002799988
rssm_stochastic,1,16,10,0.010302758775651455,0.04168367385864258,0.014605998992919922,0.47150182723999023,0.32066482305526733,2.796008586883545,0.17901235818862915
rssm_stochastic,1,17,10,0.003979773260653019,0.05744755268096924,0.02208954095840454,0.016838550567626953,0.22600513696670532,1.2671513557434082,0.16751083731651306
rssm_stochastic,1,18,10,0.008699871599674225,0.07872551679611206,0.043594419956207275,0.12439203262329102,0.5311686396598816,1.6227467060089111,0.1845531463623047
rssm_stochastic,1,19,10,0.00227958126924932,0.00677490234375,0.04577697813510895,0.14671051502227783,0.13277964293956757,1.5085132122039795,0.1752210408449173
rssm_stochastic,1,20,10,0.06937093287706375,0.17321890592575073,0.2059791386127472,0.4449516534805298,0.20664483308792114,4.639118671417236,0.24487830698490143
rssm_stochastic,1,21,10,0.031422410160303116,0.1545921415090561,0.046849966049194336,0.3112919330596924,0.4132213890552521,1.9429457187652588,0.2055158168077469
rssm_stochastic,1,22,10,0.010664214380085468,0.07747334241867065,0.06306517124176025,0.18978166580200195,0.3861105442047119,2.6807284355163574,0.1965216100215912
rssm_stochastic,1,23,10,0.0003917375288438052,0.008310198783874512,0.01840326189994812,0.04770469665527344,0.1394309252500534,2.3556461334228516,0.18674308061599731
rssm_stochastic,1,24,10,0.028248822316527367,0.09778037667274475,0.10371297597885132,0.5288481712341309,0.43746206164360046,2.314169406890869,0.20108117163181305
rssm_stochastic,1,25,10,0.0019024568609893322,0.018234193325042725,0.023065276443958282,0.1778559684753418,0.08083074539899826,0.7449197769165039,0.12263146787881851
rssm_stochastic,1,26,10,0.010435487143695354,0.04970592260360718,0.08919891715049744,0.24799013137817383,0.24682581424713135,0.8941168785095215,0.1759347915649414
rssm_stochastic,1,27,10,0.002990103093907237,0.022534191608428955,0.04597872495651245,0.16315984725952148,5.4204429034143686e-05,0.8665360808372498,0.12875394523143768
rssm_stochastic,1,28,10,0.002586832270026207,0.004639804363250732,0.05848871171474457,0.07825928926467896,0.11134117096662521,1.7348544597625732,0.2507006824016571
rssm_stochastic,1,29,10,0.008317834697663784,0.017637968063354492,0.05342969298362732,0.40313518047332764,0.08644001185894012,3.2944958209991455,0.22777007520198822
rssm_stochastic,1,30,10,0.0018270999426022172,0.0005791187286376953,0.02262556552886963,0.1996004581451416,0.1031145453453064,1.479707956314087,0.16623885929584503
rssm_stochastic,1,31,10,0.00951959565281868,0.015174269676208496,0.10100734233856201,0.2490091472864151,0.5592959523200989,2.884242534637451,0.2399611473083496
rssm_stochastic,1,0,11,0.0019551764708012342,0.01633632183074951,0.04916597902774811,0.01679372787475586,0.25347957015037537,1.451601505279541,0.12156247347593307
rssm_stochastic,1,1,11,0.007517288904637098,0.06961309909820557,0.05390059947967529,0.07238292694091797,0.18907728791236877,2.2824079990386963,0.1607876420021057
rssm_stochastic,1,2,11,0.0015452838269993663,0.014440298080444336,0.02116168849170208,0.16502627730369568,0.04458358883857727,0.9393399953842163,0.11899866163730621
rssm_stochastic,1,3,11,0.006065251771360636,0.0028797388076782227,0.08458888530731201,0.17764151096343994,0.25937411189079285,1.102590799331665,0.16894474625587463
rssm_stochastic,1,4,11,0.0034637267235666513,0.041667640209198,0.03706556558609009,0.12854957580566406,0.3595840036869049,1.3127703666687012,0.12089802324771881
rssm_stochastic,1,5,11,0.018326209858059883,0.04528248310089111,0.12145702540874481,0.40205860137939453,0.22740823030471802,1.7898815870285034,0.16996923089027405
rssm_stochastic,1,6,11,0.004154226277023554,0.001603841781616211,0.025120198726654053,0.31677258014678955,0.0317259319126606,0.5645111799240112,0.09869241714477539
rssm_stochastic,1,7,11,0.006106262560933828,0.009874939918518066,0.010902494192123413,0.3995053172111511,0.10098959505558014,0.7172374129295349,0.10554264485836029
rssm_stochastic,1,8,11,0.0019640077371150255,0.022526443004608154,0.03583794832229614,0.11932110786437988,0.0084650544449687,0.9647274017333984,0.13318198919296265
rssm_stochastic,1,9,11,0.009233660064637661,0.08493956923484802,0.043374061584472656,0.0013132095336914062,0.37174132466316223,2.274341344833374,0.22850723564624786
rssm_stochastic,1,10,11,0.0019487584941089153,0.005899369716644287,0.026606231927871704,0.19618356227874756,0.0009707299759611487,0.49413222074508667,0.13340964913368225
rssm_stochastic,1,11,11,0.007364587392657995,0.034311890602111816,0.0881279855966568,0.14354443550109863,0.830602765083313,2.137709140777588,0.21075019240379333
rssm_stochastic,1,12,11,0.0020782279316335917,0.03353491425514221,0.02911466360092163,0.08379769325256348,0.027398038655519485,0.6394577622413635,0.14075347781181335
rssm_stochastic,1,13,11,0.0015201122732833028,0.0011881589889526367,0.009492523968219757,0.1982353925704956,0.01968885026872158,0.7377691864967346,0.11069346964359283
rssm_stochastic,1,14,11,0.0027550850063562393,0.028759777545928955,0.047430187463760376,0.09108376502990723,0.11564290523529053,0.34923258423805237,0.11513743549585342
rssm_stochastic,1,15,11,0.0018825751030817628,0.014234066009521484,0.003525450825691223,0.21100997924804688,0.0030958340503275394,0.3371007740497589,0.113430917263031
rssm_stochastic,1,16,11,0.015372216701507568,0.056696951389312744,0.03244739770889282,0.5474395751953125,0.3757607042789459,0.26765206456184387,0.13520988821983337
rssm_stochastic,1,17,11,0.0014457706129178405,0.035799384117126465,0.004686325788497925,0.022493839263916016,0.6070747375488281,0.4475407600402832,0.1395816206932068
rssm_stochastic,1,18,11,0.00385939865373075,0.020542144775390625,0.06983548402786255,0.04159402847290039,0.06400864571332932,0.38597559928894043,0.13307639956474304
rssm_stochastic,1,19,11,0.001604381832294166,0.023647844791412354,0.03705413639545441,0.03696894645690918,0.22742187976837158,0.4386785328388214,0.1461578905582428
rssm_stochastic,1,20,11,0.06976792961359024,0.16885173320770264,0.20176202058792114,0.5336194038391113,0.625951886177063,5.616326332092285,0.24728086590766907
rssm_stochastic,1,21,11,0.02918865531682968,0.1562616527080536,0.018441081047058105,0.23536443710327148,0.4221772253513336,3.667726516723633,0.17142079770565033
rssm_stochastic,1,22,11,0.008555402979254723,0.032872140407562256,0.10200582444667816,0.08366250991821289,0.0908208042383194,0.5667643547058105,0.15087951719760895
rssm_stochastic,1,23,11,0.003897743998095393,0.04314470291137695,0.032497212290763855,0.17424440383911133,0.03786623105406761,1.7043828964233398,0.16023416817188263
rssm_stochastic,1,24,11,0.028144637122750282,0.09220275282859802,0.09760242700576782,0.5753388404846191,0.6110916137695312,3.1651768684387207,0.15533559024333954
rssm_stochastic,1,25,11,0.004839361645281315,0.04986429214477539,0.0027684271335601807,0.2376861572265625,0.2606978416442871,0.29941877722740173,0.10919057577848434
rssm_stochastic,1,26,11,0.012091678567230701,0.056724369525909424,0.08867192268371582,0.2927417755126953,0.16743816435337067,0.45542916655540466,0.1368146687746048
rssm_stochastic,1,27,11,0.004851601552218199,0.002909541130065918,0.06814932823181152,0.2122817039489746,0.0003863654565066099,0.7554833889007568,0.09325312823057175
rssm_stochastic,1,28,11,0.0038699100259691477,0.007410705089569092,0.07375887781381607,0.05044764280319214,0.14459076523780823,1.9212276935577393,0.23077353835105896
rssm_stochastic,1,29,11,0.01003155205398798,0.02324366569519043,0.06563270092010498,0.41853249073028564,0.07792313396930695,1.871353030204773,0.15700970590114594
rssm_stochastic,1,30,11,0.0033007727470248938,0.02053886651992798,0.03235447406768799,0.23918569087982178,0.24193133413791656,0.5919381380081177,0.14807720482349396
rssm_stochastic,1,31,11,0.007301639765501022,0.0039435625076293945,0.1016133725643158,0.07939669489860535,0.4766780138015747,1.4814013242721558,0.19204005599021912
rssm_stochastic,1,0,12,0.004690697882324457,0.056709110736846924,0.023846060037612915,0.143096923828125,0.8261464834213257,0.45940935611724854,0.11079122871160507
rssm_stochastic,1,1,12,0.00036740806535817683,0.015797346830368042,0.011361777782440186,0.010776042938232422,0.00627026567235589,0.9466598033905029,0.12802660465240479
rssm_stochastic,1,2,12,0.002490285551175475,0.027460575103759766,0.00781172513961792,0.2088860273361206,0.18525145947933197,0.7727037072181702,0.13111858069896698
rssm_stochastic,1,3,12,0.002740283729508519,0.02922290563583374,0.0403694212436676,0.13607609272003174,0.3351653516292572,0.5393369197845459,0.12742272019386292
rssm_stochastic,1,4,12,0.004149061162024736,0.014629006385803223,0.020501017570495605,0.31273603439331055,0.12810206413269043,1.1449077129364014,0.1021905392408371
rssm_stochastic,1,5,12,0.0007294618408195674,0.006012976169586182,0.03171047568321228,0.008947372436523438,0.22259239852428436,0.6503428816795349,0.18050655722618103
rssm_stochastic,1,6,12,0.004906311631202698,0.05776941776275635,0.019395530223846436,0.16195517778396606,0.027732761576771736,0.5192432999610901,0.15810801088809967
rssm_stochastic,1,7,12,0.010292722843587399,0.0012232661247253418,0.0005552470684051514,0.5268337726593018,0.0822722390294075,0.7909839749336243,0.12160346657037735
rssm_stochastic,1,8,12,0.003159260144457221,0.007301807403564453,0.05262792110443115,0.18059027194976807,0.0038237799890339375,1.716763973236084,0.12255936861038208
rssm_stochastic,1,9,12,0.019687775522470474,0.07092469930648804,0.14299291372299194,0.07026052474975586,0.7776321172714233,1.5865589380264282,0.23830458521842957
rssm_stochastic,1,10,12,0.004208340775221586,0.004294455051422119,0.045363932847976685,0.27395904064178467,0.005978323984891176,0.6869393587112427,0.15186740458011627
rssm_stochastic,1,11,12,0.005331318359822035,0.04396975040435791,0.06122373044490814,0.13154900074005127,0.6047015190124512,1.068711519241333,0.19779960811138153
rssm_stochastic,1,12,12,0.007366083096712828,0.03341829776763916,0.08647394180297852,0.16662168502807617,0.04868314042687416,0.32100099325180054,0.12380825728178024
rssm_stochastic,1,13,12,0.004379732999950647,0.06227952241897583,0.0009220391511917114,0.05339455604553223,0.17712900042533875,0.6495238542556763,0.11614948511123657
rssm_stochastic,1,14,12,0.005817633122205734,0.06263470649719238,0.009589672088623047,0.19656038284301758,0.11092691868543625,0.8936945199966431,0.13975362479686737
rssm_stochastic,1,15,12,0.014007425867021084,0.05965226888656616,0.04420018196105957,0.4858722686767578,0.6587963104248047,0.8861427307128906,0.1257636547088623
rssm_stochastic,1,16,12,0.01842682994902134,0.06031656265258789,0.05706465244293213,0.5735034942626953,0.06547548621892929,1.1617640256881714,0.13732679188251495
rssm_stochastic,1,17,12,0.00784420594573021,0.07196563482284546,0.02533772960305214,0.2141098976135254,1.4760098457336426,0.882816731929779,0.13197681307792664
rssm_stochastic,1,18,12,0.0061067999340593815,0.03637993335723877,0.07924491167068481,0.09859013557434082,0.04112330824136734,0.4939519464969635,0.13839603960514069
rssm_stochastic,1,19,12,0.0025849698577076197,0.00519251823425293,0.04398888349533081,0.18242669105529785,0.02975909225642681,0.45826002955436707,0.13893620669841766
rssm_stochastic,1,20,12,0.11145416647195816,0.26912981271743774,0.10334229469299316,0.8105597496032715,2.495331287384033,1.8718223571777344,0.28467079997062683
rssm_stochastic,1,21,12,0.01813315600156784,0.11633262038230896,0.04891395568847656,0.20701217651367188,0.4175826907157898,1.1360042095184326,0.16066765785217285
rssm_stochastic,1,22,12,0.0069659738801419735,0.01682037115097046,0.07578638195991516,0.2714571952819824,0.9842978715896606,0.5576332807540894,0.13643622398376465
rssm_stochastic,1,23,12,0.002489801263436675,0.046425044536590576,0.009612292051315308,0.03748464584350586,0.02542903460562229,1.070430874824524,0.1294393092393875
rssm_stochastic,1,24,12,0.05782221257686615,0.18226677179336548,0.02321946620941162,0.7499353885650635,1.192726492881775,1.2326717376708984,0.18470633029937744
rssm_stochastic,1,25,12,0.022681014612317085,0.053176283836364746,0.05971026420593262,0.6797323226928711,0.6231660842895508,0.8981651067733765,0.15136925876140594
rssm_stochastic,1,26,12,0.020026661455631256,0.010844826698303223,0.1310955286026001,0.46916770935058594,0.0920417457818985,0.9052224159240723,0.12061236053705215
rssm_stochastic,1,27,12,0.01937825232744217,0.08996766805648804,0.12126445770263672,0.10628080368041992,0.7722314596176147,0.7273536920547485,0.10051486641168594
rssm_stochastic,1,28,12,0.002703856909647584,0.017938852310180664,0.05719514936208725,0.055803537368774414,0.11670192331075668,0.7103242874145508,0.16959117352962494
rssm_stochastic,1,29,12,0.006494827102869749,0.03183096647262573,0.05218631029129028,0.3080662488937378,0.04706251621246338,1.592511534690857,0.1221250668168068
rssm_stochastic,1,30,12,0.0003783619322348386,0.0028118491172790527,0.011126302182674408,0.08769166469573975,0.047654829919338226,0.5366495847702026,0.1265544593334198
rssm_stochastic,1,31,12,0.005600582808256149,0.055232882499694824,0.05179724097251892,0.10481983423233032,0.9702750444412231,0.7609626054763794,0.18595938384532928
rssm_stochastic,1,0,13,0.005959471222013235,0.004278838634490967,0.09166735410690308,0.07367324829101562,0.007474526762962341,0.6444706320762634,0.14580930769443512
rssm_stochastic,1,1,13,0.003926451783627272,0.04078599810600281,0.0395621657371521,0.1662583351135254,0.0024254340678453445,2.4808130264282227,0.24212606251239777
rssm_stochastic,1,2,13,0.00046640587970614433,0.014196991920471191,0.013151533901691437,0.05834847688674927,0.04351954907178879,1.65968918800354,0.14910534024238586
rssm_stochastic,1,3,13,0.003259368473663926,0.024367332458496094,0.061681151390075684,0.013908624649047852,0.30939507484436035,1.9587769508361816,0.1820911467075348
rssm_stochastic,1,4,13,0.019380852580070496,0.1309504508972168,0.026665210723876953,0.007838249206542969,0.23982414603233337,5.997049808502197,0.23189708590507507
rssm_stochastic,1,5,13,0.009513557888567448,0.07422155141830444,0.07100814580917358,0.005228996276855469,0.29837799072265625,0.8943429589271545,0.18215489387512207
rssm_stochastic,1,6,13,0.0018455819226801395,0.02446138858795166,0.010463893413543701,0.17314690351486206,0.005802880972623825,1.7914466857910156,0.169366717338562
rssm_stochastic,1,7,13,0.009230469353497028,0.01025092601776123,0.046044111251831055,0.45473647117614746,0.18707183003425598,0.6868340969085693,0.17463430762290955
rssm_stochastic,1,8,13,0.0025216981302946806,0.03170889616012573,0.0006057620048522949,0.19526422023773193,0.08657970279455185,0.7736321687698364,0.2070881426334381
rssm_stochastic,1,9,13,0.023256801068782806,0.07950782775878906,0.15426349639892578,0.03354215621948242,0.5665283799171448,2.254286289215088,0.2900887429714203
rssm_stochastic,1,10,13,0.0019447087543085217,0.009074985980987549,0.03514102101325989,0.16510510444641113,0.023496592417359352,0.35044294595718384,0.1688438206911087
rssm_stochastic,1,11,13,0.0077688745222985744,0.04322618246078491,0.057402729988098145,0.30548810958862305,0.4253707230091095,1.5621010065078735,0.17989344894886017
rssm_stochastic,1,12,13,0.004370135720819235,0.032060325145721436,0.01669788360595703,0.28668415546417236,0.09701967239379883,2.5130152702331543,0.20870700478553772
rssm_stochastic,1,13,13,0.0013700431445613503,0.022093474864959717,0.03322264552116394,0.04602503776550293,0.08018672466278076,3.1941308975219727,0.16694974899291992
rssm_stochastic,1,14,13,0.0025786336045712233,0.017363905906677246,0.05005306005477905,0.12019634246826172,0.0039267209358513355,1.0838687419891357,0.1660756766796112
rssm_stochastic,1,15,13,0.0021770845633000135,0.020326733589172363,0.004960894584655762,0.2144455909729004,0.12815088033676147,0.7186100482940674,0.12175953388214111
rssm_stochastic,1,16,13,0.03109261393547058,0.10933491587638855,0.11520218849182129,0.4888191223144531,0.0010468967957422137,1.526416301727295,0.23801793158054352
rssm_stochastic,1,17,13,0.003364524571225047,0.02410757541656494,0.06162336468696594,0.05945587158203125,0.29740461707115173,2.8971104621887207,0.18189947307109833
rssm_stochastic,1,18,13,0.00873885303735733,0.055087149143218994,0.055650413036346436,0.2974588871002197,0.19362691044807434,1.5561068058013916,0.15811340510845184
rssm_stochastic,1,19,13,0.0015985540812835097,0.004344522953033447,0.036991000175476074,0.13172799348831177,0.13306893408298492,1.0189403295516968,0.19204871356487274
rssm_stochastic,1,20,13,0.14628015458583832,0.2782421112060547,0.19490182399749756,0.97218918800354,1.2387974262237549,15.011818885803223,0.4053615629673004
rssm_stochastic,1,21,13,0.0367916040122509,0.1424378752708435,0.14402693510055542,0.08584833145141602,1.1097300052642822,3.6495468616485596,0.2128945291042328
rssm_stochastic,1,22,13,0.014651407487690449,0.062184274196624756,0.11894369125366211,0.14032745361328125,0.7071953415870667,0.7495676279067993,0.16784721612930298
rssm_stochastic,1,23,13,0.0009307264699600637,0.010064125061035156,0.009105324745178223,0.14340782165527344,0.01250632107257843,2.1959547996520996,0.16050957143306732
rssm_stochastic,1,24,13,0.07937846332788467,0.2209181934595108,0.004227399826049805,0.8308539390563965,1.4582865238189697,6.941487789154053,0.312806636095047
rssm_stochastic,1,25,13,0.006105449050664902,0.02934086322784424,0.04168868064880371,0.32722949981689453,0.31596115231513977,0.8582417964935303,0.1909472644329071
rssm_stochastic,1,26,13,0.020357424393296242,0.11522561311721802,0.061370670795440674,0.2918219566345215,0.114073745906353,5.29646110534668,0.30777400732040405
rssm_stochastic,1,27,13,0.004206885118037462,0.005498111248016357,0.07673877477645874,0.06408977508544922,0.07997271418571472,1.353837251663208,0.19687266647815704
rssm_stochastic,1,28,13,0.006133866962045431,0.012254536151885986,0.09325297176837921,0.028507590293884277,0.060409680008888245,0.7969884872436523,0.17650024592876434
rssm_stochastic,1,29,13,0.006906976457685232,0.027884364128112793,0.06667119264602661,0.285159170627594,0.0781431794166565,1.1889393329620361,0.1841076910495758
rssm_stochastic,1,30,13,0.0003241740050725639,0.008437097072601318,0.018653374165296555,0.014820218086242676,0.008733538910746574,2.0798685550689697,0.2422163039445877
rssm_stochastic,1,31,13,0.006053851451724768,0.015934109687805176,0.09174206852912903,0.02683877944946289,0.5614404678344727,1.255776047706604,0.210738867521286
rssm_stochastic,1,0,14,0.0031149836722761393,0.02466672658920288,0.05444490909576416,0.10648727416992188,0.013826275244355202,1.047266960144043,0.1394549012184143
rssm_stochastic,1,1,14,0.014254897832870483,0.11065065115690231,0.027709543704986572,0.08063673973083496,0.1659175604581833,1.1576966047286987,0.2084207683801651
rssm_stochastic,1,2,14,9.798739483812824e-05,0.0015009641647338867,0.005396217107772827,0.04516148567199707,0.0030439458787441254,2.580934524536133,0.13043130934238434
rssm_stochastic,1,3,14,0.006240928079932928,0.04697626829147339,0.06890800595283508,0.12367737293243408,0.3680281341075897,1.2877488136291504,0.18137185275554657
rssm_stochastic,1,4,14,0.006980482023209333,0.0763578712940216,0.02853184938430786,0.004450321197509766,0.07467030733823776,2.9580447673797607,0.19070488214492798
rssm_stochastic,1,5,14,0.014198866672813892,0.10162794589996338,0.06397813558578491,0.025705814361572266,0.27498659491539,0.8882316946983337,0.17050696909427643
rssm_stochastic,1,6,14,0.008083220571279526,0.061390697956085205,0.046312153339385986,0.25790935754776,0.08122355490922928,1.0022225379943848,0.144861102104187
rssm_stochastic,1,7,14,0.011096294037997723,0.02669370174407959,0.07383796572685242,0.4215329587459564,0.3993058502674103,1.575697898864746,0.16325446963310242
rssm_stochastic,1,8,14,0.0038761498872190714,0.0529177188873291,0.024725914001464844,0.1003565788269043,0.14746685326099396,0.42105159163475037,0.1474890410900116
rssm_stochastic,1,9,14,0.017738129943609238,0.03315669298171997,0.15150326490402222,0.15166997909545898,0.2233814001083374,2.4752137660980225,0.2149500697851181
rssm_stochastic,1,10,14,0.0009755549835972488,0.009896993637084961,0.022407948970794678,0.11896729469299316,0.019817925989627838,0.8620090484619141,0.1692441999912262
rssm_stochastic,1,11,14,0.007305128965526819,0.022723019123077393,0.05730363726615906,0.34814512729644775,0.28302812576293945,0.28191253542900085,0.1661049723625183
rssm_stochastic,1,12,14,0.0036565561313182116,0.05004473030567169,0.011754155158996582,0.14715397357940674,0.02467755228281021,0.8509109020233154,0.17712487280368805
rssm_stochastic,1,13,14,0.0007663021679036319,0.009366929531097412,0.031049609184265137,0.017456412315368652,0.024095922708511353,0.7463181614875793,0.12694774568080902
rssm_stochastic,1,14,14,0.0035309658851474524,0.03174954652786255,0.05812084674835205,0.05535483360290527,0.022351786494255066,0.5545209050178528,0.14456219971179962
rssm_stochastic,1,15,14,0.001660156063735485,0.010622382164001465,0.012314915657043457,0.19654464721679688,0.2028239667415619,1.0877867937088013,0.11385262757539749
rssm_stochastic,1,16,14,0.02703048288822174,0.13488969206809998,0.062085092067718506,0.34258508682250977,0.14327523112297058,2.022834062576294,0.20927253365516663
rssm_stochastic,1,17,14,0.004098811186850071,0.015461742877960205,0.07392257452011108,0.05292797088623047,0.2734659016132355,0.40953031182289124,0.10076679289340973
rssm_stochastic,1,18,14,0.010233203880488873,0.06667357683181763,0.0318264365196228,0.35390233993530273,0.1293722242116928,0.24806678295135498,0.13654254376888275
rssm_stochastic,1,19,14,0.0014274045825004578,0.02098935842514038,0.035435765981674194,0.047753408551216125,0.41419821977615356,1.1413695812225342,0.14219261705875397
rssm_stochastic,1,20,14,0.15690673887729645,0.30733147263526917,0.14802581071853638,1.0107669830322266,1.7643612623214722,7.75327730178833,0.3546336889266968
rssm_stochastic,1,21,14,0.04887677729129791,0.1447942852973938,0.19242030382156372,0.1154775619506836,1.7855877876281738,2.3959391117095947,0.1902637481689453
rssm_stochastic,1,22,14,0.011002682149410248,0.0695350170135498,0.08604192733764648,0.12932729721069336,0.31505051255226135,0.8641715049743652,0.11567042768001556
rssm_stochastic,1,23,14,0.004735643044114113,0.03136873245239258,0.004451274871826172,0.31324052810668945,0.036513060331344604,2.7924156188964844,0.15158553421497345
rssm_stochastic,1,24,14,0.10251740366220474,0.26077932119369507,0.06662505865097046,0.8138823509216309,2.7426350116729736,11.168160438537598,0.268327534198761
rssm_stochastic,1,25,14,0.004876222461462021,0.021280616521835327,0.015257596969604492,0.33730030059814453,0.08819422870874405,1.4524658918380737,0.1685846596956253
rssm_stochastic,1,26,14,0.00858531054109335,0.07517803460359573,0.040093958377838135,0.18439817428588867,0.034475259482860565,3.0801680088043213,0.20484215021133423
rssm_stochastic,1,27,14,0.0022639341186732054,0.004362255334854126,0.033538103103637695,0.1994462013244629,0.00029336806619539857,0.9593123197555542,0.12080196291208267
rssm_stochastic,1,28,14,0.006912054028362036,0.006509244441986084,0.0633932575583458,0.3333927392959595,0.48840951919555664,0.3354802429676056,0.16861382126808167
rssm_stochastic,1,29,14,0.0058603123761713505,0.037387192249298096,0.05770111083984375,0.2349509298801422,0.2578023374080658,1.5607976913452148,0.14716926217079163
rssm_stochastic,1,30,14,0.0006784831639379263,0.0041297078132629395,0.030742354691028595,0.01965397596359253,0.11663937568664551,2.9117166996002197,0.23790782690048218
rssm_stochastic,1,31,14,0.006582983303815126,0.007415711879730225,0.09508654475212097,0.096922367811203,0.41131365299224854,2.061206817626953,0.22917477786540985
rssm_stochastic,1,0,15,0.0005295533919706941,0.007141709327697754,0.025891244411468506,0.02050924301147461,0.09348999708890915,0.5789898037910461,0.1164482831954956
rssm_stochastic,1,1,15,0.0026465144474059343,0.048008713871240616,5.894899368286133e-05,0.05375325679779053,0.024730613455176353,0.5023782253265381,0.1418953686952591
rssm_stochastic,1,2,15,0.0005904515273869038,0.022385120391845703,0.0037086308002471924,0.0279543399810791,0.012487344443798065,1.8115782737731934,0.11946315318346024
rssm_stochastic,1,3,15,0.0029108738526701927,0.02493041753768921,0.05379068851470947,0.08215856552124023,0.15186046063899994,1.4916819334030151,0.17291225492954254
rssm_stochastic,1,4,15,0.015119803138077259,0.06069791316986084,0.12708359956741333,0.02947235107421875,0.07093344628810883,2.128126382827759,0.1851966828107834
rssm_stochastic,1,5,15,0.01651606895029545,0.10970991849899292,0.06421726942062378,0.10880374908447266,0.4761507511138916,1.8071202039718628,0.14787012338638306
rssm_stochastic,1,6,15,0.0031298527028411627,0.04107952117919922,0.018363237380981445,0.16750723123550415,0.030563514679670334,1.4788776636123657,0.11982718855142593
rssm_stochastic,1,7,15,0.010760672390460968,0.01569420099258423,0.08744370937347412,0.37693262100219727,0.4653017818927765,2.657175064086914,0.17215724289417267
rssm_stochastic,1,8,15,0.0033694563899189234,0.04534214735031128,0.020880520343780518,0.14749538898468018,0.08769280463457108,0.29057011008262634,0.13404415547847748
rssm_stochastic,1,9,15,0.024014912545681,0.03910720348358154,0.16408753395080566,0.32614660263061523,0.16964317858219147,0.9191546440124512,0.2174445539712906
rssm_stochastic,1,10,15,0.0018772220937535167,0.04096794128417969,0.003286123275756836,0.02361774444580078,0.09777490049600601,0.7734237909317017,0.14808006584644318
rssm_stochastic,1,11,15,0.00845958199352026,0.028855502605438232,0.049561381340026855,0.3977193832397461,0.2895200550556183,0.3542988896369934,0.15371790528297424
rssm_stochastic,1,12,15,0.00725197559222579,0.047665223479270935,0.06830209493637085,0.20532549917697906,0.04150751233100891,0.3276536166667938,0.10989058017730713
rssm_stochastic,1,13,15,0.0001660475245444104,5.793571472167969e-05,0.014499485492706299,0.024624109268188477,0.0012433154042810202,0.5240541100502014,0.11294513940811157
rssm_stochastic,1,14,15,0.007530538365244865,0.04038560390472412,0.06921237707138062,0.25770747661590576,0.07206451892852783,0.6694726943969727,0.11117347329854965
rssm_stochastic,1,15,15,0.0023303208872675896,0.009551256895065308,0.01863396167755127,0.23182964324951172,0.1379665583372116,0.6902793049812317,0.10079413652420044
rssm_stochastic,1,16,15,0.02178509347140789,0.1348060667514801,0.027810096740722656,0.18250775337219238,0.04341993108391762,1.6924635171890259,0.18800249695777893
rssm_stochastic,1,17,15,0.0034621290396898985,0.04748332500457764,0.01995164155960083,0.13801002502441406,0.5340918898582458,1.1994264125823975,0.0959959402680397
rssm_stochastic,1,18,15,0.008818847127258778,0.04920148849487305,0.0013529658317565918,0.4072880744934082,0.08875305205583572,0.41849249601364136,0.1384400874376297
rssm_stochastic,1,19,15,0.001981713343411684,0.010585010051727295,0.004541054368019104,0.22302329540252686,0.03782578557729721,1.5818616151809692,0.14798946678638458
rssm_stochastic,1,20,15,0.24371106922626495,0.4134296476840973,0.07305049896240234,1.1814093589782715,3.7122726440429688,14.316715240478516,0.3600136637687683
rssm_stochastic,1,21,15,0.046004507690668106,0.08322930335998535,0.23692095279693604,0.03372621536254883,1.03975510597229,1.0558726787567139,0.20530222356319427
rssm_stochastic,1,22,15,0.003095949301496148,0.046077191829681396,0.031042754650115967,0.05160665512084961,0.21553567051887512,1.6707301139831543,0.10281764715909958
rssm_stochastic,1,23,15,0.007441238965839148,0.059849560260772705,0.04196953773498535,0.2486271858215332,0.09565494954586029,0.6483105421066284,0.12209033966064453
rssm_stochastic,1,24,15,0.11264229565858841,0.2600809931755066,0.1714898943901062,0.6974291801452637,4.948076248168945,7.35460090637207,0.2793247401714325
rssm_stochastic,1,25,15,0.005192665848881006,0.036179319024086,0.014890611171722412,0.31156253814697266,0.05891074612736702,0.428714781999588,0.14657247066497803
rssm_stochastic,1,26,15,0.018252700567245483,0.12511834502220154,0.025898754596710205,0.12146568298339844,0.25637876987457275,1.5376240015029907,0.1739235371351242
rssm_stochastic,1,27,15,0.002703862264752388,0.034833088517189026,0.02106720209121704,0.16939973831176758,0.0022958226036280394,0.5000580549240112,0.08769053220748901
rssm_stochastic,1,28,15,0.008787516504526138,0.02317601442337036,0.05777157098054886,0.39947062730789185,0.39172130823135376,1.146561861038208,0.15405605733394623
rssm_stochastic,1,29,15,0.009014668874442577,0.04612767696380615,0.0840526819229126,0.22313499450683594,0.297330766916275,1.4010324478149414,0.15983577072620392
rssm_stochastic,1,30,15,0.0009019633871503174,0.02360767126083374,0.017034195363521576,0.0492093563079834,0.006846195086836815,2.280247688293457,0.18955253064632416
rssm_stochastic,1,31,15,0.003681964473798871,0.0020967721939086914,0.059849515557289124,0.18222078680992126,0.26659247279167175,0.8866283893585205,0.19316768646240234
rssm_mean,1,0,1,0.003179009770974517,0.01898711919784546,0.055666327476501465,0.13400352001190186,0.0017857003258541226,0.8014137744903564,0.0
rssm_mean,1,1,1,0.0008378167985938489,0.01597483456134796,0.028292953968048096,0.01644277572631836,0.0363919772207737,0.36989110708236694,0.0
rssm_mean,1,2,1,0.003120291279628873,0.019543766975402832,0.032789021730422974,0.2302301526069641,0.18335504829883575,1.214868187904358,0.0
rssm_mean,1,3,1,0.0006717289797961712,0.0161973237991333,0.023539990186691284,0.01074528694152832,0.04032789543271065,0.327889084815979,0.0
rssm_mean,1,4,1,0.0012775692157447338,0.032689690589904785,0.007432043552398682,0.04105401039123535,0.03525663539767265,0.32515108585357666,0.0
rssm_mean,1,5,1,0.005167810712009668,0.03509259223937988,0.07143062353134155,0.09388244152069092,0.010638154111802578,0.7201900482177734,0.0
rssm_mean,1,6,1,0.00013133633183315396,0.010673820972442627,0.0027975887060165405,0.003551483154296875,0.06518225371837616,0.6026284694671631,0.0
rssm_mean,1,7,1,0.0009837700054049492,0.003539443016052246,0.0004155784845352173,0.1617334485054016,0.037820965051651,0.6077475547790527,0.0
rssm_mean,1,8,1,0.0018536560237407684,0.0040988922119140625,0.022788166999816895,0.1998281478881836,0.0003052301472052932,0.3624532222747803,0.0
rssm_mean,1,9,1,0.0015448018675670028,0.013139486312866211,0.044014155864715576,0.029243826866149902,0.0002540820278227329,0.37788474559783936,0.0
rssm_mean,1,10,1,0.0018780770478770137,0.0020042061805725098,0.0037080049514770508,0.22423386573791504,0.012496511451900005,0.8030999898910522,0.0
rssm_mean,1,11,1,0.0025527458637952805,0.00699925422668457,0.027265697717666626,0.23173731565475464,0.04385262727737427,1.0494017601013184,0.0
rssm_mean,1,12,1,0.000937626522500068,0.026087641716003418,0.016514182090759277,0.006519794464111328,0.009087399579584599,0.31710514426231384,0.0
rssm_mean,1,13,1,0.0014404816320165992,0.012643694877624512,0.0394740104675293,0.07350215315818787,0.0009594717994332314,0.21212276816368103,0.0
rssm_mean,1,14,1,0.001894411281682551,0.012356698513031006,0.03614228963851929,0.14999544620513916,0.01393897831439972,0.4987128973007202,0.0
rssm_mean,1,15,1,0.0034351320937275887,0.05531954765319824,0.009405553340911865,0.009074568748474121,0.012781430967152119,1.1634083986282349,0.0
rssm_mean,1,16,1,0.00048413852346129715,0.006505727767944336,0.020834743976593018,0.061686038970947266,0.0021061631850898266,0.20726481080055237,0.0
rssm_mean,1,17,1,0.0007806811481714249,0.016455531120300293,0.021341264247894287,0.0679774284362793,0.013016194105148315,0.3724874258041382,0.0
rssm_mean,1,18,1,0.0007710756617598236,0.02333587408065796,0.008196413516998291,0.05811476707458496,0.002586198737844825,0.48695504665374756,0.0
rssm_mean,1,19,1,0.0011239846935495734,0.0004977583885192871,0.0020163357257843018,0.1738753318786621,0.07700686156749725,0.9787911176681519,0.0
rssm_mean,1,20,1,0.00386981968767941,0.02848273515701294,0.06596168130636215,0.011481821537017822,0.005870509892702103,0.9723998308181763,0.0
rssm_mean,1,21,1,0.003140973625704646,0.033759355545043945,0.049095749855041504,0.08034223318099976,0.0009926263010129333,0.6000025272369385,0.0
rssm_mean,1,22,1,0.0015630930429324508,0.020516037940979004,0.03695935010910034,0.06702494621276855,0.019160587340593338,0.2596573829650879,0.0
rssm_mean,1,23,1,0.0006439876742660999,0.02028268575668335,0.006234347820281982,0.06654703617095947,0.0010757512645795941,0.25211453437805176,0.0
rssm_mean,1,24,1,6.470964581239969e-05,0.006055891513824463,0.005853563547134399,0.004943162202835083,0.010442416183650494,0.2434276044368744,0.0
rssm_mean,1,25,1,0.0032325449865311384,0.04695373773574829,0.01973426342010498,0.12041473388671875,0.0017914173658937216,0.1918931007385254,0.0
rssm_mean,1,26,1,0.0012232019798830152,0.0034900009632110596,0.02101200819015503,0.15651679039001465,0.0002826221752911806,0.19326797127723694,0.0
rssm_mean,1,27,1,0.001148560200817883,0.02766484022140503,0.016383767127990723,0.05737042427062988,0.0013236990198493004,0.24363143742084503,0.0
rssm_mean,1,28,1,0.00018535020353738219,0.010755836963653564,0.0028955936431884766,0.037508830428123474,0.04182520508766174,0.3915267288684845,0.0
rssm_mean,1,29,1,0.00031651873723603785,0.014642536640167236,0.006639927625656128,0.03679227828979492,0.022709080949425697,0.14514434337615967,0.0
rssm_mean,1,30,1,0.0009975217981263995,0.016171932220458984,0.01721307635307312,0.11694270372390747,0.008652891032397747,0.18974995613098145,0.0
rssm_mean,1,31,1,0.001018134644255042,0.009646356105804443,0.030980557203292847,0.08377283811569214,0.06239990517497063,0.777391254901886,0.0
rssm_mean,1,0,2,0.0029546667356044054,0.0025863945484161377,0.045214056968688965,0.20454859733581543,0.0020503413397818804,0.17569677531719208,0.0871032178401947
rssm_mean,1,1,2,0.0005830819718539715,0.0022746920585632324,0.026079177856445312,0.055193424224853516,0.011522050015628338,1.0320303440093994,0.09052673727273941
rssm_mean,1,2,2,0.002100542886182666,0.014247536659240723,0.02069222927093506,0.20672619342803955,0.09235448390245438,1.0525072813034058,0.06843186914920807
rssm_mean,1,3,2,0.0009965545032173395,0.012685716152191162,0.019935309886932373,0.12155866622924805,0.06954070925712585,0.40048351883888245,0.0785173699259758
rssm_mean,1,4,2,0.0007835772703401744,0.023895680904388428,0.0141221284866333,0.02220439910888672,0.02725292555987835,0.4970420002937317,0.09318583458662033
rssm_mean,1,5,2,0.0033583834301680326,0.006934076547622681,0.0631333589553833,0.12546312808990479,0.0003324532008264214,0.9556389451026917,0.07517020404338837
rssm_mean,1,6,2,0.00019120944489259273,0.011614382266998291,0.0032335668802261353,0.03092050552368164,0.027660388499498367,0.7758186459541321,0.11693830043077469
rssm_mean,1,7,2,0.0005009370506741107,0.0022246837615966797,9.986758232116699e-05,0.11560046672821045,0.03645804524421692,0.5221881866455078,0.12030903249979019
rssm_mean,1,8,2,0.002200969262048602,0.007043182849884033,0.015482008457183838,0.23124337196350098,0.014699865132570267,0.8475993275642395,0.09842345863580704
rssm_mean,1,9,2,0.000423850811785087,0.010091841220855713,0.020757317543029785,0.021674275398254395,0.0049398839473724365,0.3523958921432495,0.05499907210469246
rssm_mean,1,10,2,0.001556321862153709,0.006105363368988037,0.006117790937423706,0.2004455327987671,0.02574220672249794,0.5871747732162476,0.08322183042764664
rssm_mean,1,11,2,0.0018481123261153698,0.014082074165344238,0.00816202163696289,0.2067016363143921,0.07993873953819275,1.0791023969650269,0.040670283138751984
rssm_mean,1,12,2,0.0006672059535048902,0.01266402006149292,0.0267869234085083,0.0037641525268554688,0.013103491626679897,0.2390296459197998,0.10057949274778366
rssm_mean,1,13,2,0.0011386788683012128,0.011316239833831787,0.03605547547340393,0.05443534255027771,5.707094169338234e-05,0.2786887288093567,0.09504508972167969
rssm_mean,1,14,2,0.002430812455713749,0.018787086009979248,0.03899943828582764,0.16450154781341553,0.014860676601529121,1.1034464836120605,0.08867138624191284
rssm_mean,1,15,2,0.007311446592211723,0.07991373538970947,0.019691765308380127,0.01689004898071289,0.053869862109422684,1.021953821182251,0.08379854261875153
rssm_mean,1,16,2,0.0008761349017731845,0.01685924455523491,0.020526468753814697,0.08616280555725098,0.012874322012066841,0.9005732536315918,0.12032848596572876
rssm_mean,1,17,2,0.0004349864029791206,0.010624408721923828,0.006403625011444092,0.08730697631835938,0.004059340804815292,0.3790028691291809,0.04919641092419624
rssm_mean,1,18,2,0.0031730039045214653,0.05303587019443512,0.0062781572341918945,0.035622358322143555,0.011889414861798286,1.0850045680999756,0.13217316567897797
rssm_mean,1,19,2,0.0020500561222434044,0.0005453228950500488,0.008482873439788818,0.23228797316551208,0.08873089402914047,1.3226326704025269,0.0870310366153717
rssm_mean,1,20,2,0.0019936859607696533,0.011703252792358398,0.05028685927391052,0.05592763423919678,0.0027967558708041906,0.34052371978759766,0.07850825786590576
rssm_mean,1,21,2,0.002780799986794591,0.022524774074554443,0.054727256298065186,0.06900942325592041,0.011091851629316807,0.4536243975162506,0.09084248542785645
rssm_mean,1,22,2,0.0006483454490080476,0.0010554790496826172,0.03061068058013916,0.013996601104736328,1.5928175116641796e-06,0.37097829580307007,0.05033029988408089
rssm_mean,1,23,2,0.0005540325655601919,0.015623599290847778,0.0007013082504272461,0.08763694763183594,0.00021650537382811308,0.4605602025985718,0.04822660982608795
rssm_mean,1,24,2,0.0004669040208682418,0.0032048821449279785,0.025386303663253784,0.020449459552764893,0.001199926482513547,0.3740368187427521,0.06208984926342964
rssm_mean,1,25,2,0.0015289932489395142,0.029878854751586914,0.012040913105010986,0.1097254753112793,0.0015215605963021517,0.476768434047699,0.06315077096223831
rssm_mean,1,26,2,0.0017286627553403378,0.00971899926662445,0.02029860019683838,0.1903367042541504,0.0017326822271570563,0.6513431072235107,0.04837716743350029
rssm_mean,1,27,2,0.0006696048658341169,0.021889768540859222,0.013981938362121582,0.014858722686767578,0.004995716270059347,0.44819536805152893,0.0517084002494812
rssm_mean,1,28,2,0.0001076519547495991,0.0017303228378295898,0.009207189083099365,0.03540065884590149,0.02313893288373947,0.3375887870788574,0.06457508355379105
rssm_mean,1,29,2,0.0009788371389731765,0.02214062213897705,0.006403028964996338,0.10525333881378174,0.0027058895211666822,0.5479543209075928,0.07365735620260239
rssm_mean,1,30,2,0.0005747058312408626,0.012072265148162842,0.012918144464492798,0.08997845649719238,0.00028427597135305405,0.2669599950313568,0.0827702060341835
rssm_mean,1,31,2,0.0010100880172103643,0.015325188636779785,0.023931175470352173,0.09857094287872314,0.1719314306974411,1.8700783252716064,0.1346011608839035
rssm_mean,1,0,3,0.0034766383469104767,0.02234455943107605,0.03496682643890381,0.23751425743103027,0.013500438071787357,0.24556361138820648,0.07469575107097626
rssm_mean,1,1,3,0.00040566478855907917,0.0022664666175842285,0.022747695446014404,0.035471439361572266,6.308611045824364e-05,0.6855654120445251,0.0646883174777031
rssm_mean,1,2,3,0.0036596886347979307,0.011834502220153809,0.021886557340621948,0.2927812933921814,0.03117525950074196,0.8132859468460083,0.09155161678791046
rssm_mean,1,3,3,0.00151242280844599,0.011723339557647705,0.02807679772377014,0.14895892143249512,0.07712706178426743,0.3143588900566101,0.0722547248005867
rssm_mean,1,4,3,0.00019453281129244715,0.011138632893562317,0.006680786609649658,0.027164697647094727,0.0335870124399662,0.4813373386859894,0.06624489277601242
rssm_mean,1,5,3,0.0027832379564642906,0.017112821340560913,0.03834027051925659,0.19821953773498535,0.012175362557172775,0.49307936429977417,0.06337905675172806
rssm_mean,1,6,3,9.284554835176095e-05,0.005032956600189209,0.008888399228453636,0.017215251922607422,0.0364263691008091,0.747063398361206,0.07977931201457977
rssm_mean,1,7,3,0.0011008071014657617,0.0010630488395690918,0.0025380030274391174,0.17186486721038818,0.0007605130085721612,0.6019717454910278,0.09185024350881577
rssm_mean,1,8,3,0.0011879636440426111,0.00396198034286499,0.007240474224090576,0.17495274543762207,0.05670889467000961,1.1523792743682861,0.14573022723197937
rssm_mean,1,9,3,0.0006051569362170994,0.0170019268989563,0.0053168535232543945,0.08491909503936768,0.008905034512281418,0.2858046293258667,0.09193892031908035
rssm_mean,1,10,3,0.0013630297034978867,0.00798642635345459,0.0077874064445495605,0.18371140956878662,0.04409020394086838,0.5655788779258728,0.05548420175909996
rssm_mean,1,11,3,0.002340693259611726,0.0076444149017333984,0.027522623538970947,0.21781402826309204,0.11913510411977768,0.7047203779220581,0.08625146746635437
rssm_mean,1,12,3,0.0011502542765811086,0.013375997543334961,0.037253499031066895,0.012105464935302734,0.0038221878930926323,0.24856674671173096,0.07317116111516953
rssm_mean,1,13,3,0.001449516974389553,0.004220843315124512,0.04061785340309143,0.09044337272644043,0.0010055335005745292,0.4580051898956299,0.08531671017408371
rssm_mean,1,14,3,0.0026397777255624533,0.0078116655349731445,0.04586172103881836,0.17506110668182373,0.0023081540130078793,0.6027727127075195,0.0756072998046875
rssm_mean,1,15,3,0.005089505575597286,0.0675068348646164,0.006540656089782715,0.032587289810180664,0.0684845969080925,0.578301191329956,0.0944802314043045
rssm_mean,1,16,3,0.0005094989901408553,0.0005211979150772095,0.018962204456329346,0.08432841300964355,0.0059004174545407295,0.14495953917503357,0.06636533886194229
rssm_mean,1,17,3,0.0013953916495665908,0.025079965591430664,0.0033054351806640625,0.13690340518951416,0.027198951691389084,0.2082502245903015,0.06396040320396423
rssm_mean,1,18,3,0.002718402771279216,0.04767248034477234,0.01344531774520874,0.04954695701599121,0.010021545924246311,1.04212486743927,0.12571169435977936
rssm_mean,1,19,3,0.003313350724056363,0.0016990303993225098,0.0006806254386901855,0.2987803816795349,0.07259004563093185,0.8116098642349243,0.09759683161973953
rssm_mean,1,20,3,0.002057253150269389,0.021066665649414062,0.03672921657562256,0.13210690021514893,0.010470486246049404,0.2651398181915283,0.07827245444059372
rssm_mean,1,21,3,0.004809200763702393,0.0420876145362854,0.05258333683013916,0.16169989109039307,0.0191204771399498,0.4689527750015259,0.09723247587680817
rssm_mean,1,22,3,0.0009894628310576081,0.021076440811157227,0.02157139778137207,0.07011747360229492,0.003994254861027002,0.16869622468948364,0.04904979467391968
rssm_mean,1,23,3,0.001194730750285089,0.02434307336807251,0.010817110538482666,0.11161971092224121,0.004562737420201302,0.4374622106552124,0.06041936203837395
rssm_mean,1,24,3,0.001421579159796238,0.011881709098815918,0.04298713803291321,0.010610997676849365,0.00029793177964165807,0.22079820930957794,0.056920282542705536
rssm_mean,1,25,3,0.0007938689668662846,0.012994438409805298,0.006656348705291748,0.12481069564819336,0.0006893068784847856,0.20703795552253723,0.05944327265024185
rssm_mean,1,26,3,0.0015254762256518006,0.013097193092107773,0.015118896961212158,0.17842721939086914,0.00047907489351928234,0.26050281524658203,0.03788275644183159
rssm_mean,1,27,3,6.678549107164145e-05,0.002373538911342621,0.0038773417472839355,0.036837100982666016,0.009166939184069633,0.15474933385849,0.06085215136408806
rssm_mean,1,28,3,0.00021114788250997663,0.00863105058670044,0.013451248407363892,0.012198328971862793,0.010698708705604076,0.1822771281003952,0.07507053762674332
rssm_mean,1,29,3,0.0007774622645229101,0.01681816577911377,0.0019174814224243164,0.111785888671875,0.00597308948636055,0.2867657542228699,0.05481033772230148
rssm_mean,1,30,3,0.0010731202783063054,0.009453535079956055,0.026032060384750366,0.1175006628036499,0.002424776554107666,0.42095834016799927,0.0653868094086647
rssm_mean,1,31,3,0.0021065007895231247,0.004814863204956055,0.04506304860115051,0.13684046268463135,0.15973125398159027,1.1754405498504639,0.12256034463644028
rssm_mean,1,0,4,0.0031765755265951157,0.02782261371612549,0.029801905155181885,0.2152087688446045,0.017557622864842415,1.0853626728057861,0.08203168958425522
rssm_mean,1,1,4,0.0005027501611039042,0.0037647485733032227,0.02652716636657715,0.013350486755371094,0.03963758796453476,0.7795289754867554,0.07570623606443405
rssm_mean,1,2,4,0.0037378817796707153,0.004584968090057373,0.01920688897371292,0.30560600757598877,0.014065029099583626,0.45376068353652954,0.09378041326999664
rssm_mean,1,3,4,0.0018761086976155639,0.0023953914642333984,0.028729170560836792,0.18769299983978271,0.006713176146149635,0.41176754236221313,0.08177762478590012
rssm_mean,1,4,4,0.000879146158695221,0.022178292274475098,0.01856684684753418,0.05240201950073242,0.029726527631282806,0.2653786540031433,0.08001907914876938
rssm_mean,1,5,4,0.0024778349325060844,0.018317194655537605,0.038310885429382324,0.17270636558532715,0.01311364583671093,1.3359023332595825,0.08786997944116592
rssm_mean,1,6,4,0.000680167751852423,0.008448958396911621,0.023977234959602356,0.07506752014160156,0.0035220845602452755,0.8044661283493042,0.06664876639842987
rssm_mean,1,7,4,0.0011990746716037393,0.007206380367279053,0.010999627411365509,0.16902238130569458,0.07657451182603836,0.6577896475791931,0.09358620643615723
rssm_mean,1,8,4,0.0006536056171171367,0.0025450587272644043,0.0009559988975524902,0.13198113441467285,0.06207728758454323,0.7391678094863892,0.10957957804203033
rssm_mean,1,9,4,0.0015399073017761111,0.02401268482208252,0.03465968370437622,0.04768252372741699,0.008140461519360542,1.0552196502685547,0.06686783581972122
rssm_mean,1,10,4,0.0012516415445134044,0.005780041217803955,0.004937708377838135,0.17976677417755127,0.045339472591876984,0.5913019180297852,0.10757216811180115
rssm_mean,1,11,4,0.002275596372783184,0.019533932209014893,0.02188733220100403,0.20301032066345215,0.06715601682662964,0.5954741835594177,0.09521501511335373
rssm_mean,1,12,4,0.0022384074982255697,0.016953885555267334,0.05302807688713074,0.006405353546142578,0.05850705876946449,0.31621474027633667,0.1012982502579689
rssm_mean,1,13,4,0.0010431829141452909,0.00688546895980835,0.023285716772079468,0.12938451766967773,0.006294605787843466,0.3497069478034973,0.10176332294940948
rssm_mean,1,14,4,0.0021850077901035547,0.0021684765815734863,0.03572887182235718,0.18783235549926758,0.01455775834619999,0.41446104645729065,0.07538304477930069
rssm_mean,1,15,4,0.0067131188698112965,0.07626787573099136,0.019452452659606934,0.03522610664367676,0.13787129521369934,0.8524196743965149,0.09266579151153564
rssm_mean,1,16,4,0.0006870555807836354,0.014199495315551758,0.021159708499908447,0.0655207633972168,0.00544061278924346,0.744836688041687,0.09491140395402908
rssm_mean,1,17,4,0.0014680679887533188,0.02460762858390808,0.009531676769256592,0.14116668701171875,0.03381885960698128,1.1522215604782104,0.07550204545259476
rssm_mean,1,18,4,0.0013514041202142835,0.03184551000595093,0.01748865842819214,0.02607583999633789,0.019559528678655624,0.24199271202087402,0.1010526716709137
rssm_mean,1,19,4,0.003201324725523591,0.003911733627319336,0.004465758800506592,0.2924390435218811,0.04576732590794563,0.6071670055389404,0.09932330995798111
rssm_mean,1,20,4,0.005317315924912691,0.04091596603393555,0.06589175760746002,0.11705505847930908,0.012107648886740208,1.061743974685669,0.09066413342952728
rssm_mean,1,21,4,0.010679792612791061,0.06349354982376099,0.08947974443435669,0.1441720724105835,0.026317108422517776,1.789121150970459,0.09135071188211441
rssm_mean,1,22,4,0.00047642807476222515,0.016240060329437256,0.014874160289764404,0.0306241512298584,0.001887622638605535,1.1257984638214111,0.0525704100728035
rssm_mean,1,23,4,0.0011796228354796767,0.026365607976913452,0.01321256160736084,0.0891275405883789,0.007221480831503868,0.8394595980644226,0.0788131058216095
rssm_mean,1,24,4,0.0012471819063648582,0.026120007038116455,0.007463991641998291,0.11107659339904785,0.00026763154892250896,1.3297473192214966,0.0667710155248642
rssm_mean,1,25,4,0.0005013914778828621,0.013039940036833286,0.01106637716293335,0.07883310317993164,0.0060081142000854015,0.9743768572807312,0.0923353061079979
rssm_mean,1,26,4,0.001635957509279251,0.02330036461353302,0.016694366931915283,0.15118694305419922,0.0005743613000959158,0.721744954586029,0.05804961547255516
rssm_mean,1,27,4,0.000285999703919515,0.014240622520446777,0.00921165943145752,0.011166572570800781,0.01011618785560131,0.39155998826026917,0.06928271055221558
rssm_mean,1,28,4,0.000349997979355976,0.004448413848876953,0.02186724543571472,0.006702542304992676,0.0016993004828691483,0.31449905037879944,0.05677109211683273
rssm_mean,1,29,4,0.0012901093577966094,0.02304089069366455,0.011940009891986847,0.12804019451141357,0.05864369869232178,0.6270256042480469,0.06313459575176239
rssm_mean,1,30,4,0.0010816563153639436,0.009457111358642578,0.01680871844291687,0.1459863781929016,1.636210254218895e-05,0.41815730929374695,0.12565401196479797
rssm_mean,1,31,4,0.000802955764811486,0.009532690048217773,0.026203542947769165,0.07943674921989441,0.08136331290006638,0.5217521786689758,0.0918605774641037
rssm_mean,1,0,5,0.00480904383584857,0.0439579039812088,0.013991355895996094,0.2620680332183838,0.06229965016245842,1.1872901916503906,0.08470790088176727
rssm_mean,1,1,5,0.0005829030997119844,0.004616200923919678,0.02449074387550354,0.06357240676879883,0.00010240302799502388,0.3725152909755707,0.08954887837171555
rssm_mean,1,2,5,0.004157673567533493,0.00043964385986328125,0.009907804429531097,0.3321482837200165,0.029774559661746025,1.322066307067871,0.10573138296604156
rssm_mean,1,3,5,0.0012944048503413796,0.00013059377670288086,0.005882129073143005,0.18513107299804688,0.029375368729233742,0.21049407124519348,0.08638185262680054
rssm_mean,1,4,5,0.0011884691193699837,0.020838141441345215,0.005043745040893555,0.13668298721313477,0.004465760197490454,1.5966542959213257,0.20918095111846924
rssm_mean,1,5,5,0.002845359966158867,0.025348499417304993,0.03609281778335571,0.1834557056427002,0.014778132550418377,0.1602296531200409,0.11508235335350037
rssm_mean,1,6,5,0.00029900643858127296,0.004073917865753174,0.014907091856002808,0.058979034423828125,0.027911240234971046,1.5025068521499634,0.13478489220142365
rssm_mean,1,7,5,0.0008533202926628292,0.003641188144683838,0.007683472242206335,0.14674311876296997,0.1336575150489807,0.6270527839660645,0.1561964452266693
rssm_mean,1,8,5,0.0014639702858403325,0.0024776458740234375,0.010198086500167847,0.19335651397705078,0.0816434770822525,0.6417807340621948,0.12383969873189926
rssm_mean,1,9,5,0.0007330938242375851,0.013640344142913818,0.011955738067626953,0.10775327682495117,0.0013066227547824383,0.48511257767677307,0.1143283024430275
rssm_mean,1,10,5,0.0015970724634826183,0.0014345645904541016,0.02363470196723938,0.1809014081954956,0.079383984208107,0.5705312490463257,0.12177103757858276
rssm_mean,1,11,5,0.002858026186004281,0.007653415203094482,0.04536427557468414,0.1934974193572998,0.04167730361223221,0.47117429971694946,0.11620400100946426
rssm_mean,1,12,5,0.0011866261484101415,0.021958470344543457,0.016346022486686707,0.11293935775756836,0.04239017516374588,0.5747504234313965,0.13761839270591736
rssm_mean,1,13,5,0.001579409814439714,0.0005297660827636719,0.011503487825393677,0.20038104057312012,0.02232484705746174,0.9770622253417969,0.09610708057880402
rssm_mean,1,14,5,0.002485073171555996,0.0009636878967285156,0.015707194805145264,0.24990630149841309,0.07613179832696915,0.42880910634994507,0.11146212369203568
rssm_mean,1,15,5,0.0076624429784715176,0.0778433084487915,0.016431033611297607,0.14706158638000488,0.0961381047964096,0.758991539478302,0.2036743015050888
rssm_mean,1,16,5,0.00023521309776697308,0.007172763347625732,0.014627695083618164,0.02956867218017578,0.0020458311773836613,0.6367265582084656,0.12313850224018097
rssm_mean,1,17,5,0.0023207138292491436,0.02479684352874756,0.0019649267196655273,0.21035456657409668,0.006164164282381535,4.370467662811279,0.2516571879386902
rssm_mean,1,18,5,0.002293954137712717,0.025197088718414307,0.04314589500427246,0.09337234497070312,0.022373320534825325,2.4760732650756836,0.17666901648044586
rssm_mean,1,19,5,0.0037763372529298067,0.00688481330871582,0.02642682194709778,0.29593968391418457,0.05200473219156265,1.3432565927505493,0.0989350974559784
rssm_mean,1,20,5,0.00443373853340745,0.04295927286148071,0.051956236362457275,0.12257587909698486,0.0057416558265686035,0.9013175368309021,0.13754421472549438
rssm_mean,1,21,5,0.009278004057705402,0.062322378158569336,0.06902498006820679,0.2169550657272339,0.03054915741086006,3.223926067352295,0.1467006355524063
rssm_mean,1,22,5,0.0005243213381618261,0.01765831559896469,0.006831824779510498,0.06337213516235352,0.0026266095228493214,1.1684775352478027,0.11981730908155441
rssm_mean,1,23,5,0.0015288476133719087,0.03239908814430237,0.00043582916259765625,0.10019230842590332,0.007077022455632687,1.2936720848083496,0.14213478565216064
rssm_mean,1,24,5,0.001600731979124248,0.005650043487548828,0.04106825590133667,0.10564839839935303,0.004857109859585762,2.570321559906006,0.20078621804714203
rssm_mean,1,25,5,0.0008386026020161808,0.023401588201522827,0.0069449543952941895,0.0738668441772461,0.012736456468701363,0.8435250520706177,0.1347416341304779
rssm_mean,1,26,5,0.000576443038880825,0.010332226753234863,0.0028198957443237305,0.11058235168457031,0.012662515975534916,0.729599118232727,0.09780261665582657
rssm_mean,1,27,5,0.00038583416608162224,0.016313374042510986,0.003197312355041504,0.04806184768676758,0.003323532873764634,0.9051909446716309,0.15940174460411072
rssm_mean,1,28,5,0.0001740995649015531,0.008800029754638672,0.00898677110671997,0.03011646866798401,0.0038817909080535173,1.0365500450134277,0.17429490387439728
rssm_mean,1,29,5,0.0005058087990619242,0.008277714252471924,0.003076426684856415,0.1069190502166748,0.20444080233573914,0.6053705215454102,0.10564467310905457
rssm_mean,1,30,5,0.00144867692142725,0.00909721851348877,0.0031597018241882324,0.19086381793022156,0.0005280025652609766,1.1456596851348877,0.11463046818971634
rssm_mean,1,31,5,0.0009935864945873618,0.008258342742919922,0.033736228942871094,0.061723142862319946,0.07941757142543793,0.5782113075256348,0.12651091814041138
rssm_mean,1,0,6,0.006707321852445602,0.05403541028499603,0.008423447608947754,0.30468273162841797,0.15233281254768372,0.39487993717193604,0.11221864819526672
rssm_mean,1,1,6,0.0010222055716440082,0.0009519457817077637,0.005367890000343323,0.1643538475036621,0.0007940655341371894,0.6193376779556274,0.06697627156972885
rssm_mean,1,2,6,0.0034872868563979864,0.006168186664581299,0.010695930570363998,0.3013596832752228,0.036065783351659775,2.948317289352417,0.09074786305427551
rssm_mean,1,3,6,0.0012409244664013386,0.002721548080444336,0.004306107759475708,0.1814035177230835,0.0011016243370249867,0.5075845718383789,0.06162043288350105
rssm_mean,1,4,6,0.0005532256909646094,0.011303067207336426,0.0025923848152160645,0.10488462448120117,0.018519265577197075,0.3585008382797241,0.14702308177947998
rssm_mean,1,5,6,0.003998326603323221,0.03464987874031067,0.010065317153930664,0.2651333808898926,0.09258271753787994,0.42107093334198,0.10148487240076065
rssm_mean,1,6,6,0.0003849318891298026,0.0024423599243164062,0.0016029179096221924,0.1007838249206543,0.0021777290385216475,1.0976886749267578,0.13199688494205475
rssm_mean,1,7,6,0.0014136661775410175,0.002490997314453125,0.014562148600816727,0.18449366092681885,0.013114847242832184,0.6379874348640442,0.11785460263490677
rssm_mean,1,8,6,0.0012866953620687127,0.006268858909606934,0.0017830617725849152,0.1829671859741211,0.0007884856313467026,0.768021285533905,0.10249724984169006
rssm_mean,1,9,6,0.0007510156719945371,0.017620235681533813,0.014169633388519287,0.08562636375427246,0.0012480024015530944,0.3505195379257202,0.10632695257663727
rssm_mean,1,10,6,0.001016208785586059,0.0020247697830200195,0.019004829227924347,0.14364588260650635,0.003073059255257249,1.372652292251587,0.1340630054473877
rssm_mean,1,11,6,0.0016935747116804123,0.007120192050933838,0.04089079797267914,0.11565303802490234,0.004733042325824499,0.4945589303970337,0.11966098845005035
rssm_mean,1,12,6,0.002176853595301509,0.03296774625778198,0.01799289882183075,0.14301109313964844,0.023100940510630608,0.8369887471199036,0.09400423616170883
rssm_mean,1,13,6,0.0014815950999036431,0.008802175521850586,0.013442665338516235,0.18528223037719727,0.056889813393354416,0.38280367851257324,0.094095878303051
rssm_mean,1,14,6,0.002593409502878785,0.002332150936126709,0.016226977109909058,0.254824161529541,0.11266954243183136,0.4125998318195343,0.11268466711044312
rssm_mean,1,15,6,0.007732322905212641,0.07686284184455872,0.02591627836227417,0.1436014175415039,0.0935521125793457,1.2539002895355225,0.171611487865448
rssm_mean,1,16,6,0.00044822218478657305,0.0038067102432250977,0.016719669103622437,0.08068323135375977,5.5847376643214375e-06,0.29932352900505066,0.08803052455186844
rssm_mean,1,17,6,0.003921909723430872,0.047498345375061035,0.009712934494018555,0.1923511028289795,0.03410123661160469,1.912144422531128,0.15234853327274323
rssm_mean,1,18,6,0.002887298120185733,0.018897294998168945,0.05154389142990112,0.1353893280029297,0.0016504371305927634,0.4850592613220215,0.13152459263801575
rssm_mean,1,19,6,0.002861475571990013,0.007825314998626709,0.019934415817260742,0.2608412206172943,0.11562539637088776,1.192516565322876,0.07341304421424866
rssm_mean,1,20,6,0.0036779670044779778,0.03463047742843628,0.045311033725738525,0.16046297550201416,0.011749213561415672,0.6227633357048035,0.10492390394210815
rssm_mean,1,21,6,0.011332509107887745,0.06895661354064941,0.07291775941848755,0.2577294111251831,0.062251221388578415,1.0615227222442627,0.14038676023483276
rssm_mean,1,22,6,0.0008446874562650919,0.02165837585926056,0.003040611743927002,0.09312677383422852,0.0027230314444750547,1.332594394683838,0.13648146390914917
rssm_mean,1,23,6,0.00233542756177485,0.044825732707977295,0.012908756732940674,0.014519691467285156,0.008481733500957489,0.6975901126861572,0.10534987598657608
rssm_mean,1,24,6,0.0017807423137128353,0.006052553653717041,0.03745913505554199,0.14524614810943604,0.0008824394317343831,2.168025255203247,0.14332978427410126
rssm_mean,1,25,6,0.0005705719813704491,0.01130858063697815,0.013599991798400879,0.09045553207397461,1.3271928764879704e-06,0.26946786046028137,0.07661857455968857
rssm_mean,1,26,6,0.0011802652152255177,0.014710485935211182,0.013522684574127197,0.14844036102294922,0.0978035256266594,0.7386363744735718,0.0848676785826683
rssm_mean,1,27,6,0.0003479615261312574,0.01232379674911499,0.008966922760009766,0.058231353759765625,0.004618597216904163,0.852511465549469,0.10230047255754471
rssm_mean,1,28,6,0.0002955142699647695,0.012532532215118408,0.010716617107391357,0.034465402364730835,0.010800552554428577,1.2712031602859497,0.1412014663219452
rssm_mean,1,29,6,0.0004472397267818451,0.005472302436828613,0.0001277625560760498,0.10569906234741211,0.0008299350738525391,0.8715139031410217,0.07898252457380295
rssm_mean,1,30,6,0.0011498535750433803,0.007182896137237549,0.005658864974975586,0.1699695885181427,0.01653921790421009,1.6466031074523926,0.10302241146564484
rssm_mean,1,31,6,0.0011314487783238292,0.0030260086059570312,0.03739634156227112,0.06698855757713318,0.08209098130464554,1.445145606994629,0.11088868230581284
rssm_mean,1,0,7,0.007434050086885691,0.06557771563529968,0.016775310039520264,0.25986623764038086,0.24748152494430542,0.6717213988304138,0.1169033795595169
rssm_mean,1,1,7,0.0009161382331512868,0.0020151138305664062,0.01225581020116806,0.14772272109985352,0.04054843634366989,0.34510666131973267,0.08072727918624878
rssm_mean,1,2,7,0.0053118993528187275,0.0026053190231323242,0.04468762129545212,0.3260146379470825,0.1600927859544754,1.6582034826278687,0.09125450998544693
rssm_mean,1,3,7,0.001759505714289844,0.004734337329864502,0.01423809863626957,0.20749878883361816,0.11416556686162949,0.37304410338401794,0.06685751676559448
rssm_mean,1,4,7,0.0008235594141297042,0.008780419826507568,0.020664900541305542,0.10980081558227539,0.21584570407867432,0.6405317187309265,0.0918673425912857
rssm_mean,1,5,7,0.002827043877914548,0.037422358989715576,0.008433401584625244,0.18254709243774414,0.18187730014324188,1.1894603967666626,0.12090546637773514
rssm_mean,1,6,7,0.0006610741838812828,0.004603028297424316,0.006913274526596069,0.12774944305419922,0.007687925826758146,0.32956022024154663,0.1177147775888443
rssm_mean,1,7,7,0.00240034400485456,0.011787772178649902,0.023391611874103546,0.22479534149169922,0.00019466542289592326,0.3966936767101288,0.08421141654253006
rssm_mean,1,8,7,0.0012555749854072928,0.0013957619667053223,0.006816677749156952,0.18152213096618652,0.05178834870457649,0.9708571434020996,0.07068634778261185
rssm_mean,1,9,7,0.00197127228602767,0.03596183657646179,0.010951042175292969,0.11193108558654785,0.011065997183322906,0.19663649797439575,0.10477843135595322
rssm_mean,1,10,7,0.0011148951016366482,0.00572359561920166,0.02444523572921753,0.13450098037719727,0.1043979823589325,0.4645155370235443,0.13138045370578766
rssm_mean,1,11,7,0.0022042079363018274,0.0025767087936401367,0.048391811549663544,0.12697505950927734,0.01916593499481678,0.8874936699867249,0.1329219490289688
rssm_mean,1,12,7,0.0008829889702610672,0.018972337245941162,0.005448848009109497,0.11212539672851562,0.06491664052009583,0.5092798471450806,0.06483881920576096
rssm_mean,1,13,7,0.0014493003254756331,0.007806837558746338,0.0014925003051757812,0.192968487739563,0.10024452209472656,0.4339556396007538,0.07058270275592804
rssm_mean,1,14,7,0.0029648467898368835,0.0034340620040893555,0.017300590872764587,0.2722160816192627,0.002435683738440275,0.3314639627933502,0.1002761572599411
rssm_mean,1,15,7,0.005725121591240168,0.06473809480667114,0.03355693817138672,0.09557199478149414,0.15390163660049438,1.9399421215057373,0.12331141531467438
rssm_mean,1,16,7,0.0005869147717021406,0.0003050565719604492,0.023303374648094177,0.0763235092163086,0.004973396193236113,0.4474221169948578,0.06000332534313202
rssm_mean,1,17,7,0.0046900417655706406,0.05926962196826935,0.008814454078674316,0.14379310607910156,0.04116915538907051,0.4929807186126709,0.11357590556144714
rssm_mean,1,18,7,0.004037436097860336,0.015263378620147705,0.06826257705688477,0.12707853317260742,0.03224442899227142,0.6499579548835754,0.08930522948503494
rssm_mean,1,19,7,0.0037539892364293337,0.017738819122314453,0.03665110468864441,0.2591480612754822,0.18771833181381226,1.0312352180480957,0.06518899649381638
rssm_mean,1,20,7,0.007278440985828638,0.056508421897888184,0.04378584027290344,0.25711560249328613,0.04659537598490715,0.6831863522529602,0.07804039865732193
rssm_mean,1,21,7,0.01651289127767086,0.091036856174469,0.06525963544845581,0.3473573923110962,0.11972900480031967,0.9597110152244568,0.13738921284675598
rssm_mean,1,22,7,0.001246300176717341,0.029862940311431885,0.0042188167572021484,0.08237648010253906,0.007094202097505331,0.4860711991786957,0.13818584382534027
rssm_mean,1,23,7,0.0026457866188138723,0.04449102282524109,0.024079620838165283,0.04312610626220703,0.030641425400972366,0.6368361115455627,0.09646148979663849
rssm_mean,1,24,7,0.003024304285645485,0.014286160469055176,0.05135035514831543,0.1641312837600708,0.0030151610262691975,0.3123028874397278,0.12186026573181152
rssm_mean,1,25,7,0.0007184321875683963,0.012434780597686768,0.022881805896759033,0.07168722152709961,0.002464857418090105,0.6711347103118896,0.08644101023674011
rssm_mean,1,26,7,0.0005384180694818497,0.009928643703460693,0.013062626123428345,0.09192228317260742,0.1149040162563324,0.8111977577209473,0.08067593723535538
rssm_mean,1,27,7,0.0004240795678924769,0.0012664794921875,0.02467864751815796,0.013161659240722656,0.04314196854829788,0.8172213435173035,0.08859645575284958
rssm_mean,1,28,7,0.0004909070557914674,0.014893591403961182,0.012559711933135986,0.06118369102478027,0.011187316849827766,0.23296166956424713,0.10499163717031479
rssm_mean,1,29,7,0.0008960101404227316,0.01362764835357666,0.012990668416023254,0.12465775012969971,0.0006160486955195665,0.45898762345314026,0.05957585945725441
rssm_mean,1,30,7,0.0018913861131295562,0.004160642623901367,0.019827276468276978,0.2079847753047943,0.04618734493851662,0.5925940275192261,0.08407922834157944
rssm_mean,1,31,7,0.0005269391112960875,0.003659665584564209,0.02230888605117798,0.06817547976970673,0.09075786918401718,0.5520098209381104,0.08642461895942688
rssm_mean,1,0,8,0.006415223237127066,0.060400307178497314,0.03457862138748169,0.20638513565063477,0.4590757191181183,0.3557358384132385,0.11631923913955688
rssm_mean,1,1,8,0.0023208355996757746,0.006315708160400391,0.014871001243591309,0.23945093154907227,0.000554559170268476,0.6560980081558228,0.07858537137508392
rssm_mean,1,2,8,0.0038777815643697977,0.004161238670349121,0.03411155939102173,0.28747543692588806,0.3416740596294403,0.6381965279579163,0.08351268619298935
rssm_mean,1,3,8,0.0018612643470987678,0.013511836528778076,0.006801735609769821,0.2095775604248047,0.06709820032119751,0.6162859797477722,0.08472070097923279
rssm_mean,1,4,8,0.001001158612780273,0.0059626102447509766,0.0009363293647766113,0.1610264778137207,0.0020863180980086327,0.5391496419906616,0.07830997556447983
rssm_mean,1,5,8,0.0031334205996245146,0.03913092613220215,0.02188098430633545,0.17375850677490234,0.44404059648513794,0.7416369318962097,0.11421418935060501
rssm_mean,1,6,8,0.0009704955737106502,0.001985609531402588,0.019234061241149902,0.13872432708740234,0.03646951913833618,0.4062606990337372,0.0991138219833374
rssm_mean,1,7,8,0.0016044321237131953,0.0050408244132995605,0.013862073421478271,0.19743061065673828,0.010244356468319893,0.48257508873939514,0.07187333703041077
rssm_mean,1,8,8,0.0010709919733926654,0.008978784084320068,0.009145751595497131,0.15795397758483887,0.005708535201847553,1.1094822883605957,0.08340480923652649
rssm_mean,1,9,8,0.0016830662498250604,0.03045348823070526,0.025944411754608154,0.07374382019042969,0.00517624756321311,0.5255970358848572,0.09913306683301926
rssm_mean,1,10,8,0.0008881801622919738,0.0031036734580993652,0.026765011250972748,0.1023479700088501,0.07531668990850449,1.2403583526611328,0.15257668495178223
rssm_mean,1,11,8,0.0014177961274981499,0.0041359663009643555,0.041739702224731445,0.07512587308883667,0.16692033410072327,0.5550519227981567,0.11246635764837265
rssm_mean,1,12,8,0.00022182113025337458,0.0057076215744018555,0.008919000625610352,0.05957841873168945,0.002815824933350086,1.185041904449463,0.05975782498717308
rssm_mean,1,13,8,0.0017248542280867696,0.014293909072875977,0.0030085593461990356,0.20070576667785645,0.009535066783428192,0.6874225735664368,0.07472343742847443
rssm_mean,1,14,8,0.0022011399269104004,0.0032205581665039062,0.0006909817457199097,0.24300146102905273,0.018564457073807716,0.8504067659378052,0.1013028472661972
rssm_mean,1,15,8,0.0037773512303829193,0.05035525560379028,0.03774446249008179,0.017087936401367188,0.2377103716135025,0.9017881155014038,0.1296764314174652
rssm_mean,1,16,8,0.0020005344413220882,0.014396905899047852,0.010036755353212357,0.2143402099609375,0.4661967158317566,0.2963697910308838,0.05778389796614647
rssm_mean,1,17,8,0.002585570327937603,0.04183647036552429,0.008813560009002686,0.12764692306518555,0.10878605395555496,0.3280144929885864,0.102630116045475
rssm_mean,1,18,8,0.002521346090361476,0.01180189847946167,0.04481416940689087,0.1639389991760254,0.02394339069724083,0.6700764894485474,0.08383485674858093
rssm_mean,1,19,8,0.003539042314514518,0.015336096286773682,0.04257059097290039,0.23470187187194824,0.24357213079929352,0.5946853160858154,0.08664705604314804
rssm_mean,1,20,8,0.013163797557353973,0.07430768013000488,0.0882352888584137,0.21811127662658691,0.043669164180755615,1.1978355646133423,0.0805615782737732
rssm_mean,1,21,8,0.02471872605383396,0.11123108863830566,0.09281164407730103,0.3746826648712158,0.2521713376045227,1.1708605289459229,0.13378657400608063
rssm_mean,1,22,8,0.002441316144540906,0.04547029733657837,0.0033090710639953613,0.06484270095825195,0.04801776632666588,0.4373408555984497,0.12044495344161987
rssm_mean,1,23,8,0.0020363067742437124,0.019365549087524414,0.04799377918243408,0.036797523498535156,0.0672682672739029,0.29984354972839355,0.08753159642219543
rssm_mean,1,24,8,0.0024639726616442204,0.024266302585601807,0.02588719129562378,0.19135057926177979,0.005084357224404812,1.3043866157531738,0.08439875394105911
rssm_mean,1,25,8,0.0009916042909026146,0.005823016166687012,0.029518216848373413,0.0984339714050293,0.11354643106460571,0.5275393128395081,0.09769356995820999
rssm_mean,1,26,8,0.00140697555616498,0.01284867525100708,0.013268828392028809,0.1726241111755371,0.08494172990322113,0.34451374411582947,0.07080952823162079
rssm_mean,1,27,8,0.0005567095358856022,0.0023835301399230957,0.02804519236087799,0.018978118896484375,0.020167578011751175,0.4380880892276764,0.0832468792796135
rssm_mean,1,28,8,0.0004732694069389254,0.010172367095947266,0.01805749535560608,0.06069740653038025,0.013040250167250633,0.6307294964790344,0.09144189208745956
rssm_mean,1,29,8,0.000654277391731739,0.010545790195465088,0.012541964650154114,0.1069793701171875,0.009044630452990532,0.8025286793708801,0.05263902246952057
rssm_mean,1,30,8,0.0014188670320436358,0.006247878074645996,0.00572618842124939,0.1910608410835266,0.022604146972298622,0.5326296091079712,0.08363959938287735
rssm_mean,1,31,8,0.0004011766577605158,0.01459658145904541,0.013540714979171753,0.03334720432758331,0.07118906825780869,0.42081940174102783,0.08283578604459763
rssm_mean,1,0,9,0.005039997864514589,0.031020939350128174,0.06251958012580872,0.18801498413085938,0.3909994065761566,1.1663908958435059,0.15123674273490906
rssm_mean,1,1,9,0.0009193861042149365,0.010797321796417236,0.02746528387069702,0.08625125885009766,0.004467481281608343,0.27430224418640137,0.10010301321744919
rssm_mean,1,2,9,0.004725708160549402,0.00665438175201416,0.05054641142487526,0.28122082352638245,0.19193650782108307,0.7589997053146362,0.10233679413795471
rssm_mean,1,3,9,0.0014979662373661995,0.0006715655326843262,0.02049294114112854,0.18070268630981445,0.028529630973935127,1.4263077974319458,0.1438843309879303
rssm_mean,1,4,9,0.0013917757896706462,0.01317363977432251,0.01529531180858612,0.16754627227783203,0.005940850358456373,8.189093589782715,0.18376611173152924
rssm_mean,1,5,9,0.0032468184363096952,0.01716923713684082,0.04647722840309143,0.19754934310913086,0.21938784420490265,1.6469924449920654,0.1775897592306137
rssm_mean,1,6,9,0.0008877646760083735,0.003051280975341797,0.0016388893127441406,0.1536804437637329,0.0158541202545166,1.0254796743392944,0.10671348124742508
rssm_mean,1,7,9,0.00239946017973125,0.003176748752593994,0.03255607187747955,0.2118844985961914,0.11861229687929153,3.541064739227295,0.19518975913524628
rssm_mean,1,8,9,0.0020256207790225744,0.008635342121124268,0.02616816759109497,0.19951224327087402,0.0017356608295813203,0.5648415088653564,0.13794007897377014
rssm_mean,1,9,9,0.001056752516888082,0.02910236269235611,0.011493027210235596,0.030022144317626953,0.005306530278176069,3.315112590789795,0.300020694732666
rssm_mean,1,10,9,0.0026432338636368513,0.0006313920021057129,0.038622744381427765,0.2092961072921753,0.01184988021850586,0.5016052722930908,0.17674116790294647
rssm_mean,1,11,9,0.002267942763864994,0.00725400447845459,0.04960296303033829,0.11953824758529663,0.174221470952034,0.9821208715438843,0.16946658492088318
rssm_mean,1,12,9,0.00048088780022226274,0.007596075534820557,0.002025008201599121,0.10573482513427734,0.008227987214922905,0.25176510214805603,0.09648896008729935
rssm_mean,1,13,9,0.0018967726500704885,0.008838653564453125,0.015352871268987656,0.2109384536743164,0.01566293090581894,2.2431387901306152,0.1650262475013733
rssm_mean,1,14,9,0.0037090673577040434,0.006736397743225098,0.01891416311264038,0.3034791946411133,0.030480707064270973,0.5398633480072021,0.11016900092363358
rssm_mean,1,15,9,0.0044230199418962,0.02947443723678589,0.06992839276790619,0.05845069885253906,0.46648064255714417,1.5898975133895874,0.17245088517665863
rssm_mean,1,16,9,0.000734190281946212,0.004613339900970459,0.018673568964004517,0.11290311813354492,0.0033514657989144325,1.471083641052246,0.13377827405929565
rssm_mean,1,17,9,0.004005635157227516,0.05048865079879761,0.03497660160064697,0.09877443313598633,0.238764226436615,3.4307589530944824,0.2156699001789093
rssm_mean,1,18,9,0.004247306380420923,0.006749093532562256,0.038912512362003326,0.2920832633972168,0.12722259759902954,2.596895694732666,0.1132684126496315
rssm_mean,1,19,9,0.0038584775757044554,0.010595738887786865,0.051318421959877014,0.2285311222076416,0.22374573349952698,2.0341997146606445,0.16867727041244507
rssm_mean,1,20,9,0.011109401471912861,0.07289963960647583,0.0651964545249939,0.2518465518951416,0.022213058546185493,4.333084583282471,0.15566354990005493
rssm_mean,1,21,9,0.033659908920526505,0.13675928115844727,0.06006902456283569,0.5344250202178955,0.4234797954559326,0.7557731866836548,0.2466297596693039
rssm_mean,1,22,9,0.0004319909494370222,0.01438230276107788,0.01471322774887085,0.0389552116394043,0.059534814208745956,1.043637990951538,0.11863788962364197
rssm_mean,1,23,9,0.002623041393235326,0.013227224349975586,0.05488330125808716,0.10034942626953125,0.009501943364739418,0.6879411339759827,0.17315109074115753
rssm_mean,1,24,9,0.0054779741913080215,0.05239105224609375,0.05173838138580322,0.1299269199371338,0.0706714391708374,4.01621675491333,0.19786451756954193
rssm_mean,1,25,9,0.0009317380026914179,0.0011737346649169922,0.010446667671203613,0.1519174575805664,0.005569035187363625,0.6224279403686523,0.09331270307302475
rssm_mean,1,26,9,0.001998178893700242,0.0012812614440917969,0.04120080918073654,0.1502666473388672,0.1554134488105774,1.4443196058273315,0.16046588122844696
rssm_mean,1,27,9,0.0006914660916663706,0.013049185276031494,0.00865311548113823,0.11050081253051758,0.02946009859442711,0.31412816047668457,0.06508205831050873
rssm_mean,1,28,9,0.0007668337202630937,0.0022007226943969727,0.007091522216796875,0.14004307985305786,0.03262089937925339,0.3150387406349182,0.13045862317085266
rssm_mean,1,29,9,0.00035376986488699913,0.005238056182861328,0.00015375018119812012,0.09341168403625488,0.0041900561191141605,8.39266586303711,0.31971973180770874
rssm_mean,1,30,9,0.0021247186232358217,0.0028380155563354492,0.028069227933883667,0.2062896490097046,0.036390338093042374,0.860233724117279,0.0762689933180809
rssm_mean,1,31,9,0.0011962648713961244,0.00014388561248779297,0.04057392477989197,0.044091224670410156,0.08461461961269379,1.4057281017303467,0.19401268661022186
rssm_mean,1,0,10,0.004995855037122965,0.023495852947235107,0.07301272451877594,0.14197540283203125,0.22270220518112183,2.414360761642456,0.11584585905075073
rssm_mean,1,1,10,0.0022256309166550636,0.026788532733917236,0.03372371196746826,0.1332540512084961,0.0008826164994388819,1.1897443532943726,0.10178622603416443
rssm_mean,1,2,10,0.0038760481402277946,0.005852818489074707,0.050605304539203644,0.23739683628082275,0.14130674302577972,2.108264684677124,0.1202140748500824
rssm_mean,1,3,10,0.001795899122953415,0.0005928874015808105,0.02057841420173645,0.20156210660934448,0.08101304620504379,0.7557547092437744,0.122921884059906
rssm_mean,1,4,10,0.0015081368619576097,0.006383657455444336,0.031229078769683838,0.14663934707641602,0.031826913356781006,0.8605525493621826,0.1482931524515152
rssm_mean,1,5,10,0.003917507361620665,0.006677448749542236,0.06382329016923904,0.17120647430419922,0.34176772832870483,3.902073860168457,0.15535178780555725
rssm_mean,1,6,10,0.002035648562014103,0.0034198760986328125,0.029945552349090576,0.19503867626190186,0.0011381974909454584,1.1771601438522339,0.0989912822842598
rssm_mean,1,7,10,0.0027073100209236145,0.0019277334213256836,0.03044182062149048,0.2363060712814331,0.2061103731393814,0.6625114679336548,0.1279875934123993
rssm_mean,1,8,10,0.0007420700858347118,0.006104230880737305,0.02135947346687317,0.10249137878417969,0.0118150245398283,0.41726619005203247,0.10203731060028076
rssm_mean,1,9,10,0.001090858830139041,0.03058493137359619,0.00690305233001709,0.027327537536621094,0.031023727729916573,1.6487548351287842,0.21485084295272827
rssm_mean,1,10,10,0.000898824306204915,0.0064765214920043945,0.03147602081298828,0.06891095638275146,0.03645986691117287,0.7785989046096802,0.15148502588272095
rssm_mean,1,11,10,0.0010206939186900854,0.008376061916351318,0.037045203149318695,0.013001441955566406,0.11641279608011246,1.720677137374878,0.16665929555892944
rssm_mean,1,12,10,0.000994421192444861,0.003990292549133301,0.010128915309906006,0.15638971328735352,4.2073592339875177e-05,0.4214584231376648,0.06138414517045021
rssm_mean,1,13,10,0.0013328284258022904,0.011142730712890625,0.008122872561216354,0.17618989944458008,0.020594259724020958,1.6835545301437378,0.13860225677490234
rssm_mean,1,14,10,0.0032332483679056168,0.005491971969604492,0.02476409077644348,0.27388429641723633,1.2755685929732863e-05,0.8904300332069397,0.0881524384021759
rssm_mean,1,15,10,0.00303045567125082,0.017740607261657715,0.06165790185332298,0.048621177673339844,0.04908988997340202,0.7121483087539673,0.14037629961967468
rssm_mean,1,16,10,0.0016534667229279876,0.01312565803527832,0.03564620018005371,0.12678241729736328,0.00017648280481807888,1.1230852603912354,0.12410629540681839
rssm_mean,1,17,10,0.005625242367386818,0.03872096538543701,0.07506626844406128,0.0581669807434082,0.23604127764701843,0.9796913862228394,0.1344626396894455
rssm_mean,1,18,10,0.005849109496921301,0.016587674617767334,0.03477409482002258,0.35680294036865234,0.3222631514072418,1.2226980924606323,0.11012677103281021
rssm_mean,1,19,10,0.0031084504444152117,0.011209607124328613,0.05064834654331207,0.18126830458641052,0.267941415309906,1.1898866891860962,0.14431273937225342
rssm_mean,1,20,10,0.012720619328320026,0.07267254590988159,0.07441896200180054,0.2900872230529785,0.05912264436483383,1.6466114521026611,0.1352357715368271
rssm_mean,1,21,10,0.049513354897499084,0.18959085643291473,0.016428112983703613,0.51218581199646,0.6588431000709534,3.6553456783294678,0.2033567726612091
rssm_mean,1,22,10,0.00018548093794379383,0.011963367462158203,0.0052803754806518555,0.015366077423095703,0.0001216862874571234,1.6023906469345093,0.13442330062389374
rssm_mean,1,23,10,0.002281863009557128,0.0018633604049682617,0.04580491781234741,0.15099382400512695,0.05727853253483772,0.8655408024787903,0.13144250214099884
rssm_mean,1,24,10,0.007210535928606987,0.058653563261032104,0.055093586444854736,0.19063949584960938,0.10397118330001831,0.9293466806411743,0.14364215731620789
rssm_mean,1,25,10,0.0007262796279974282,0.0005311369895935059,0.014252610504627228,0.12585210800170898,0.13400360941886902,0.9974324107170105,0.0795971006155014
rssm_mean,1,26,10,0.004415236413478851,0.025269031524658203,0.07083520293235779,0.08773088455200195,0.14846687018871307,0.6794235706329346,0.10980980098247528
rssm_mean,1,27,10,0.0008840473019517958,0.012237727642059326,0.010213702917098999,0.13218164443969727,0.014527511782944202,1.1107257604599,0.07368304580450058
rssm_mean,1,28,10,0.0005756972241215408,0.0014802813529968262,0.008422046899795532,0.11897724866867065,0.07496272772550583,0.5530639886856079,0.11997658014297485
rssm_mean,1,29,10,0.001579316332936287,0.003921031951904297,0.025802969932556152,0.17284810543060303,4.116917261853814e-05,1.410871982574463,0.23893681168556213
rssm_mean,1,30,10,0.0013042482314631343,0.005804777145385742,0.02309875190258026,0.15604090690612793,0.14374706149101257,0.5866734385490417,0.09565236419439316
rssm_mean,1,31,10,0.000940424797590822,0.005250394344329834,0.0361405611038208,0.022115767002105713,0.1045200377702713,1.605762004852295,0.17475326359272003
rssm_mean,1,0,11,0.006261789705604315,0.006540894508361816,0.0927775576710701,0.09530448913574219,0.16044403612613678,1.401260256767273,0.11839906126260757
rssm_mean,1,1,11,0.002409957582131028,0.03336894512176514,0.02763587236404419,0.13358402252197266,0.0076710437424480915,2.138773202896118,0.12194234132766724
rssm_mean,1,2,11,0.0068198200315237045,0.0035399198532104492,0.07949471473693848,0.25918442010879517,0.0907730981707573,1.4390692710876465,0.10638785362243652
rssm_mean,1,3,11,0.003222612664103508,0.009235739707946777,0.043609410524368286,0.222162127494812,0.04664923623204231,0.6592928171157837,0.1089678406715393
rssm_mean,1,4,11,0.0010140634840354323,0.02513277530670166,0.017725348472595215,0.05285501480102539,0.19859550893306732,0.8899710178375244,0.09832225739955902
rssm_mean,1,5,11,0.005803608801215887,0.02004849910736084,0.08435073494911194,0.11637544631958008,0.3315587639808655,0.9748968482017517,0.13409224152565002
rssm_mean,1,6,11,0.0023948068264871836,0.018178462982177734,0.03213232755661011,0.1890888214111328,0.0005840698722749949,0.9059243202209473,0.06942716240882874
rssm_mean,1,7,11,0.003334284061565995,0.013952255249023438,0.037862539291381836,0.24029406905174255,0.3290337026119232,0.7509669065475464,0.09444395452737808
rssm_mean,1,8,11,0.0013220611726865172,0.01989525556564331,0.014600157737731934,0.1413123607635498,0.03712774068117142,0.38889533281326294,0.0917932540178299
rssm_mean,1,9,11,0.0012304318370297551,0.02446863055229187,0.025129616260528564,0.06135272979736328,0.029144538566470146,1.2243626117706299,0.1656021624803543
rssm_mean,1,10,11,0.0006443870370276272,0.0046256184577941895,0.02440515160560608,0.0759882926940918,0.042204633355140686,0.4699680805206299,0.13594983518123627
rssm_mean,1,11,11,0.0008190866210497916,0.0007178783416748047,0.03443847596645355,0.01526021957397461,0.09391094744205475,0.8480800986289978,0.145603209733963
rssm_mean,1,12,11,0.0006525611388497055,0.008249938488006592,0.011077702045440674,0.1154017448425293,0.00045278979814611375,0.23421698808670044,0.06751836091279984
rssm_mean,1,13,11,0.0017420201329514384,0.002466559410095215,0.016123928129673004,0.20497524738311768,0.007646172773092985,1.242469072341919,0.10402892529964447
rssm_mean,1,14,11,0.0029027836862951517,0.010384798049926758,0.024697571992874146,0.2526893615722656,0.007211475633084774,0.48223134875297546,0.07820048183202744
rssm_mean,1,15,11,0.0013316205004230142,0.005258917808532715,0.042851001024246216,0.035704612731933594,0.017776725813746452,0.5214731693267822,0.1028532087802887
rssm_mean,1,16,11,0.00134080124553293,0.003400087356567383,0.02010321617126465,0.16845130920410156,0.004133087582886219,0.3414037823677063,0.07484170794487
rssm_mean,1,17,11,0.008683598600327969,0.020467042922973633,0.10969242453575134,0.012221813201904297,0.01121275033801794,0.4185321629047394,0.10833867639303207
rssm_mean,1,18,11,0.005306253209710121,0.019260704517364502,0.01949930191040039,0.35367774963378906,0.2810877859592438,0.8644881248474121,0.0896635428071022
rssm_mean,1,19,11,0.003417450003325939,0.00746530294418335,0.05855582654476166,0.16542670130729675,0.24262888729572296,0.5424057245254517,0.1347876638174057
rssm_mean,1,20,11,0.024007780477404594,0.1051630973815918,0.09454935789108276,0.3927271366119385,0.27547553181648254,1.2115874290466309,0.14808979630470276
rssm_mean,1,21,11,0.06288338452577591,0.21924525499343872,0.020328402519226074,0.5099325180053711,1.036650538444519,4.5530781745910645,0.17717313766479492
rssm_mean,1,22,11,0.00018658628687262535,0.008290350437164307,0.01257292553782463,0.008868217468261719,0.4129176735877991,0.34023645520210266,0.07956778258085251
rssm_mean,1,23,11,0.00298309326171875,0.008550882339477539,0.0481715202331543,0.1885371208190918,0.16273421049118042,0.5879509449005127,0.09062138199806213
rssm_mean,1,24,11,0.007299048360437155,0.059925347566604614,0.04901242256164551,0.2142643928527832,0.11829178780317307,0.9268345832824707,0.10530783981084824
rssm_mean,1,25,11,0.0011926848674193025,0.0024820566177368164,0.021635830402374268,0.15285062789916992,0.0036323952954262495,0.4177403450012207,0.09012501686811447
rssm_mean,1,26,11,0.0024422539863735437,0.01538020372390747,0.051706671714782715,0.09797906875610352,0.1062009185552597,0.2697683870792389,0.08379805833101273
rssm_mean,1,27,11,0.0011933165369555354,0.018243789672851562,0.003491222858428955,0.1485595703125,0.055745553225278854,0.5992813110351562,0.05244723707437515
rssm_mean,1,28,11,0.0008080415427684784,0.0034702420234680176,0.01070113480091095,0.13902044296264648,0.040742628276348114,1.0988402366638184,0.10131082683801651
rssm_mean,1,29,11,0.001925845630466938,0.004229903221130371,0.02506101131439209,0.19960689544677734,0.000431138469139114,0.6338298320770264,0.1391497701406479
rssm_mean,1,30,11,0.0010263867443427444,0.004721343517303467,0.022207647562026978,0.13392925262451172,0.08280129730701447,0.30672866106033325,0.08019036054611206
rssm_mean,1,31,11,0.0006919202278368175,0.007901012897491455,0.03017529845237732,0.006054729223251343,0.08467760682106018,0.463632732629776,0.13155782222747803
rssm_mean,1,0,12,0.006029391661286354,0.012264907360076904,0.08754527568817139,0.1303577423095703,0.24117951095104218,0.3219306766986847,0.09797025471925735
rssm_mean,1,1,12,0.0030073041561990976,0.039780616760253906,0.028745174407958984,0.13735675811767578,0.0014403501991182566,1.083516240119934,0.09536921977996826
rssm_mean,1,2,12,0.004152757115662098,0.007093548774719238,0.06719965487718582,0.16534423828125,0.010699103586375713,0.6623849272727966,0.11030745506286621
rssm_mean,1,3,12,0.0013989103026688099,0.004965603351593018,0.018845707178115845,0.1745164394378662,0.019619327038526535,0.5005371570587158,0.08802922070026398
rssm_mean,1,4,12,0.003785755718126893,0.05727037787437439,0.011032342910766602,0.04898786544799805,0.2598629295825958,1.0011719465255737,0.0858805775642395
rssm_mean,1,5,12,0.005699263885617256,0.028813719749450684,0.07814574241638184,0.12873363494873047,0.379001647233963,0.5791749954223633,0.11385557055473328
rssm_mean,1,6,12,0.0025217647198587656,0.034047842025756836,0.022989094257354736,0.15437865257263184,0.0005442765541374683,0.440749853849411,0.10504615306854248
rssm_mean,1,7,12,0.002944503678008914,0.012355029582977295,0.04154309630393982,0.20759208500385284,0.26131516695022583,0.6464446187019348,0.12187951058149338
rssm_mean,1,8,12,0.0014998618280515075,0.023718535900115967,0.026607751846313477,0.10342395305633545,0.07708204537630081,1.2554819583892822,0.08960162103176117
rssm_mean,1,9,12,0.0013999909861013293,0.009641706943511963,0.0431523323059082,0.026474952697753906,0.02356710657477379,0.9657819271087646,0.1392374336719513
rssm_mean,1,10,12,0.00044297787826508284,0.0044171810150146484,0.01907789707183838,0.06829619407653809,0.03640580549836159,0.9090954065322876,0.15047523379325867
rssm_mean,1,11,12,0.00014782743528485298,0.0016580820083618164,0.0144873708486557,0.0063092708587646484,0.0448199026286602,0.7029147148132324,0.12900041043758392
rssm_mean,1,12,12,0.00017894331540446728,0.009324967861175537,0.007933199405670166,0.032912492752075195,0.0023037574719637632,0.11296087503433228,0.060857053846120834
rssm_mean,1,13,12,0.001273977104574442,0.004892170429229736,0.020370349287986755,0.16126608848571777,0.012380789965391159,0.6988290548324585,0.09691564738750458
rssm_mean,1,14,12,0.0025412696413695812,0.018470823764801025,0.03092813491821289,0.20195293426513672,0.05064019188284874,1.008965253829956,0.08829091489315033
rssm_mean,1,15,12,0.003023772267624736,0.032994747161865234,0.039159148931503296,0.14478206634521484,0.3276931941509247,0.9575670957565308,0.09697391092777252
rssm_mean,1,16,12,0.0017476383363828063,0.006584972143173218,0.0359264612197876,0.14857721328735352,0.0004448497202247381,1.0723799467086792,0.061162784695625305
rssm_mean,1,17,12,0.0049606324173510075,0.0013994574546813965,0.07951211929321289,0.1315135955810547,0.4630906879901886,0.8315272331237793,0.10869252681732178
rssm_mean,1,18,12,0.003468525828793645,0.019454598426818848,0.01629316806793213,0.2782323360443115,0.011374399065971375,0.5638748407363892,0.09440698474645615
rssm_mean,1,19,12,0.0023363607469946146,0.01502835750579834,0.048673830926418304,0.11255568265914917,0.14710743725299835,0.5723322629928589,0.1494637280702591
rssm_mean,1,20,12,0.03206226974725723,0.11485010385513306,0.123363196849823,0.43874597549438477,0.37612777948379517,1.107356309890747,0.169302836060524
rssm_mean,1,21,12,0.0659070834517479,0.22171291708946228,0.05009275674819946,0.5202350616455078,1.7120919227600098,1.1323497295379639,0.19735993444919586
rssm_mean,1,22,12,0.0014332166174426675,0.00268477201461792,0.03846469521522522,0.10579061508178711,0.044457219541072845,0.5259174108505249,0.06581651419401169
rssm_mean,1,23,12,0.003164886264130473,0.008262932300567627,0.036094263195991516,0.24359130859375,0.1737266331911087,0.8452622890472412,0.0755259320139885
rssm_mean,1,24,12,0.013006498105823994,0.09436434507369995,0.00795602798461914,0.2915914058685303,0.29792076349258423,0.7742128372192383,0.1089029386639595
rssm_mean,1,25,12,0.0015570446848869324,0.004690766334533691,0.021891474723815918,0.18031835556030273,0.0016800917219370604,0.7877771258354187,0.09609481692314148
rssm_mean,1,26,12,0.003211257280781865,0.023366034030914307,0.05660450458526611,0.10665702819824219,0.030737655237317085,0.9252902269363403,0.08747231960296631
rssm_mean,1,27,12,8.724910003365949e-05,0.0029786229133605957,0.0012912750244140625,0.045374393463134766,0.030989639461040497,0.806129515171051,0.05526651442050934
rssm_mean,1,28,12,0.0006701371166855097,0.0024709701538085938,0.008456170558929443,0.12874698638916016,0.01876823976635933,0.6640605926513672,0.09411968290805817
rssm_mean,1,29,12,0.0011812038719654083,0.007145524024963379,0.013777971267700195,0.16384339332580566,9.873070666799322e-05,0.8134503364562988,0.09551753103733063
rssm_mean,1,30,12,0.00043791948701255023,0.004777252674102783,0.016232304275035858,0.07924723625183105,0.014430658891797066,0.5510851144790649,0.09166762977838516
rssm_mean,1,31,12,8.725099178263918e-05,0.004824638366699219,0.004970133304595947,0.034736037254333496,0.04584120959043503,0.3232043981552124,0.12529008090496063
rssm_mean,1,0,13,0.00974686723202467,0.06399106979370117,0.08697432279586792,0.04337310791015625,0.30997833609580994,1.3292036056518555,0.1238439530134201
rssm_mean,1,1,13,0.004633048083633184,0.05727927386760712,0.02862447500228882,0.11123323440551758,0.005093388259410858,2.0244178771972656,0.190156489610672
rssm_mean,1,2,13,0.005343642085790634,0.017306923866271973,0.07976607978343964,0.13430732488632202,0.041228391230106354,2.4852640628814697,0.19461701810359955
rssm_mean,1,3,13,0.0014737533638253808,0.002399444580078125,0.031068921089172363,0.14764606952667236,0.03428569808602333,3.5421957969665527,0.16827157139778137
rssm_mean,1,4,13,0.0018783222185447812,0.04056114703416824,0.009799540042877197,0.0017995834350585938,0.0888829380273819,1.8712000846862793,0.12721477448940277
rssm_mean,1,5,13,0.007109433878213167,0.05706685781478882,0.0709007978439331,0.048909664154052734,0.23310182988643646,1.0103929042816162,0.17347021400928497
rssm_mean,1,6,13,0.0030895236413925886,0.034844398498535156,0.03566873073577881,0.15432709455490112,0.016462039202451706,1.4735265970230103,0.12200246006250381
rssm_mean,1,7,13,0.0038841275963932276,0.009939074516296387,0.05475911498069763,0.21586330235004425,0.1869695484638214,0.9990160465240479,0.1180701032280922
rssm_mean,1,8,13,0.0010852691484615207,0.018107354640960693,0.02267754077911377,0.1002800464630127,0.0866105705499649,0.7147588729858398,0.14028798043727875
rssm_mean,1,9,13,0.0025865172501653433,0.01297295093536377,0.05105304718017578,0.12944507598876953,0.014911873266100883,1.0254238843917847,0.17374025285243988
rssm_mean,1,10,13,0.0004959012730978429,0.007493138313293457,0.0174274742603302,0.07818412780761719,0.05561031028628349,0.35798829793930054,0.1632116138935089
rssm_mean,1,11,13,0.0002725738158915192,0.006179988384246826,0.018102645874023438,0.013458728790283203,0.026578985154628754,0.4987168312072754,0.12479057908058167
rssm_mean,1,12,13,0.0005619662697426975,0.0053168535232543945,0.020941555500030518,0.07899200916290283,0.00021806226868648082,0.16797253489494324,0.07360914349555969
rssm_mean,1,13,13,0.0028976257890462875,0.0024681687355041504,0.035422950983047485,0.23422324657440186,0.0011367822298780084,0.5747967958450317,0.12584418058395386
rssm_mean,1,14,13,0.002905971137806773,0.023030340671539307,0.031162738800048828,0.21149492263793945,0.06498372554779053,2.224968910217285,0.20742161571979523
rssm_mean,1,15,13,0.0014766458189114928,0.024230897426605225,0.026061177253723145,0.0993504524230957,0.25964421033859253,0.3692830502986908,0.11593067646026611
rssm_mean,1,16,13,0.0028374826069921255,0.04249231517314911,0.031113088130950928,0.07103967666625977,0.004209029488265514,0.9234012961387634,0.12982335686683655
rssm_mean,1,17,13,0.005830822978168726,0.03481745719909668,0.061499401926994324,0.22711563110351562,0.3260149657726288,1.5723366737365723,0.10995595157146454
rssm_mean,1,18,13,0.004368276800960302,0.015165925025939941,0.01683676242828369,0.3252086639404297,0.0059926374815404415,0.5248797535896301,0.12263429164886475
rssm_mean,1,19,13,0.0038073519244790077,0.01146787405014038,0.07241807132959366,0.04681268334388733,0.17856237292289734,0.7422013282775879,0.1700269728899002
rssm_mean,1,20,13,0.036488067358732224,0.12738454341888428,0.07551389932632446,0.6300036907196045,0.40106746554374695,4.127060413360596,0.2152809202671051
rssm_mean,1,21,13,0.0754912793636322,0.22372353076934814,0.15146344900131226,0.35527658462524414,2.825909376144409,8.458022117614746,0.24435847997665405
rssm_mean,1,22,13,0.0037174553144723177,0.024814069271087646,0.0654679536819458,0.05502510070800781,0.04330494999885559,0.3286108374595642,0.07808426767587662
rssm_mean,1,23,13,0.004565438721328974,0.023101866245269775,0.015182673931121826,0.3209819793701172,0.09264105558395386,1.7339638471603394,0.1009201630949974
rssm_mean,1,24,13,0.02014646865427494,0.11590099334716797,0.009346485137939453,0.3776106834411621,0.45141923427581787,3.622093677520752,0.2386670857667923
rssm_mean,1,25,13,0.0026618835981935263,0.023061692714691162,0.0438728928565979,0.14331388473510742,0.009652107954025269,0.27353546023368835,0.08707480132579803
rssm_mean,1,26,13,0.0047149984166026115,0.053327709436416626,0.04759418964385986,0.030692100524902344,0.01834873855113983,1.6261507272720337,0.12988166511058807
rssm_mean,1,27,13,0.0006742503028362989,0.014192849397659302,0.006380319595336914,0.10700273513793945,1.8081664165947586e-06,0.3511286973953247,0.08317830413579941
rssm_mean,1,28,13,0.0015576764708384871,0.0046163201332092285,0.004838466644287109,0.20235490798950195,0.001046742545440793,0.4961891770362854,0.16044944524765015
rssm_mean,1,29,13,0.001807733322493732,0.008891403675079346,0.03398674726486206,0.15853369235992432,0.006762729026377201,0.44090014696121216,0.13187789916992188
rssm_mean,1,30,13,0.0008109959308058023,0.007798969745635986,0.02426920086145401,0.09601080417633057,0.0021276415791362524,1.0083248615264893,0.13381832838058472
rssm_mean,1,31,13,0.00048076515668071806,0.0041615962982177734,0.024699032306671143,0.034879446029663086,0.07708574831485748,0.8845887780189514,0.14932838082313538
rssm_mean,1,0,14,0.011586830951273441,0.08399271965026855,0.0746687650680542,0.013622283935546875,0.3188226819038391,1.0900920629501343,0.11222721636295319
rssm_mean,1,1,14,0.005057255271822214,0.06343644112348557,0.019232451915740967,0.10002851486206055,0.018518228083848953,1.0544945001602173,0.14928019046783447
rssm_mean,1,2,14,0.0055094934068620205,0.016484379768371582,0.08405421674251556,0.10197824239730835,0.11626902222633362,2.020167827606201,0.1599026322364807
rssm_mean,1,3,14,0.0034298086538910866,0.006049811840057373,0.05258169770240784,0.20123636722564697,0.0395502969622612,1.0164316892623901,0.1324303299188614
rssm_mean,1,4,14,0.001702838228084147,0.037892311811447144,0.007057547569274902,0.04840850830078125,0.03743045777082443,1.9671266078948975,0.143218994140625
rssm_mean,1,5,14,0.010268902406096458,0.08107340335845947,0.06579715013504028,0.04370737075805664,0.2206246703863144,0.698958158493042,0.13191242516040802
rssm_mean,1,6,14,0.003765427740290761,0.03694993257522583,0.04809415340423584,0.1355946660041809,0.040700480341911316,1.020651936531067,0.11494897305965424
rssm_mean,1,7,14,0.003878641175106168,0.009011268615722656,0.060080528259277344,0.18898770213127136,0.25121837854385376,0.9144970774650574,0.11853746324777603
rssm_mean,1,8,14,0.0007187845185399055,0.02396315336227417,0.0025292634963989258,0.04695558547973633,0.06488943099975586,0.590437650680542,0.13081176578998566
rssm_mean,1,9,14,0.0030196162406355143,0.0018436312675476074,0.04060682654380798,0.2257695198059082,0.01860918290913105,0.6873056888580322,0.1370599865913391
rssm_mean,1,10,14,0.00011452392936917022,0.007686316967010498,0.006994724273681641,0.020787954330444336,0.053465668112039566,0.6299850940704346,0.13533742725849152
rssm_mean,1,11,14,0.0005645753699354827,0.00019985437393188477,0.008691459894180298,0.11762070655822754,0.019007565453648567,0.3227866590023041,0.09541571885347366
rssm_mean,1,12,14,0.00014570298662874848,0.004357174038887024,0.011798083782196045,0.028319120407104492,0.0032156731467694044,0.8928079605102539,0.10580772906541824
rssm_mean,1,13,14,0.0007870369008742273,0.0029657483100891113,0.027830779552459717,0.08185601234436035,0.004335879813879728,0.48606348037719727,0.08916769921779633
rssm_mean,1,14,14,0.0017462028190493584,0.02800452709197998,0.0209922194480896,0.12520408630371094,0.03818535432219505,0.7245835661888123,0.16530276834964752
rssm_mean,1,15,14,0.0022765069734305143,0.039445340633392334,0.01785188913345337,0.09640836715698242,0.17901845276355743,0.9705341458320618,0.12657848000526428
rssm_mean,1,16,14,0.003917489666491747,0.05331313610076904,0.01828622817993164,0.1226358413696289,0.026145119220018387,0.9994416236877441,0.12456093728542328
rssm_mean,1,17,14,0.006090416107326746,0.0442352294921875,0.04268443584442139,0.26937341690063477,0.20059973001480103,0.6402851939201355,0.10451334714889526
rssm_mean,1,18,14,0.004985894542187452,0.02941867709159851,0.008553802967071533,0.32773303985595703,0.0033985029440373182,0.392469197511673,0.08974363654851913
rssm_mean,1,19,14,0.003544350853189826,0.009189784526824951,0.07102067768573761,0.01371435821056366,0.18523915112018585,1.287035346031189,0.14786936342716217
rssm_mean,1,20,14,0.057468902319669724,0.19079405069351196,0.03790229558944702,0.6646914482116699,0.8133609294891357,2.8760986328125,0.20427680015563965
rssm_mean,1,21,14,0.07528042793273926,0.18273890018463135,0.22964954376220703,0.2583737373352051,3.2038676738739014,4.034365177154541,0.24538570642471313
rssm_mean,1,22,14,0.005043866112828255,0.03754854202270508,0.06533539295196533,0.12459087371826172,0.005665671080350876,0.7786179184913635,0.06266237050294876
rssm_mean,1,23,14,0.00490309065207839,0.011207401752471924,0.009014129638671875,0.3563871383666992,0.032812025398015976,2.1204309463500977,0.11230441182851791
rssm_mean,1,24,14,0.022872408851981163,0.1211635023355484,0.0297124981880188,0.40544843673706055,0.5324385762214661,3.4687485694885254,0.18326807022094727
rssm_mean,1,25,14,0.004510945174843073,0.043824225664138794,0.03454947471618652,0.2064204216003418,0.0016295433742925525,1.0176223516464233,0.08319608867168427
rssm_mean,1,26,14,0.0056224907748401165,0.06609637290239334,0.03303796052932739,0.041493892669677734,0.06880504637956619,1.6362265348434448,0.10668344050645828
rssm_mean,1,27,14,0.0013187263393774629,0.0038799643516540527,0.017539501190185547,0.17162179946899414,0.0009154996951110661,0.44807523488998413,0.07004263252019882
rssm_mean,1,28,14,0.0007584369741380215,0.014849841594696045,0.007180396467447281,0.11381280422210693,0.17582374811172485,0.3120909631252289,0.11183985322713852
rssm_mean,1,29,14,0.0013289302587509155,0.008350491523742676,0.034116506576538086,0.11105659604072571,0.0603129118680954,0.375893771648407,0.10990699380636215
rssm_mean,1,30,14,0.0004676049866247922,0.011307060718536377,0.016705205664038658,0.060604870319366455,0.06433769315481186,1.4240155220031738,0.11610541492700577
rssm_mean,1,31,14,0.0003178005281370133,0.008273005485534668,0.015708118677139282,0.04464450478553772,0.0917070060968399,0.6601729393005371,0.1387428343296051
rssm_mean,1,0,15,0.011154800653457642,0.08800959587097168,0.05915623903274536,0.07897233963012695,0.3934021294116974,1.1235496997833252,0.10889986902475357
rssm_mean,1,1,15,0.004936701152473688,0.06235501542687416,0.016257762908935547,0.11287581920623779,0.018528936430811882,0.41246268153190613,0.10698024183511734
rssm_mean,1,2,15,0.006631641183048487,0.00801992416381836,0.09511635452508926,0.10161048173904419,0.16610154509544373,2.4987382888793945,0.1400597095489502
rssm_mean,1,3,15,0.0034663307014852762,0.01019740104675293,0.05086034536361694,0.2067803144454956,0.042534422129392624,1.3713195323944092,0.09854337573051453
rssm_mean,1,4,15,0.0036902904976159334,0.04980969429016113,0.0326458215713501,0.0785980224609375,0.07758048921823502,0.8725401163101196,0.1366666853427887
rssm_mean,1,5,15,0.009180168621242046,0.08217474818229675,0.046927809715270996,0.0798649787902832,0.24956388771533966,1.7765438556671143,0.11898180842399597
rssm_mean,1,6,15,0.0033460126724094152,0.04571908712387085,0.03578805923461914,0.06740707159042358,0.04089098423719406,2.114222288131714,0.08268975466489792
rssm_mean,1,7,15,0.004317964892834425,0.006323039531707764,0.0702747106552124,0.15593543648719788,0.22815150022506714,1.2390069961547852,0.10388903319835663
rssm_mean,1,8,15,0.0008659535087645054,0.020608603954315186,0.006314396858215332,0.10000300407409668,0.041106291115283966,0.32360708713531494,0.0986918956041336
rssm_mean,1,9,15,0.004009968135505915,0.016778945922851562,0.048928216099739075,0.23599910736083984,0.019899234175682068,0.5169434547424316,0.11608603596687317
rssm_mean,1,10,15,7.161098619690165e-05,0.005662083625793457,0.0015997886657714844,0.030522465705871582,0.029865629971027374,0.7681627869606018,0.10532166063785553
rssm_mean,1,11,15,0.00028310136985965073,0.0017403960227966309,0.002102971076965332,0.08639466762542725,0.011483591981232166,0.2984343469142914,0.07964488118886948
rssm_mean,1,12,15,0.0008044801070354879,0.019477039575576782,0.02329421043395996,0.02076326310634613,0.008634094148874283,0.3282647728919983,0.07132464647293091
rssm_mean,1,13,15,0.0007515973411500454,0.007955312728881836,0.01358148455619812,0.12244760990142822,0.02569066919386387,0.5007956027984619,0.07969995588064194
rssm_mean,1,14,15,0.0022349609062075615,0.034195661544799805,0.009403526782989502,0.15460491180419922,0.054952431470155716,0.13370394706726074,0.1086290255188942
rssm_mean,1,15,15,0.00080453249393031,0.018146097660064697,0.0024527311325073242,0.1086435317993164,0.08486586064100266,0.8866457939147949,0.08872605860233307
rssm_mean,1,16,15,0.0040194629691541195,0.056407779455184937,0.0033660531044006348,0.11683297157287598,0.007907677441835403,0.4387361407279968,0.08904319256544113
rssm_mean,1,17,15,0.004401528742164373,0.03913116455078125,0.028401553630828857,0.24156761169433594,0.019310910254716873,0.6742305159568787,0.08647199720144272
rssm_mean,1,18,15,0.0035785529762506485,0.033799827098846436,0.005807101726531982,0.24889326095581055,0.00027272215811535716,0.1288471519947052,0.08591750264167786
rssm_mean,1,19,15,0.0025586613919585943,0.011455953121185303,0.05922000855207443,0.02278648316860199,0.10776867717504501,1.0362708568572998,0.14734423160552979
rssm_mean,1,20,15,0.07961056381464005,0.2379312366247177,0.002778351306915283,0.6817576885223389,1.3325674533843994,3.0900533199310303,0.2235070765018463
rssm_mean,1,21,15,0.07559990137815475,0.1172640323638916,0.29609155654907227,0.12537002563476562,2.5970330238342285,2.433682918548584,0.26902785897254944
rssm_mean,1,22,15,0.003225574968382716,0.03837135434150696,0.030325233936309814,0.16219615936279297,0.06033656746149063,1.4893710613250732,0.07655957341194153
rssm_mean,1,23,15,0.004798973444849253,0.010423213243484497,0.004268467426300049,0.3547797203063965,0.026919476687908173,1.2370750904083252,0.1323174089193344
rssm_mean,1,24,15,0.024841388687491417,0.12506651878356934,0.054421305656433105,0.3881349563598633,0.8999700546264648,1.8044838905334473,0.1550282984972
rssm_mean,1,25,15,0.00392303429543972,0.04520083963871002,0.02283799648284912,0.1883864402770996,0.014304344542324543,0.6261652112007141,0.11885364353656769
rssm_mean,1,26,15,0.0044919163919985294,0.061578989028930664,0.021432995796203613,0.0031850337982177734,0.07151743769645691,0.6933378577232361,0.1005229577422142
rssm_mean,1,27,15,0.0003960433241445571,0.0026098638772964478,0.0015701055526733398,0.10214614868164062,0.0011898307129740715,0.35073772072792053,0.05419474467635155
rssm_mean,1,28,15,0.0010191724868491292,0.005459010601043701,0.009071152657270432,0.15838861465454102,0.026454126462340355,0.784907877445221,0.08562014997005463
rssm_mean,1,29,15,0.002669067122042179,0.02119964361190796,0.049624860286712646,0.11522509157657623,0.08849810063838959,0.36022454500198364,0.10520073026418686
rssm_mean,1,30,15,0.0004938032361678779,0.0067771077156066895,0.016119372099637985,0.08466410636901855,0.041403628885746,1.7299838066101074,0.10696063190698624
rssm_mean,1,31,15,0.00024354021297767758,0.01113271713256836,0.007956311106681824,0.04146993160247803,0.06615687161684036,0.2566102147102356,0.09549728780984879
rssm_teacher_forced,1,0,1,0.0005293191643431783,0.018002450466156006,0.014784812927246094,0.024897217750549316,0.012561787851154804,nan,nan
rssm_teacher_forced,1,1,1,0.0063000931404531,0.07248087227344513,0.02732861042022705,0.007368564605712891,0.26270443201065063,nan,nan
rssm_teacher_forced,1,2,1,0.002357729710638523,0.01814436912536621,0.04571308195590973,0.1237756609916687,0.25759562849998474,nan,nan
rssm_teacher_forced,1,3,1,0.00040673385956324637,0.012859940528869629,0.014438331127166748,0.047077298164367676,0.0032377212774008512,nan,nan
rssm_teacher_forced,1,4,1,0.002459736308082938,0.04480421543121338,0.01880556344985962,0.013286113739013672,0.11075308173894882,nan,nan
rssm_teacher_forced,1,5,1,0.004325417336076498,0.006925761699676514,0.07884907722473145,0.027022123336791992,0.0012902652379125357,nan,nan
rssm_teacher_forced,1,6,1,0.0014699901221320033,0.005686819553375244,0.01351599395275116,0.18793988227844238,0.005007620435208082,nan,nan
rssm_teacher_forced,1,7,1,0.000893656222615391,0.027133822441101074,0.0006946027278900146,0.04707390069961548,0.020966818556189537,nan,nan
rssm_teacher_forced,1,8,1,0.00243158801458776,0.018129467964172363,0.02957463264465332,0.1992642879486084,0.003910006023943424,nan,nan
rssm_teacher_forced,1,9,1,0.0012386249145492911,0.0008646249771118164,0.03965437412261963,0.06651055812835693,0.00010888643009820953,nan,nan
rssm_teacher_forced,1,10,1,0.0017472397303208709,0.029328107833862305,0.007551997900009155,0.14322984218597412,0.010322400368750095,nan,nan
rssm_teacher_forced,1,11,1,0.001552826608531177,0.0025254487991333008,0.012989044189453125,0.1964288353919983,0.031055651605129242,nan,nan
rssm_teacher_forced,1,12,1,5.8250883739674464e-05,0.004303455352783203,0.007128715515136719,0.009208917617797852,0.0316878966987133,nan,nan
rssm_teacher_forced,1,13,1,0.0012845635646954179,0.02794039249420166,0.018969058990478516,0.0694325864315033,0.014770366251468658,nan,nan
rssm_teacher_forced,1,14,1,0.00394582049921155,0.029826104640960693,0.05965268611907959,0.12020766735076904,0.04806647077202797,nan,nan
rssm_teacher_forced,1,15,1,0.00020379891793709248,0.001789689064025879,0.0031319260597229004,0.07225513458251953,4.373828778625466e-05,nan,nan
rssm_teacher_forced,1,16,1,0.003023918019607663,0.03702503442764282,0.008078515529632568,0.19904828071594238,0.002971612848341465,nan,nan
rssm_teacher_forced,1,17,1,0.0003116019652225077,0.004480481147766113,0.020543336868286133,0.005911111831665039,0.0010463723447173834,nan,nan
rssm_teacher_forced,1,18,1,0.0031858135480433702,0.04487144947052002,0.007693588733673096,0.1581249237060547,0.006733703427016735,nan,nan
rssm_teacher_forced,1,19,1,0.00046231457963585854,0.01246267557144165,0.001330047845840454,0.08843696117401123,0.24160027503967285,nan,nan
rssm_teacher_forced,1,20,1,0.008969799615442753,0.0755806565284729,0.053634434938430786,0.13854563236236572,0.04060092195868492,nan,nan
rssm_teacher_forced,1,21,1,0.0005185045883990824,0.003928422927856445,0.0065193772315979,0.11288562417030334,0.001833379385061562,nan,nan
rssm_teacher_forced,1,22,1,0.0014319797046482563,0.03247570991516113,0.0085829496383667,0.07697343826293945,0.019548926502466202,nan,nan
rssm_teacher_forced,1,23,1,0.0003517970908433199,0.015608489513397217,0.007751584053039551,0.03379631042480469,0.00034334365045651793,nan,nan
rssm_teacher_forced,1,24,1,0.00045275918091647327,0.00691598653793335,0.016053378582000732,0.07774066179990768,0.006140307057648897,nan,nan
rssm_teacher_forced,1,25,1,0.007427997421473265,0.06941896677017212,0.024648010730743408,0.21436381340026855,0.006563699338585138,nan,nan
rssm_teacher_forced,1,26,1,0.004230821505188942,0.03772231936454773,0.0228235125541687,0.24946093559265137,0.008228376507759094,nan,nan
rssm_teacher_forced,1,27,1,0.002089348854497075,0.009888529777526855,0.040238797664642334,0.15370440483093262,0.033543940633535385,nan,nan
rssm_teacher_forced,1,28,1,0.0002023306442424655,0.006911933422088623,0.00369146466255188,0.06153382360935211,0.0028855307027697563,nan,nan
rssm_teacher_forced,1,29,1,0.002048065420240164,0.040956854820251465,0.012452632188796997,0.0503537654876709,0.09070214629173279,nan,nan
rssm_teacher_forced,1,30,1,0.0017034811899065971,0.028500258922576904,0.01729753613471985,0.12765949964523315,0.05241658538579941,nan,nan
rssm_teacher_forced,1,31,1,0.0006757414084859192,0.014842331409454346,0.020359039306640625,0.06360268592834473,0.06557435542345047,nan,nan
rssm_teacher_forced,1,0,2,0.0062453714199364185,0.06732836365699768,0.025500774383544922,0.1475226879119873,0.05122658237814903,nan,nan
rssm_teacher_forced,1,1,2,0.0010786914499476552,0.01711946725845337,0.03135162591934204,0.04776358604431152,0.08079496026039124,nan,nan
rssm_teacher_forced,1,2,2,0.00144004391040653,0.009796857833862305,0.040372662246227264,0.07725018262863159,0.0019672317430377007,nan,nan
rssm_teacher_forced,1,3,2,0.000362953869625926,0.006887376308441162,0.006796091794967651,0.08676958084106445,0.0015568425878882408,nan,nan
rssm_teacher_forced,1,4,2,0.0005750147392973304,0.01713663339614868,0.006664693355560303,0.07722830772399902,0.00011219517182325944,nan,nan
rssm_teacher_forced,1,5,2,0.0016815699636936188,0.00976303219795227,0.0370713472366333,0.1311875581741333,0.0004974603652954102,nan,nan
rssm_teacher_forced,1,6,2,0.00048497808165848255,0.01003795862197876,0.007677264511585236,0.09487152099609375,0.037861406803131104,nan,nan
rssm_teacher_forced,1,7,2,0.00023609281925018877,0.003548264503479004,0.01075781136751175,0.062145352363586426,0.044501468539237976,nan,nan
rssm_teacher_forced,1,8,2,0.0023718385491520166,0.03704148530960083,0.03415113687515259,0.04145455360412598,0.07032807916402817,nan,nan
rssm_teacher_forced,1,9,2,0.0006463679601438344,0.005789339542388916,0.02374500036239624,0.07780051231384277,0.05804750323295593,nan,nan
rssm_teacher_forced,1,10,2,0.0011954164365306497,0.021325647830963135,0.010596871376037598,0.12907040119171143,3.133303107460961e-05,nan,nan
rssm_teacher_forced,1,11,2,0.00022570897999685258,0.0041370391845703125,0.008214175701141357,0.06585067510604858,0.00951952114701271,nan,nan
rssm_teacher_forced,1,12,2,0.0007446581148542464,0.008919835090637207,0.022316455841064453,0.0924525260925293,0.07425861060619354,nan,nan
rssm_teacher_forced,1,13,2,0.0014970562187954783,0.016108572483062744,0.03549477458000183,0.09727469086647034,0.002798493718728423,nan,nan
rssm_teacher_forced,1,14,2,0.0028382267337292433,0.028442800045013428,0.037367165088653564,0.16368699073791504,0.047573674470186234,nan,nan
rssm_teacher_forced,1,15,2,0.0009571508853696287,0.005624592304229736,0.03415113687515259,0.058264970779418945,0.0020067021250724792,nan,nan
rssm_teacher_forced,1,16,2,0.0013866289518773556,0.028473030775785446,0.025467336177825928,0.03691267967224121,0.02965208888053894,nan,nan
rssm_teacher_forced,1,17,2,6.858890264993533e-05,0.0005308389663696289,0.009453773498535156,0.01398169994354248,0.0009603212820366025,nan,nan
rssm_teacher_forced,1,18,2,0.0013908533146604896,0.03429807722568512,0.005276799201965332,0.04520678520202637,0.03296898305416107,nan,nan
rssm_teacher_forced,1,19,2,3.8531754398718476e-05,0.002552330493927002,0.00596541166305542,0.013793110847473145,0.14660893380641937,nan,nan
rssm_teacher_forced,1,20,2,0.002542731584981084,0.035208940505981445,0.03416013717651367,0.1012457013130188,0.04417205601930618,nan,nan
rssm_teacher_forced,1,21,2,0.0016341917216777802,0.030860960483551025,0.019283533096313477,0.09447735548019409,6.464416946982965e-05,nan,nan
rssm_teacher_forced,1,22,2,0.0005697343149222434,0.017485499382019043,0.010176420211791992,0.06613349914550781,0.0032091462053358555,nan,nan
rssm_teacher_forced,1,23,2,0.002368183573707938,0.041253626346588135,0.026164770126342773,0.026302456855773926,0.02407301962375641,nan,nan
rssm_teacher_forced,1,24,2,0.0004517668567132205,0.008445799350738525,0.01102215051651001,0.08847260475158691,0.007893499918282032,nan,nan
rssm_teacher_forced,1,25,2,0.0007040791679173708,0.02232801914215088,0.008065283298492432,0.05456399917602539,0.01701372116804123,nan,nan
rssm_teacher_forced,1,26,2,0.00339426938444376,0.02572028338909149,0.02385854721069336,0.24780011177062988,0.011783480644226074,nan,nan
rssm_teacher_forced,1,27,2,0.0009411363862454891,0.0009114369750022888,0.027534842491149902,0.10674762725830078,0.020358718931674957,nan,nan
rssm_teacher_forced,1,28,2,9.046628110809252e-05,0.005409836769104004,0.005367696285247803,0.0322435200214386,0.011081351898610592,nan,nan
rssm_teacher_forced,1,29,2,0.0018287379061803222,0.034116387367248535,0.01859697699546814,0.09146773815155029,0.0014609452337026596,nan,nan
rssm_teacher_forced,1,30,2,0.00169663829728961,0.02349388599395752,0.02561938762664795,0.13141393661499023,0.0285357516258955,nan,nan
rssm_teacher_forced,1,31,2,0.0012803977588191628,0.016321659088134766,0.02440384030342102,0.1250954568386078,0.0010614808415994048,nan,nan
rssm_teacher_forced,1,0,3,0.0021838226821273565,0.018462687730789185,0.041326820850372314,0.13158702850341797,0.005537729244679213,nan,nan
rssm_teacher_forced,1,1,3,0.0020103587303310633,0.004867434501647949,0.0418127179145813,0.14600610733032227,0.0037044230848550797,nan,nan
rssm_teacher_forced,1,2,3,0.0021730558946728706,0.0066863298416137695,0.023019544780254364,0.21799391508102417,0.005818874575197697,nan,nan
rssm_teacher_forced,1,3,3,0.0007217288366518915,0.0049596428871154785,0.010742038488388062,0.12887787818908691,0.027518773451447487,nan,nan
rssm_teacher_forced,1,4,3,0.0002533971855882555,0.014020070433616638,0.0022478103637695312,0.030005693435668945,0.009728949517011642,nan,nan
rssm_teacher_forced,1,5,3,0.0010141866514459252,0.00482448935508728,0.010927796363830566,0.15640497207641602,0.009600645862519741,nan,nan
rssm_teacher_forced,1,6,3,0.00029928190633654594,0.007397115230560303,0.018199361860752106,0.018594741821289062,0.1362246721982956,nan,nan
rssm_teacher_forced,1,7,3,0.002152797533199191,0.012304604053497314,0.00469980388879776,0.2305580973625183,0.0023646680638194084,nan,nan
rssm_teacher_forced,1,8,3,0.0012480166042223573,0.018752634525299072,0.008082091808319092,0.14834856986999512,0.07329835742712021,nan,nan
rssm_teacher_forced,1,9,3,0.0009409100748598576,0.007762253284454346,0.025184929370880127,0.10910952091217041,0.004382781684398651,nan,nan
rssm_teacher_forced,1,10,3,0.0009807805763557553,0.028953909873962402,0.005879104137420654,0.030076265335083008,0.00131535017862916,nan,nan
rssm_teacher_forced,1,11,3,0.0007046175305731595,0.01211535930633545,0.00016483664512634277,0.12100398540496826,0.0010966920526698232,nan,nan
rssm_teacher_forced,1,12,3,0.0020393605809658766,0.0036264657974243164,0.0521162748336792,0.06773996353149414,0.02227158658206463,nan,nan
rssm_teacher_forced,1,13,3,0.0006006627809256315,0.013363361358642578,0.014237761497497559,0.08461886644363403,0.00011606144835241139,nan,nan
rssm_teacher_forced,1,14,3,0.00237311446107924,0.01888936758041382,0.04464608430862427,0.12919437885284424,0.018727628514170647,nan,nan
rssm_teacher_forced,1,15,3,0.000474275992019102,0.009131327271461487,0.023662209510803223,0.0014057159423828125,0.00349153159186244,nan,nan
rssm_teacher_forced,1,16,3,0.0005329058622010052,0.019124478101730347,0.002439141273498535,0.05826711654663086,0.01344321109354496,nan,nan
rssm_teacher_forced,1,17,3,0.001022133743390441,0.025135159492492676,0.021541237831115723,0.015752315521240234,2.7270141799817793e-05,nan,nan
rssm_teacher_forced,1,18,3,0.0005170746590010822,0.019882768392562866,0.010448098182678223,0.013718366622924805,0.010270241647958755,nan,nan
rssm_teacher_forced,1,19,3,0.0005390112055465579,0.014285862445831299,0.001346677541732788,0.0918678343296051,0.02339116483926773,nan,nan
rssm_teacher_forced,1,20,3,0.005121439695358276,0.058692336082458496,0.026855945587158203,0.14994215965270996,0.00901455245912075,nan,nan
rssm_teacher_forced,1,21,3,0.0014966120943427086,0.011715352535247803,0.020948171615600586,0.16794180870056152,0.005520285107195377,nan,nan
rssm_teacher_forced,1,22,3,9.152023267233744e-05,0.0031118392944335938,0.010879158973693848,0.0008990764617919922,0.0006567195523530245,nan,nan
rssm_teacher_forced,1,23,3,0.0009436057880520821,0.013085603713989258,0.01719200611114502,0.12213945388793945,0.012540739960968494,nan,nan
rssm_teacher_forced,1,24,3,0.0006939166341908276,0.011425375938415527,0.02165493369102478,0.07873934507369995,0.0012132910778746009,nan,nan
rssm_teacher_forced,1,25,3,0.0008850591839291155,0.003042668104171753,0.03548163175582886,0.020226240158081055,0.02860434167087078,nan,nan
rssm_teacher_forced,1,26,3,0.001141138025559485,0.012221749871969223,0.0030347108840942383,0.16176915168762207,3.5099767501378665e-06,nan,nan
rssm_teacher_forced,1,27,3,6.645398389082402e-05,0.0010267272591590881,0.009634792804718018,0.007163524627685547,0.03218315169215202,nan,nan
rssm_teacher_forced,1,28,3,0.0006305972347036004,0.017548561096191406,0.01975873112678528,0.025816544890403748,0.0005519122933037579,nan,nan
rssm_teacher_forced,1,29,3,0.0013133701868355274,0.020646214485168457,0.014530077576637268,0.13735973834991455,0.020414819940924644,nan,nan
rssm_teacher_forced,1,30,3,0.0026293208356946707,0.02531301975250244,0.053067177534103394,0.0029941797256469727,4.445707600098103e-05,nan,nan
rssm_teacher_forced,1,31,3,0.0016928293043747544,0.0002461075782775879,0.018172383308410645,0.19893017411231995,0.06534987688064575,nan,nan
rssm_teacher_forced,1,0,4,0.0018910448998212814,0.026196718215942383,0.015004873275756836,0.16267681121826172,0.0012916958658024669,nan,nan
rssm_teacher_forced,1,1,4,0.001924714189954102,0.012964785099029541,0.044979751110076904,0.09825801849365234,0.000555727630853653,nan,nan
rssm_teacher_forced,1,2,4,0.0034678978845477104,0.00454336404800415,0.04345213621854782,0.24113285541534424,0.04653396084904671,nan,nan
rssm_teacher_forced,1,3,4,0.0014421868836507201,0.03022289276123047,0.02181088924407959,0.05470609664916992,0.004840192850679159,nan,nan
rssm_teacher_forced,1,4,4,0.00745938578620553,0.05888885259628296,0.06563138961791992,0.13712406158447266,0.00043965535587631166,nan,nan
rssm_teacher_forced,1,5,4,0.005778114777058363,0.07171955704689026,0.000272214412689209,0.05469989776611328,0.12164942920207977,nan,nan
rssm_teacher_forced,1,6,4,0.000392391491914168,0.004324555397033691,0.006067410111427307,0.09669232368469238,0.004686965607106686,nan,nan
rssm_teacher_forced,1,7,4,0.0008242849144153297,0.01628667116165161,0.013135846704244614,0.10569554567337036,0.1239028200507164,nan,nan
rssm_teacher_forced,1,8,4,0.0013693706132471561,0.019389033317565918,0.037252962589263916,0.014232873916625977,0.005978545174002647,nan,nan
rssm_teacher_forced,1,9,4,0.003259769408032298,0.026216983795166016,0.0574759840965271,0.08156311511993408,0.09251294285058975,nan,nan
rssm_teacher_forced,1,10,4,0.0021656453609466553,0.008241117000579834,0.0409812331199646,0.1595611572265625,0.0002409621956758201,nan,nan
rssm_teacher_forced,1,11,4,0.0003289211599621922,0.015983998775482178,0.006935417652130127,0.019835710525512695,0.038792289793491364,nan,nan
rssm_teacher_forced,1,12,4,0.010999072343111038,0.028909742832183838,0.118030846118927,0.12345075607299805,0.0597747340798378,nan,nan
rssm_teacher_forced,1,13,4,0.0018725242698565125,0.0073160529136657715,0.04419949650764465,0.11372250318527222,0.0016250422922894359,nan,nan
rssm_teacher_forced,1,14,4,0.0038705214392393827,0.013882994651794434,0.06850329041481018,0.11061787605285645,0.005150481127202511,nan,nan
rssm_teacher_forced,1,15,4,0.007760344538837671,0.06184857338666916,0.06708711385726929,0.1128852367401123,0.18327072262763977,nan,nan
rssm_teacher_forced,1,16,4,0.0007448329706676304,0.019165247678756714,0.01721644401550293,0.06095123291015625,0.03130488097667694,nan,nan
rssm_teacher_forced,1,17,4,0.0353299118578434,0.13170236349105835,0.1540546417236328,0.018689393997192383,1.2570072840389912e-06,nan,nan
rssm_teacher_forced,1,18,4,0.001868976280093193,0.027234256267547607,0.01741117238998413,0.15094566345214844,0.07645659148693085,nan,nan
rssm_teacher_forced,1,19,4,0.0015335000352934003,0.011670112609863281,0.021176278591156006,0.170451819896698,0.10917266458272934,nan,nan
rssm_teacher_forced,1,20,4,0.0023509173188358545,0.034983158111572266,0.037921398878097534,0.023556768894195557,0.059979770332574844,nan,nan
rssm_teacher_forced,1,21,4,0.016117265447974205,0.08926373720169067,0.10105925798416138,0.09912669658660889,0.00023921112006064504,nan,nan
rssm_teacher_forced,1,22,4,0.002741744741797447,0.018315374851226807,0.05893903970718384,0.0005180835723876953,0.002373278606683016,nan,nan
rssm_teacher_forced,1,23,4,0.0031754039227962494,0.023472994565963745,0.060807108879089355,0.03423476219177246,0.11266714334487915,nan,nan
rssm_teacher_forced,1,24,4,0.016836071386933327,0.06762057542800903,0.13083899021148682,0.054058194160461426,0.0059899985790252686,nan,nan
rssm_teacher_forced,1,25,4,0.0029159970581531525,0.014826959930360317,0.03028970956802368,0.23498296737670898,0.08914456516504288,nan,nan
rssm_teacher_forced,1,26,4,0.00784483551979065,0.08377552032470703,0.005124807357788086,0.05044889450073242,0.08084212988615036,nan,nan
rssm_teacher_forced,1,27,4,0.002310612238943577,0.043400779366493225,0.015082895755767822,0.046437740325927734,0.0021694146562367678,nan,nan
rssm_teacher_forced,1,28,4,0.0020405659452080727,0.004560530185699463,0.05435687303543091,0.0004906058311462402,0.03246554732322693,nan,nan
rssm_teacher_forced,1,29,4,0.004169744905084372,0.039647698402404785,0.0023941919207572937,0.2562131881713867,0.2406664788722992,nan,nan
rssm_teacher_forced,1,30,4,0.004839511588215828,0.03029245138168335,0.05728048086166382,0.206952303647995,0.08128009736537933,nan,nan
rssm_teacher_forced,1,31,4,0.0011625202605500817,0.009942054748535156,0.021596968173980713,0.14080676436424255,0.004565475508570671,nan,nan
rssm_teacher_forced,1,0,5,0.0019330974901095033,0.03998775780200958,0.00270003080368042,0.06698799133300781,0.020046547055244446,nan,nan
rssm_teacher_forced,1,1,5,0.003366664284840226,0.032136380672454834,0.05671992897987366,0.029351234436035156,0.158108651638031,nan,nan
rssm_teacher_forced,1,2,5,0.0037028491497039795,0.018308520317077637,0.0020161494612693787,0.2997225224971771,0.0019934591837227345,nan,nan
rssm_teacher_forced,1,3,5,0.0008186378981918097,0.006980240345001221,0.0035545378923416138,0.14282453060150146,0.015989014878869057,nan,nan
rssm_teacher_forced,1,4,5,0.001642682938836515,0.007010549306869507,0.041462481021881104,0.10574483871459961,0.002831382444128394,nan,nan
rssm_teacher_forced,1,5,5,0.00026664879987947643,0.014643251895904541,0.006018579006195068,0.01236414909362793,0.001579425996169448,nan,nan
rssm_teacher_forced,1,6,5,0.0008336037280969322,0.017114579677581787,0.021331429481506348,0.07347512245178223,0.15644830465316772,nan,nan
rssm_teacher_forced,1,7,5,0.0008258428424596786,0.013161122798919678,0.00242367060855031,0.130454421043396,0.21378682553768158,nan,nan
rssm_teacher_forced,1,8,5,0.001871340093202889,0.008262038230895996,0.01766367256641388,0.20663237571716309,0.043729495257139206,nan,nan
rssm_teacher_forced,1,9,5,0.0024562152102589607,0.02746063470840454,0.0447574257850647,0.08332967758178711,0.00023530007456429303,nan,nan
rssm_teacher_forced,1,10,5,0.0032133522909134626,0.05025613307952881,0.006434813141822815,0.10417556762695312,0.06943538039922714,nan,nan
rssm_teacher_forced,1,11,5,0.00035655443207360804,0.011248767375946045,0.0028267502784729004,0.07556045055389404,0.015553317964076996,nan,nan
rssm_teacher_forced,1,12,5,0.0013555791229009628,0.02949690818786621,0.010402306914329529,0.09334754943847656,0.007256005425006151,nan,nan
rssm_teacher_forced,1,13,5,0.0008922393899410963,0.022274494171142578,0.018552541732788086,0.054605960845947266,0.008158239535987377,nan,nan
rssm_teacher_forced,1,14,5,0.002821089467033744,0.015960395336151123,0.05010277032852173,0.14928007125854492,0.005258910823613405,nan,nan
rssm_teacher_forced,1,15,5,0.00015521608293056488,0.004095524549484253,0.012062013149261475,0.0317535400390625,0.04814428091049194,nan,nan
rssm_teacher_forced,1,16,5,0.0015558237209916115,0.025474131107330322,0.016974925994873047,0.13180160522460938,0.033965591341257095,nan,nan
rssm_teacher_forced,1,17,5,0.0021633205469697714,0.028671324253082275,0.04200184345245361,0.037787437438964844,0.01450143102556467,nan,nan
rssm_teacher_forced,1,18,5,0.0015349836321547627,0.03219962120056152,0.019970715045928955,0.05696439743041992,0.03692423179745674,nan,nan
rssm_teacher_forced,1,19,5,0.0004768059297930449,0.001963019371032715,0.00862923264503479,0.10664868354797363,0.010384797118604183,nan,nan
rssm_teacher_forced,1,20,5,0.003033192129805684,0.03285795450210571,0.04640311002731323,0.10034072399139404,0.0035323360934853554,nan,nan
rssm_teacher_forced,1,21,5,0.0012644866947084665,0.02743542194366455,0.02342456579208374,0.040392279624938965,0.007816995494067669,nan,nan
rssm_teacher_forced,1,22,5,0.01448636781424284,0.10355224460363388,0.022452235221862793,0.2505686283111572,0.12570342421531677,nan,nan
rssm_teacher_forced,1,23,5,0.0008869404555298388,0.009481936693191528,0.027866363525390625,0.08335542678833008,0.005796598736196756,nan,nan
rssm_teacher_forced,1,24,5,0.011304031126201153,0.047276854515075684,0.1073424220085144,0.16201549768447876,0.0005576232797466218,nan,nan
rssm_teacher_forced,1,25,5,0.0012909116921946406,0.0337396115064621,0.006408751010894775,0.015284538269042969,0.01015497650951147,nan,nan
rssm_teacher_forced,1,26,5,0.0002983784943353385,0.004393488168716431,0.004064619541168213,0.08467388153076172,0.0022978107444941998,nan,nan
rssm_teacher_forced,1,27,5,0.0001552586181787774,0.0025497376918792725,0.006794452667236328,0.05607175827026367,0.021468710154294968,nan,nan
rssm_teacher_forced,1,28,5,0.0010571585735306144,0.025383293628692627,0.019444376230239868,0.04902154207229614,0.003926541656255722,nan,nan
rssm_teacher_forced,1,29,5,0.0009978677844628692,0.003727257251739502,0.005703558214008808,0.16093921661376953,0.12416345626115799,nan,nan
rssm_teacher_forced,1,30,5,0.004495623055845499,0.03313088417053223,0.04697433114051819,0.2190747857093811,0.0912478119134903,nan,nan
rssm_teacher_forced,1,31,5,0.0014690323732793331,0.004352688789367676,0.02846294641494751,0.15536212921142578,0.02084781415760517,nan,nan
rssm_teacher_forced,1,0,6,0.00030483462614938617,0.0016796886920928955,0.018284976482391357,0.044498443603515625,0.003092332975938916,nan,nan
rssm_teacher_forced,1,1,6,0.001810524263419211,0.010844051837921143,0.043494269251823425,0.10244894027709961,0.004595358856022358,nan,nan
rssm_teacher_forced,1,2,6,0.0011911314213648438,0.01814335584640503,0.0015197880566120148,0.149337038397789,0.24537339806556702,nan,nan
rssm_teacher_forced,1,3,6,0.00045393433538265526,0.015679240226745605,0.008674517273902893,0.05959808826446533,0.005871078465133905,nan,nan
rssm_teacher_forced,1,4,6,0.001726994407363236,0.00482410192489624,0.048305392265319824,0.05395793914794922,0.005298960488289595,nan,nan
rssm_teacher_forced,1,5,6,0.0013406089274212718,0.03324621915817261,0.0109025239944458,0.03351640701293945,0.0577925406396389,nan,nan
rssm_teacher_forced,1,6,6,0.0007450757548213005,0.025658011436462402,0.0007725358009338379,0.022839784622192383,0.0692545622587204,nan,nan
rssm_teacher_forced,1,7,6,0.0010392405092716217,0.017070412635803223,0.010641533881425858,0.1314706802368164,0.04155823588371277,nan,nan
rssm_teacher_forced,1,8,6,0.0016994677716866136,0.0054056644439697266,0.024692662060260773,0.18367958068847656,0.0010924640810117126,nan,nan
rssm_teacher_forced,1,9,6,0.0044073364697396755,0.04443928599357605,0.05680978298187256,0.027320384979248047,0.009196112863719463,nan,nan
rssm_teacher_forced,1,10,6,0.0008144082967191935,0.015803933143615723,0.025840893387794495,0.04738283157348633,0.17094741761684418,nan,nan
rssm_teacher_forced,1,11,6,0.0002443064877297729,0.0062621235847473145,0.01656564325094223,0.01922905445098877,0.001964779105037451,nan,nan
rssm_teacher_forced,1,12,6,0.0012147993547841907,0.023837149143218994,0.0050775036215782166,0.1241159439086914,0.012971731834113598,nan,nan
rssm_teacher_forced,1,13,6,0.0006087642395868897,0.001262068748474121,0.02071082592010498,0.09204137325286865,0.0060228705406188965,nan,nan
rssm_teacher_forced,1,14,6,0.002687693340703845,0.014322340488433838,0.055017679929733276,0.10317564010620117,1.2450982467271388e-09,nan,nan
rssm_teacher_forced,1,15,6,0.0013996884226799011,0.025558650493621826,0.027777493000030518,0.0642542839050293,0.0008465290884487331,nan,nan
rssm_teacher_forced,1,16,6,0.0005025409045629203,0.0018688440322875977,0.022885560989379883,0.061676979064941406,0.01779860444366932,nan,nan
rssm_teacher_forced,1,17,6,0.002815602347254753,0.04495292901992798,0.029326677322387695,0.007154703140258789,0.049005620181560516,nan,nan
rssm_teacher_forced,1,18,6,0.0010676070814952254,0.008975625038146973,0.035536110401153564,0.05605792999267578,0.022625945508480072,nan,nan
rssm_teacher_forced,1,19,6,0.00014371717406902462,0.00371551513671875,0.0060405731201171875,0.05285763740539551,0.03482942655682564,nan,nan
rssm_teacher_forced,1,20,6,0.001249194610863924,0.007257401943206787,0.028176605701446533,0.13230550289154053,0.002313873264938593,nan,nan
rssm_teacher_forced,1,21,6,0.00014684477355331182,0.006128549575805664,0.010296404361724854,0.02986466884613037,0.002929678186774254,nan,nan
rssm_teacher_forced,1,22,6,0.0010084881214424968,0.01610495150089264,0.013077080249786377,0.1278395652770996,0.0036829777527600527,nan,nan
rssm_teacher_forced,1,23,6,0.0004050629504490644,0.013332575559616089,0.004283249378204346,0.07283449172973633,0.003269162494689226,nan,nan
rssm_teacher_forced,1,24,6,0.006465951446443796,0.019908249378204346,0.09092724323272705,0.10170352458953857,0.0006594228907488286,nan,nan
rssm_teacher_forced,1,25,6,0.0017785552190616727,0.04011005163192749,0.0005733966827392578,0.012505531311035156,0.013365810737013817,nan,nan
rssm_teacher_forced,1,26,6,0.002093868562951684,0.0284995436668396,0.01832115650177002,0.1617274284362793,0.251229852437973,nan,nan
rssm_teacher_forced,1,27,6,0.0009595790761522949,0.007758498191833496,0.006050050258636475,0.1530289649963379,0.023192349821329117,nan,nan
rssm_teacher_forced,1,28,6,0.0003489345544949174,0.016572237014770508,0.0025941431522369385,0.033557385206222534,0.015830231830477715,nan,nan
rssm_teacher_forced,1,29,6,0.000466921046609059,0.0020176172256469727,0.012533232569694519,0.09787368774414062,0.00035544269485399127,nan,nan
rssm_teacher_forced,1,30,6,0.0024934031534940004,0.03290283679962158,0.02803453803062439,0.14354249835014343,0.02529143914580345,nan,nan
rssm_teacher_forced,1,31,6,0.0007458389736711979,0.014409899711608887,0.019655555486679077,0.08264520764350891,0.01677430234849453,nan,nan
rssm_teacher_forced,1,0,7,0.0018597784219309688,0.02187567949295044,0.04304325580596924,0.04262828826904297,0.010345086455345154,nan,nan
rssm_teacher_forced,1,1,7,0.0011769571574404836,0.025394320487976074,0.026008300483226776,0.011078357696533203,0.06545572727918625,nan,nan
rssm_teacher_forced,1,2,7,0.0022790906950831413,0.0005898475646972656,0.04823518544435501,0.13641120493412018,0.14422184228897095,nan,nan
rssm_teacher_forced,1,3,7,0.00045832034084014595,0.013131439685821533,0.003960436210036278,0.08335733413696289,0.10952334105968475,nan,nan
rssm_teacher_forced,1,4,7,0.0026749924290925264,0.02096116542816162,0.05661812424659729,0.007174968719482422,0.008774048648774624,nan,nan
rssm_teacher_forced,1,5,7,0.00034314091317355633,0.0012856721878051758,0.022312581539154053,0.006043434143066406,0.10274158418178558,nan,nan
rssm_teacher_forced,1,6,7,0.0005477943341247737,0.01997518539428711,0.009515553712844849,0.03535747528076172,0.01226064283400774,nan,nan
rssm_teacher_forced,1,7,7,0.0016052363207563758,0.012999176979064941,0.016358040273189545,0.18260645866394043,0.00044179760152474046,nan,nan
rssm_teacher_forced,1,8,7,0.003805261105298996,0.024755537509918213,0.026365356519818306,0.26761531829833984,0.0028207863215357065,nan,nan
rssm_teacher_forced,1,9,7,0.0016961760120466352,0.0195598304271698,0.042184412479400635,0.04005289077758789,0.05031365901231766,nan,nan
rssm_teacher_forced,1,10,7,0.005389790516346693,0.05805861949920654,0.035714611411094666,0.14734387397766113,0.8600577116012573,nan,nan
rssm_teacher_forced,1,11,7,0.0005250159301795065,0.01211690902709961,0.019217539578676224,0.054731130599975586,0.04616808146238327,nan,nan
rssm_teacher_forced,1,12,7,0.0005225142813287675,0.013247549533843994,0.01006704568862915,0.08373260498046875,0.08436181396245956,nan,nan
rssm_teacher_forced,1,13,7,0.0008349855779670179,0.004286587238311768,0.022264674305915833,0.11333334445953369,0.011288413777947426,nan,nan
rssm_teacher_forced,1,14,7,0.0037730566691607237,0.02769315242767334,0.06403196603059769,0.0588228702545166,0.2634856402873993,nan,nan
rssm_teacher_forced,1,15,7,0.0007987015414983034,0.023000597953796387,0.017116010189056396,0.020635604858398438,0.002840727334842086,nan,nan
rssm_teacher_forced,1,16,7,0.001205864711664617,0.008411049842834473,0.039975911378860474,0.03144025802612305,0.07685873657464981,nan,nan
rssm_teacher_forced,1,17,7,0.00034005288034677505,0.003939017653465271,0.00490337610244751,0.0909266471862793,0.020158639177680016,nan,nan
rssm_teacher_forced,1,18,7,0.0023824183735996485,0.012892663478851318,0.055722445249557495,0.046156883239746094,0.008677658624947071,nan,nan
rssm_teacher_forced,1,19,7,0.0003467166388873011,0.010837078094482422,0.010502398014068604,0.06188654899597168,0.06129281222820282,nan,nan
rssm_teacher_forced,1,20,7,0.002102788770571351,0.03961741924285889,0.02236923575401306,0.029302358627319336,0.006092005409300327,nan,nan
rssm_teacher_forced,1,21,7,0.0009607446845620871,0.025628745555877686,0.01765918731689453,0.02550673484802246,0.0011077101808041334,nan,nan
rssm_teacher_forced,1,22,7,0.0009214883320964873,0.004099547863006592,0.010514378547668457,0.14939165115356445,0.06559023261070251,nan,nan
rssm_teacher_forced,1,23,7,0.0013429740210995078,0.0211217999458313,0.017151832580566406,0.1324615478515625,0.07167590409517288,nan,nan
rssm_teacher_forced,1,24,7,0.007150075864046812,0.04537522792816162,0.08371520042419434,0.05087435245513916,0.00811141449958086,nan,nan
rssm_teacher_forced,1,25,7,0.004292855970561504,0.06197100877761841,0.005541324615478516,0.033121585845947266,0.1740197092294693,nan,nan
rssm_teacher_forced,1,26,7,0.0004268206830602139,0.008344411849975586,0.004339426755905151,0.09537220001220703,0.17476962506771088,nan,nan
rssm_teacher_forced,1,27,7,0.0013362477766349912,0.023074030876159668,0.031180262565612793,0.048096656799316406,0.010997483506798744,nan,nan
rssm_teacher_forced,1,28,7,0.00037624654942192137,0.005057215690612793,0.01238703727722168,0.08100470900535583,0.06312334537506104,nan,nan
rssm_teacher_forced,1,29,7,0.001413474208675325,0.026559114456176758,0.011432752013206482,0.12146782875061035,0.010617188178002834,nan,nan
rssm_teacher_forced,1,30,7,0.0019097821786999702,0.02789771556854248,0.016490429639816284,0.15288272500038147,0.003305688500404358,nan,nan
rssm_teacher_forced,1,31,7,0.00015788899327162653,0.004098296165466309,0.007695645093917847,0.05165816843509674,0.06922143697738647,nan,nan
rssm_teacher_forced,1,0,8,0.0018458914710208774,0.03154665231704712,0.0330049991607666,0.012247562408447266,0.014499248936772346,nan,nan
rssm_teacher_forced,1,1,8,0.002141987206414342,0.024047255516052246,0.025771915912628174,0.16838932037353516,0.06816564500331879,nan,nan
rssm_teacher_forced,1,2,8,0.00032488381839357316,0.007401943206787109,0.00754479318857193,0.07801240682601929,0.18771418929100037,nan,nan
rssm_teacher_forced,1,3,8,0.008294528350234032,0.07841140031814575,0.026405740529298782,0.16783249378204346,0.6860247850418091,nan,nan
rssm_teacher_forced,1,4,8,0.02721616066992283,0.12967979907989502,0.0378260612487793,0.4560384750366211,1.0071327686309814,nan,nan
rssm_teacher_forced,1,5,8,0.002782572992146015,0.006829261779785156,0.05680263042449951,0.11932229995727539,0.21456095576286316,nan,nan
rssm_teacher_forced,1,6,8,0.0015920847654342651,0.0031165480613708496,0.03865456581115723,0.12301361560821533,0.042409226298332214,nan,nan
rssm_teacher_forced,1,7,8,0.0022152585443109274,0.0228005051612854,0.04332919418811798,0.09860098361968994,0.23403193056583405,nan,nan
rssm_teacher_forced,1,8,8,0.0021514715626835823,0.015058934688568115,0.05043184012174606,0.06667804718017578,0.00758641492575407,nan,nan
rssm_teacher_forced,1,9,8,0.00696471706032753,0.053737059235572815,0.06801974773406982,0.12970757484436035,0.11675861477851868,nan,nan
rssm_teacher_forced,1,10,8,0.0002472645719535649,0.00927203893661499,0.013979164883494377,0.022697806358337402,0.12013258785009384,nan,nan
rssm_teacher_forced,1,11,8,0.0018017482943832874,0.03063809871673584,0.024682098999619484,0.09737026691436768,0.24361731112003326,nan,nan
rssm_teacher_forced,1,12,8,0.0003537812444847077,0.009537935256958008,0.01312476396560669,0.060546875,1.548312502563931e-05,nan,nan
rssm_teacher_forced,1,13,8,0.0023649821523576975,0.0048094987869262695,0.04046240448951721,0.18150782585144043,0.051731500774621964,nan,nan
rssm_teacher_forced,1,14,8,0.0051642670296132565,0.02665412425994873,0.03600028157234192,0.30709004402160645,1.4784973245696165e-06,nan,nan
rssm_teacher_forced,1,15,8,0.003969469573348761,0.032455384731292725,0.06246858835220337,0.06235551834106445,0.05317916348576546,nan,nan
rssm_teacher_forced,1,16,8,0.0044113826006650925,0.02097904682159424,0.04238332435488701,0.26984500885009766,0.7810022234916687,nan,nan
rssm_teacher_forced,1,17,8,0.025006717070937157,0.12719199061393738,0.10246211290359497,0.019134521484375,0.1953871101140976,nan,nan
rssm_teacher_forced,1,18,8,0.007266618311405182,0.04534846544265747,0.04187263548374176,0.32029056549072266,0.07384727150201797,nan,nan
rssm_teacher_forced,1,19,8,0.0044790515676140785,0.04535806179046631,0.05622704327106476,0.03797590732574463,0.018244121223688126,nan,nan
rssm_teacher_forced,1,20,8,0.04390363395214081,0.13193964958190918,0.18898704648017883,0.095023512840271,0.01508278027176857,nan,nan
rssm_teacher_forced,1,21,8,0.001372231636196375,0.01792207360267639,0.038617074489593506,0.00024175643920898438,0.02152390591800213,nan,nan
rssm_teacher_forced,1,22,8,0.0024696849286556244,0.03516983985900879,0.009430885314941406,0.16797590255737305,0.025762256234884262,nan,nan
rssm_teacher_forced,1,23,8,0.002013269579038024,0.028790831565856934,0.038437724113464355,0.04956865310668945,0.0035341503098607063,nan,nan
rssm_teacher_forced,1,24,8,0.02243654988706112,0.03499513864517212,0.1720934510231018,0.15260052680969238,0.3146573305130005,nan,nan
rssm_teacher_forced,1,25,8,0.0009723110124468803,0.021158695220947266,0.017046958208084106,0.08699798583984375,0.10935108363628387,nan,nan
rssm_teacher_forced,1,26,8,0.00199182634241879,0.018672168254852295,0.03927408158779144,0.12228202819824219,0.13110993802547455,nan,nan
rssm_teacher_forced,1,27,8,0.0010304845636710525,0.02168339490890503,0.025235727429389954,0.0457463264465332,0.005232387222349644,nan,nan
rssm_teacher_forced,1,28,8,0.0016367261996492743,0.02802187204360962,0.026758193969726562,0.08731354773044586,0.0005309210973791778,nan,nan
rssm_teacher_forced,1,29,8,0.004906135145574808,0.056048691272735596,0.03407712280750275,0.13261067867279053,1.0577526092529297,nan,nan
rssm_teacher_forced,1,30,8,0.0023953767959028482,0.006290078163146973,0.0035849809646606445,0.2513822913169861,0.0003034001274500042,nan,nan
rssm_teacher_forced,1,31,8,0.006215777713805437,0.03637588024139404,0.07363200187683105,0.1687358319759369,0.05137421935796738,nan,nan
rssm_teacher_forced,1,0,9,0.0002410572487860918,0.014068961143493652,0.005767613649368286,0.002665996551513672,0.007661858573555946,nan,nan
rssm_teacher_forced,1,1,9,0.003967484459280968,0.019563913345336914,0.035654664039611816,0.2687373161315918,0.1750296801328659,nan,nan
rssm_teacher_forced,1,2,9,0.0015822482528164983,0.013222098350524902,0.030778350308537483,0.14153674244880676,0.553987979888916,nan,nan
rssm_teacher_forced,1,3,9,0.0007289319764822721,0.004158437252044678,0.004792392253875732,0.1368323564529419,0.0002040637336904183,nan,nan
rssm_teacher_forced,1,4,9,0.004100758116692305,0.010914623737335205,0.07231755554676056,0.1036376953125,0.038634296506643295,nan,nan
rssm_teacher_forced,1,5,9,0.00373698677867651,0.05651742219924927,0.017222285270690918,0.020230770111083984,0.07756999880075455,nan,nan
rssm_teacher_forced,1,6,9,0.0003939698508474976,0.01679515838623047,0.005792856216430664,0.040318846702575684,0.0008998123230412602,nan,nan
rssm_teacher_forced,1,7,9,0.0013675764203071594,0.033560752868652344,0.0004404783248901367,0.058411478996276855,0.007925539277493954,nan,nan
rssm_teacher_forced,1,8,9,0.0007093485910445452,0.011776149272918701,0.018339037895202637,0.09389734268188477,0.0016700995620340109,nan,nan
rssm_teacher_forced,1,9,9,0.0013753398088738322,0.016660980880260468,0.03571265935897827,0.07318401336669922,0.0007769063231535256,nan,nan
rssm_teacher_forced,1,10,9,0.0003814965020865202,0.013498365879058838,0.004275202751159668,0.06736719608306885,0.009534694254398346,nan,nan
rssm_teacher_forced,1,11,9,0.0013421125477179885,0.01611018180847168,0.003180200234055519,0.1682242751121521,0.25328853726387024,nan,nan
rssm_teacher_forced,1,12,9,0.0024265761021524668,0.034116148948669434,0.023064613342285156,0.14513111114501953,0.027253318578004837,nan,nan
rssm_teacher_forced,1,13,9,0.00104695709887892,0.0025442838668823242,0.01694648712873459,0.1508502960205078,0.07868476212024689,nan,nan
rssm_teacher_forced,1,14,9,0.0016976346960291266,0.0036581754684448242,0.030485063791275024,0.16814565658569336,0.1075533926486969,nan,nan
rssm_teacher_forced,1,15,9,0.0013402998447418213,0.008743464946746826,0.013205528259277344,0.17511606216430664,0.0816129595041275,nan,nan
rssm_teacher_forced,1,16,9,0.0036976728588342667,0.02274411916732788,0.06761607527732849,0.012421607971191406,0.017048632726073265,nan,nan
rssm_teacher_forced,1,17,9,0.001179552753455937,0.028330564498901367,0.011467576026916504,0.07444000244140625,0.03681015223264694,nan,nan
rssm_teacher_forced,1,18,9,0.0024219208862632513,0.04040658473968506,0.02721991389989853,0.05620622634887695,0.00032268406357616186,nan,nan
rssm_teacher_forced,1,19,9,9.852022776613012e-05,0.0017856955528259277,0.0020736753940582275,0.04983198642730713,0.023526715114712715,nan,nan
rssm_teacher_forced,1,20,9,0.0007227026508189738,0.005972087383270264,0.028481781482696533,0.05908989906311035,0.002124014077708125,nan,nan
rssm_teacher_forced,1,21,9,5.9833797422470525e-05,0.0029230713844299316,0.008338868618011475,0.008898258209228516,0.021656431257724762,nan,nan
rssm_teacher_forced,1,22,9,0.001161198248155415,0.01025158166885376,0.01622021198272705,0.15280723571777344,0.12545181810855865,nan,nan
rssm_teacher_forced,1,23,9,0.0015813253121450543,0.02674257755279541,0.02226114273071289,0.11077594757080078,0.0037668494042009115,nan,nan
rssm_teacher_forced,1,24,9,0.003687548451125622,0.02009904384613037,0.05280512571334839,0.1899927854537964,0.002581254346296191,nan,nan
rssm_teacher_forced,1,25,9,0.0003396971442271024,0.004598259925842285,0.0016672313213348389,0.09210014343261719,0.03807845711708069,nan,nan
rssm_teacher_forced,1,26,9,0.0011533934157341719,0.0009343624114990234,0.01732492446899414,0.15985631942749023,0.05769926682114601,nan,nan
rssm_teacher_forced,1,27,9,0.0006883079186081886,0.007073342800140381,0.004927605390548706,0.12895870208740234,0.14588682353496552,nan,nan
rssm_teacher_forced,1,28,9,0.0026929068844765425,0.02022838592529297,0.054866939783096313,0.0709027647972107,0.001517917145974934,nan,nan
rssm_teacher_forced,1,29,9,0.0007633205386810005,0.015696167945861816,0.009021788835525513,0.10847759246826172,0.009490791708230972,nan,nan
rssm_teacher_forced,1,30,9,0.0012427814071998,0.01797497272491455,0.016611039638519287,0.13724422454833984,0.00729700643569231,nan,nan
rssm_teacher_forced,1,31,9,0.0009371436317451298,0.0012764930725097656,0.011194497346878052,0.15139076113700867,0.025122160091996193,nan,nan
rssm_teacher_forced,1,0,10,0.0002407521242275834,0.0060141682624816895,0.014833465218544006,0.03696012496948242,0.007769586052745581,nan,nan
rssm_teacher_forced,1,1,10,0.005790433380752802,0.03411024808883667,0.022297203540802002,0.3353242874145508,0.2464810162782669,nan,nan
rssm_teacher_forced,1,2,10,0.000865698850248009,0.0029283761978149414,0.035301461815834045,0.01192021369934082,0.08611814677715302,nan,nan
rssm_teacher_forced,1,3,10,0.0010122148087248206,0.01984351873397827,0.0224427729845047,0.07951676845550537,0.0003714409831445664,nan,nan
rssm_teacher_forced,1,4,10,0.0037600428331643343,0.03552055358886719,0.04318949580192566,0.17194366455078125,0.2018514722585678,nan,nan
rssm_teacher_forced,1,5,10,0.002102246042340994,0.03516608476638794,0.0321667455136776,0.029918193817138672,0.29717791080474854,nan,nan
rssm_teacher_forced,1,6,10,0.000609137408901006,0.008896112442016602,0.02213042974472046,0.0711139440536499,0.008875013329088688,nan,nan
rssm_teacher_forced,1,7,10,0.001347520388662815,0.01876962184906006,0.000753253698348999,0.16082489490509033,0.057664453983306885,nan,nan
rssm_teacher_forced,1,8,10,0.0007044363883323967,0.021080315113067627,0.015278816223144531,0.03866386413574219,0.01925528794527054,nan,nan
rssm_teacher_forced,1,9,10,0.0017022901447489858,0.00987541675567627,0.015862762928009033,0.1959080696105957,0.20009943842887878,nan,nan
rssm_teacher_forced,1,10,10,0.000389453285606578,0.0005879402160644531,0.022487521171569824,0.034352779388427734,0.001150715397670865,nan,nan
rssm_teacher_forced,1,11,10,0.0004610735923051834,0.011817991733551025,0.010667279362678528,0.0786740779876709,0.01334982831031084,nan,nan
rssm_teacher_forced,1,12,10,0.0015389127656817436,0.012061059474945068,0.005665481090545654,0.19129037857055664,0.0003614551678765565,nan,nan
rssm_teacher_forced,1,13,10,0.0014095889637246728,0.009383559226989746,0.03309966251254082,0.12338316440582275,0.009668324142694473,nan,nan
rssm_teacher_forced,1,14,10,0.0013080696808174253,0.011469125747680664,0.033138543367385864,0.10557270050048828,0.055371955037117004,nan,nan
rssm_teacher_forced,1,15,10,0.0013136629713699222,0.016960501670837402,0.007305122911930084,0.1609344482421875,0.11728908121585846,nan,nan
rssm_teacher_forced,1,16,10,0.0016839336603879929,0.010510742664337158,0.030575096607208252,0.1578512191772461,0.002315582474693656,nan,nan
rssm_teacher_forced,1,17,10,0.0011243702610954642,0.021602869033813477,0.022816896438598633,0.08288049697875977,0.018911967054009438,nan,nan
rssm_teacher_forced,1,18,10,0.001730334828607738,0.02400606870651245,0.026920855045318604,0.12726402282714844,0.0013903023209422827,nan,nan
rssm_teacher_forced,1,19,10,0.0015580124454572797,0.03360295295715332,0.019631654024124146,0.03700461983680725,0.0027273627929389477,nan,nan
rssm_teacher_forced,1,20,10,9.190453420160338e-05,0.007858455181121826,0.0036270618438720703,0.020034074783325195,0.02080441080033779,nan,nan
rssm_teacher_forced,1,21,10,0.00014330832345876843,0.010743960738182068,0.0017610788345336914,0.0194394588470459,0.001261879107914865,nan,nan
rssm_teacher_forced,1,22,10,0.0009725145064294338,0.021509110927581787,0.025876522064208984,0.012235164642333984,0.004424240905791521,nan,nan
rssm_teacher_forced,1,23,10,0.0003569518739823252,0.017146646976470947,0.0010970830917358398,0.029471397399902344,0.07190050929784775,nan,nan
rssm_teacher_forced,1,24,10,0.005589843261986971,0.0414370596408844,0.06555414199829102,0.1435072422027588,0.012923712842166424,nan,nan
rssm_teacher_forced,1,25,10,0.0017489544115960598,0.03751879930496216,0.01267898827791214,0.04879331588745117,0.2873760163784027,nan,nan
rssm_teacher_forced,1,26,10,0.0004318803548812866,0.01699143648147583,0.0013031065464019775,0.05511617660522461,0.008551614359021187,nan,nan
rssm_teacher_forced,1,27,10,0.0015374725917354226,0.004077255725860596,0.027064383029937744,0.16577863693237305,0.008073270320892334,nan,nan
rssm_teacher_forced,1,28,10,0.0030154569540172815,0.022432029247283936,0.05648399889469147,0.08727484941482544,9.776651859283447e-05,nan,nan
rssm_teacher_forced,1,29,10,0.002576997736468911,0.006588339805603027,0.009129554033279419,0.2582228183746338,0.016623951494693756,nan,nan
rssm_teacher_forced,1,30,10,0.0003919347655028105,0.015297532081604004,0.007559388875961304,0.05064105987548828,0.0029589931946247816,nan,nan
rssm_teacher_forced,1,31,10,0.0015703138196840882,0.03642624616622925,0.010900795459747314,0.02712218463420868,0.007410189602524042,nan,nan
rssm_teacher_forced,1,0,11,0.0002662328479345888,0.005396127700805664,0.004634469747543335,0.07693958282470703,0.08172033727169037,nan,nan
rssm_teacher_forced,1,1,11,0.0037872891407459974,0.005438566207885742,0.022830665111541748,0.3027667999267578,0.005475911777466536,nan,nan
rssm_teacher_forced,1,2,11,0.0006257298518903553,0.004323601722717285,0.02716914191842079,0.052210211753845215,0.0909714624285698,nan,nan
rssm_teacher_forced,1,3,11,0.0012409629998728633,0.01650416851043701,0.007417529821395874,0.15608465671539307,0.0015053845709189773,nan,nan
rssm_teacher_forced,1,4,11,0.0017856307094916701,0.008437395095825195,0.028157353401184082,0.1773204803466797,0.0016700995620340109,nan,nan
rssm_teacher_forced,1,5,11,0.0013134675100445747,0.009743094444274902,0.039433568716049194,0.06297016143798828,0.03209527209401131,nan,nan
rssm_teacher_forced,1,6,11,0.0004932114970870316,0.017960190773010254,0.0006391406059265137,0.060906052589416504,0.004590059630572796,nan,nan
rssm_teacher_forced,1,7,11,0.0008080685511231422,0.009983301162719727,0.022571295499801636,0.09720933437347412,0.0958695039153099,nan,nan
rssm_teacher_forced,1,8,11,0.0008624598267488182,0.008276164531707764,0.019346803426742554,0.11971759796142578,0.007128783967345953,nan,nan
rssm_teacher_forced,1,9,11,0.0021240708883851767,0.03494223952293396,0.015403985977172852,0.1289825439453125,0.20340894162654877,nan,nan
rssm_teacher_forced,1,10,11,0.0017559101106598973,0.022384226322174072,0.04093095660209656,0.04017186164855957,0.12798501551151276,nan,nan
rssm_teacher_forced,1,11,11,0.0008812258020043373,0.019185662269592285,0.010980293154716492,0.10299968719482422,0.010927189141511917,nan,nan
rssm_teacher_forced,1,12,11,0.0014707971131429076,0.02660265564918518,0.021448969841003418,0.10082602500915527,0.0075934771448373795,nan,nan
rssm_teacher_forced,1,13,11,0.0009495386038906872,0.01584470272064209,0.030875995755195618,0.024326801300048828,0.004877286031842232,nan,nan
rssm_teacher_forced,1,14,11,0.0028024371713399887,0.028457999229431152,0.02246701717376709,0.20548081398010254,0.0734729990363121,nan,nan
rssm_teacher_forced,1,15,11,0.0010842856718227267,0.0038688182830810547,0.005928650498390198,0.16778564453125,0.00522576691582799,nan,nan
rssm_teacher_forced,1,16,11,0.00306793674826622,0.04168081283569336,0.00031572580337524414,0.1764049530029297,0.023319168016314507,nan,nan
rssm_teacher_forced,1,17,11,0.0017303965287283063,0.006065964698791504,0.04745668172836304,0.06401729583740234,0.052435800433158875,nan,nan
rssm_teacher_forced,1,18,11,0.002261657267808914,0.006593883037567139,0.03161013126373291,0.20323419570922852,0.1633857935667038,nan,nan
rssm_teacher_forced,1,19,11,0.0006823143921792507,0.012008607387542725,0.01912057399749756,0.0859307050704956,0.0018071839585900307,nan,nan
rssm_teacher_forced,1,20,11,0.0009396335226483643,0.026410460472106934,0.0008483529090881348,0.06784224510192871,0.03345103934407234,nan,nan
rssm_teacher_forced,1,21,11,0.0015789126046001911,0.037149131298065186,0.009155511856079102,0.005634307861328125,0.04368363693356514,nan,nan
rssm_teacher_forced,1,22,11,0.00021407946769613773,0.005522191524505615,0.014721729792654514,0.029599666595458984,0.4438309073448181,nan,nan
rssm_teacher_forced,1,23,11,0.00018573256966192275,0.00023698806762695312,0.01450761966407299,0.033635616302490234,0.4604000151157379,nan,nan
rssm_teacher_forced,1,24,11,0.0017379551427438855,0.025573760271072388,0.035105347633361816,0.06886434555053711,0.010179834440350533,nan,nan
rssm_teacher_forced,1,25,11,0.0009993192506954074,0.024454593658447266,0.015249669551849365,0.0699915885925293,0.024018118157982826,nan,nan
rssm_teacher_forced,1,26,11,0.003994686529040337,0.02185755968093872,0.02169632911682129,0.29133129119873047,0.004853870254009962,nan,nan
rssm_teacher_forced,1,27,11,0.0039809043519198895,0.02657151222229004,0.0025539398193359375,0.2937140464782715,0.17782485485076904,nan,nan
rssm_teacher_forced,1,28,11,0.0024190684780478477,0.00019150972366333008,0.03363226354122162,0.2107386589050293,0.005209922790527344,nan,nan
rssm_teacher_forced,1,29,11,0.0033121893648058176,0.006760895252227783,0.0025194287300109863,0.29640769958496094,0.012241853401064873,nan,nan
rssm_teacher_forced,1,30,11,0.0003328521561343223,0.011138975620269775,0.0007661581039428711,0.07266020774841309,0.0021488089114427567,nan,nan
rssm_teacher_forced,1,31,11,0.00040083075873553753,0.016020119190216064,0.005441099405288696,0.051373064517974854,0.009926112368702888,nan,nan
rssm_teacher_forced,1,0,12,0.0009925996419042349,0.009489059448242188,0.011455655097961426,0.14723682403564453,0.0048955525271594524,nan,nan
rssm_teacher_forced,1,1,12,0.020597035065293312,0.10796689987182617,0.05898773670196533,0.38084983825683594,0.3216814398765564,nan,nan
rssm_teacher_forced,1,2,12,0.0022237941157072783,0.04442143440246582,0.008357502520084381,0.007399797439575195,0.40319257974624634,nan,nan
rssm_teacher_forced,1,3,12,0.007028317544609308,0.03951960802078247,0.01321035623550415,0.3740805387496948,0.15335887670516968,nan,nan
rssm_teacher_forced,1,4,12,0.023105591535568237,0.14202556014060974,0.02016979455947876,0.12761926651000977,0.5442603826522827,nan,nan
rssm_teacher_forced,1,5,12,0.007582481950521469,0.04270374774932861,0.08364295959472656,0.14651060104370117,0.032341428101062775,nan,nan
rssm_teacher_forced,1,6,12,0.0015082688769325614,0.002668619155883789,0.03788691759109497,0.11845219135284424,0.007435907609760761,nan,nan
rssm_teacher_forced,1,7,12,0.0017720065079629421,0.025744915008544922,0.016106009483337402,0.15270750224590302,0.0002683458151295781,nan,nan
rssm_teacher_forced,1,8,12,0.0019434108398854733,0.03754079341888428,0.022196710109710693,0.038248538970947266,0.07452288269996643,nan,nan
rssm_teacher_forced,1,9,12,0.0009581331978552043,0.02044147253036499,0.024045944213867188,0.052686214447021484,0.00019688047177623957,nan,nan
rssm_teacher_forced,1,10,12,0.004480709787458181,0.029209554195404053,0.06146806478500366,0.16096055507659912,0.16806311905384064,nan,nan
rssm_teacher_forced,1,11,12,0.0027472462970763445,0.021593809127807617,0.04610295593738556,0.14523601531982422,0.09536434710025787,nan,nan
rssm_teacher_forced,1,12,12,0.0003904772747773677,0.015736430883407593,0.008556067943572998,0.04271578788757324,0.006474897265434265,nan,nan
rssm_teacher_forced,1,13,12,0.001986662158742547,0.009739696979522705,0.039096295833587646,0.15037178993225098,0.13228942453861237,nan,nan
rssm_teacher_forced,1,14,12,0.0005216245190240443,0.006873965263366699,0.024079054594039917,0.044565677642822266,0.03650249168276787,nan,nan
rssm_teacher_forced,1,15,12,0.0017175646498799324,0.018822133541107178,0.04366713762283325,0.02603912353515625,0.017175881192088127,nan,nan
rssm_teacher_forced,1,16,12,0.0010130954906344414,0.027721375226974487,0.01427006721496582,0.02716684341430664,0.017327571287751198,nan,nan
rssm_teacher_forced,1,17,12,0.002127030398696661,0.016193926334381104,0.013826262205839157,0.21460294723510742,0.3547951877117157,nan,nan
rssm_teacher_forced,1,18,12,0.003451390890404582,0.04552936553955078,0.03933066129684448,0.0547640323638916,0.025451546534895897,nan,nan
rssm_teacher_forced,1,19,12,0.0007467656396329403,0.00435638427734375,0.03256426751613617,0.0068190693855285645,0.001970109064131975,nan,nan
rssm_teacher_forced,1,20,12,0.004202006850391626,0.03676337003707886,0.0630260705947876,0.003236055374145508,0.03417440503835678,nan,nan
rssm_teacher_forced,1,21,12,0.003029578598216176,0.03864002227783203,0.035211384296417236,0.120452880859375,0.00014879051013849676,nan,nan
rssm_teacher_forced,1,22,12,0.0013268416514620185,0.03334611654281616,0.0048220157623291016,0.048117637634277344,0.02395578846335411,nan,nan
rssm_teacher_forced,1,23,12,0.0027129575610160828,0.021276533603668213,0.04031971096992493,0.1725630760192871,0.059335798025131226,nan,nan
rssm_teacher_forced,1,24,12,0.01619586907327175,0.0030210018157958984,0.15379291772842407,0.030503511428833008,0.18925751745700836,nan,nan
rssm_teacher_forced,1,25,12,0.0003142587374895811,0.01476198434829712,0.0010902881622314453,0.0444798469543457,0.0012956061400473118,nan,nan
rssm_teacher_forced,1,26,12,0.002259002299979329,0.020144343376159668,0.03898799419403076,0.14447546005249023,0.0018925772747024894,nan,nan
rssm_teacher_forced,1,27,12,0.000994742731563747,0.0032755136489868164,0.03539121150970459,0.05866575241088867,0.031458452343940735,nan,nan
rssm_teacher_forced,1,28,12,0.0008511142223142087,0.008722662925720215,0.020676225423812866,0.11322903633117676,0.05195733159780502,nan,nan
rssm_teacher_forced,1,29,12,0.004183091688901186,0.05537289381027222,0.017208218574523926,0.12749695777893066,0.17570580542087555,nan,nan
rssm_teacher_forced,1,30,12,0.0002634352131281048,0.003271758556365967,0.010519631206989288,0.06891202926635742,0.0029204199090600014,nan,nan
rssm_teacher_forced,1,31,12,0.0021518070716410875,0.007512032985687256,0.04831251502037048,0.11563318967819214,0.0004172521294094622,nan,nan
rssm_teacher_forced,1,0,13,0.0009942712495103478,0.025301575660705566,0.020322203636169434,0.013679981231689453,0.12234610319137573,nan,nan
rssm_teacher_forced,1,1,13,0.005028901156038046,0.05307650566101074,0.01613759994506836,0.21708440780639648,0.003618126269429922,nan,nan
rssm_teacher_forced,1,2,13,0.00022654530766885728,0.0029392242431640625,0.007919661700725555,0.06854379177093506,0.02910987101495266,nan,nan
rssm_teacher_forced,1,3,13,0.0008921781554818153,0.019784927368164062,0.018890023231506348,0.07654368877410889,0.0073179579339921474,nan,nan
rssm_teacher_forced,1,4,13,0.0030330189038068056,0.01802099496126175,0.06109154224395752,0.05844306945800781,0.13120216131210327,nan,nan
rssm_teacher_forced,1,5,13,0.0024499204009771347,0.044750988483428955,0.0019661784172058105,0.08059501647949219,0.08611870557069778,nan,nan
rssm_teacher_forced,1,6,13,0.0004820839676540345,0.017942726612091064,0.010937094688415527,0.03510671854019165,0.01199911255389452,nan,nan
rssm_teacher_forced,1,7,13,0.0011455276980996132,0.010295212268829346,7.635354995727539e-05,0.1665719449520111,0.0007644894649274647,nan,nan
rssm_teacher_forced,1,8,13,0.0002790866419672966,0.013758957386016846,0.007974743843078613,0.02702808380126953,0.06943060457706451,nan,nan
rssm_teacher_forced,1,9,13,0.0007734969258308411,0.010840535163879395,0.02771979570388794,0.05672788619995117,0.018185172230005264,nan,nan
rssm_teacher_forced,1,10,13,0.0010120131773874164,0.00385892391204834,0.036270976066589355,0.05121171474456787,0.003614484565332532,nan,nan
rssm_teacher_forced,1,11,13,0.0009365982259623706,0.0013164281845092773,0.03594490885734558,0.03759407997131348,0.029956839978694916,nan,nan
rssm_teacher_forced,1,12,13,0.005819565150886774,0.013255685567855835,0.06606006622314453,0.26714181900024414,0.014795295894145966,nan,nan
rssm_teacher_forced,1,13,13,0.0019011986441910267,0.012714087963104248,0.0013911426067352295,0.21549463272094727,0.07328080385923386,nan,nan
rssm_teacher_forced,1,14,13,0.0025118340272456408,0.014063417911529541,0.03424793481826782,0.2006664276123047,0.008977278135716915,nan,nan
rssm_teacher_forced,1,15,13,0.00015269753930624574,0.0003352165222167969,0.011047840118408203,0.04321002960205078,0.06548793613910675,nan,nan
rssm_teacher_forced,1,16,13,0.00645690830424428,0.0017248541116714478,0.08273565769195557,0.21906375885009766,0.023038944229483604,nan,nan
rssm_teacher_forced,1,17,13,0.0010815032292157412,0.014957189559936523,0.034334778785705566,0.028447628021240234,0.0009430590434931219,nan,nan
rssm_teacher_forced,1,18,13,0.002444225363433361,0.02769368886947632,0.013760089874267578,0.1991124153137207,0.11925725638866425,nan,nan
rssm_teacher_forced,1,19,13,0.000708314124494791,0.024168670177459717,0.009237468242645264,0.013218402862548828,0.0018008650513365865,nan,nan
rssm_teacher_forced,1,20,13,0.00406427588313818,0.05809924006462097,0.02218729257583618,0.01566338539123535,0.049303535372018814,nan,nan
rssm_teacher_forced,1,21,13,0.0024825294967740774,0.03776270151138306,0.02114272117614746,0.12786006927490234,0.013994768261909485,nan,nan
rssm_teacher_forced,1,22,13,0.003622804768383503,0.016207516193389893,0.06337088346481323,0.12626266479492188,2.8593101887963712e-05,nan,nan
rssm_teacher_forced,1,23,13,0.0046562450006604195,0.04392075538635254,0.05653953552246094,0.0968780517578125,0.17281438410282135,nan,nan
rssm_teacher_forced,1,24,13,0.0009439045679755509,0.027251841500401497,0.013547182083129883,0.003042459487915039,0.01607692427933216,nan,nan
rssm_teacher_forced,1,25,13,0.0015969924861565232,0.02142024040222168,0.03779327869415283,0.05596208572387695,0.02093023993074894,nan,nan
rssm_teacher_forced,1,26,13,0.004269138444215059,0.04581090807914734,0.04782384634017944,0.10323429107666016,0.008185481652617455,nan,nan
rssm_teacher_forced,1,27,13,0.0022508392576128244,0.01467585563659668,0.004725992679595947,0.23215436935424805,0.02639087848365307,nan,nan
rssm_teacher_forced,1,28,13,0.00391108263283968,0.0028377175331115723,0.03395656496286392,0.2898445129394531,8.766903192736208e-05,nan,nan
rssm_teacher_forced,1,29,13,0.001988257048651576,0.035170674324035645,0.01943814754486084,0.09954297542572021,0.06504257023334503,nan,nan
rssm_teacher_forced,1,30,13,0.00217920052818954,0.015141665935516357,0.002949181944131851,0.2276003360748291,0.004333744756877422,nan,nan
rssm_teacher_forced,1,31,13,0.00251333718188107,0.04683339595794678,0.005652964115142822,0.0449599027633667,0.019216930493712425,nan,nan
rssm_teacher_forced,1,0,14,0.001804304658435285,0.01257699728012085,0.02068430185317993,0.1899566650390625,0.06955907493829727,nan,nan
rssm_teacher_forced,1,1,14,0.00022145146795082837,0.006013892590999603,0.00843745470046997,0.0598905086517334,0.00034802022855728865,nan,nan
rssm_teacher_forced,1,2,14,0.0006920408923178911,0.007779955863952637,0.005544021725654602,0.1276724934577942,0.0001682943693595007,nan,nan
rssm_teacher_forced,1,3,14,0.0018373923376202583,0.03212285041809082,0.003999531269073486,0.136377215385437,0.022473715245723724,nan,nan
rssm_teacher_forced,1,4,14,0.0020336476154625416,0.02767232060432434,0.03441745042800903,0.10137939453125,0.010413486510515213,nan,nan
rssm_teacher_forced,1,5,14,0.0002796207263600081,0.006869375705718994,0.015768110752105713,0.03949928283691406,0.0008614109829068184,nan,nan
rssm_teacher_forced,1,6,14,0.0009285062551498413,0.011827170848846436,0.02983909845352173,0.06698927283287048,0.0013728621415793896,nan,nan
rssm_teacher_forced,1,7,14,0.0016083455411717296,0.014028668403625488,0.0006184279918670654,0.19370946288108826,0.002429710002616048,nan,nan
rssm_teacher_forced,1,8,14,0.001559138298034668,0.018302440643310547,0.03319829702377319,0.10862255096435547,0.0005954644875600934,nan,nan
rssm_teacher_forced,1,9,14,0.0010085187386721373,0.021643459796905518,0.026731595396995544,0.01095438003540039,0.013786830939352512,nan,nan
rssm_teacher_forced,1,10,14,0.0029124359134584665,0.03918051719665527,0.041120678186416626,0.04233217239379883,0.06349983811378479,nan,nan
rssm_teacher_forced,1,11,14,0.0010284826857969165,0.008074939250946045,0.033505141735076904,0.07159698009490967,0.004384178668260574,nan,nan
rssm_teacher_forced,1,12,14,0.0012996805598959327,0.022903308272361755,0.006979167461395264,0.1362675428390503,1.4057779480936006e-05,nan,nan
rssm_teacher_forced,1,13,14,9.517066064290702e-05,0.0026193857192993164,0.00969436764717102,0.025140881538391113,0.0014224899932742119,nan,nan
rssm_teacher_forced,1,14,14,0.0022388827055692673,0.01451563835144043,0.04511481523513794,0.12898647785186768,0.007704742252826691,nan,nan
rssm_teacher_forced,1,15,14,0.002192762214690447,0.04427534341812134,0.00043129920959472656,0.029763221740722656,0.1380554884672165,nan,nan
rssm_teacher_forced,1,16,14,0.00125292653683573,0.019815802574157715,0.024327993392944336,0.1059427261352539,5.001615863875486e-05,nan,nan
rssm_teacher_forced,1,17,14,0.0015192379942163825,0.0053122639656066895,0.02336519956588745,0.17344141006469727,0.015177872963249683,nan,nan
rssm_teacher_forced,1,18,14,0.0018076134147122502,0.02068030834197998,0.034448444843292236,0.11911511421203613,0.06411847472190857,nan,nan
rssm_teacher_forced,1,19,14,0.0004058225604239851,0.017933189868927002,0.006482630968093872,0.024797722697257996,0.0015336372889578342,nan,nan
rssm_teacher_forced,1,20,14,0.004142055753618479,0.052259981632232666,0.03078526258468628,0.1144723892211914,0.15287767350673676,nan,nan
rssm_teacher_forced,1,21,14,0.003475482575595379,0.03533130884170532,0.03541111946105957,0.18316221237182617,0.21259263157844543,nan,nan
rssm_teacher_forced,1,22,14,0.002088425448164344,0.02142554521560669,0.04657423496246338,0.05229902267456055,0.034958045929670334,nan,nan
rssm_teacher_forced,1,23,14,0.0014888871228322387,0.010515153408050537,0.031130313873291016,0.1379227638244629,0.0007546856650151312,nan,nan
rssm_teacher_forced,1,24,14,0.0029957483056932688,0.05066530406475067,0.013354659080505371,0.035134315490722656,0.08209781348705292,nan,nan
rssm_teacher_forced,1,25,14,0.00623396597802639,0.07499594986438751,0.005459725856781006,0.021330833435058594,0.08536138385534286,nan,nan
rssm_teacher_forced,1,26,14,0.0005363954114727676,0.00901474803686142,0.022025763988494873,0.0558323860168457,0.010917122475802898,nan,nan
rssm_teacher_forced,1,27,14,0.0029909599106758833,0.019781887531280518,0.014743685722351074,0.2550234794616699,0.0015610221307724714,nan,nan
rssm_teacher_forced,1,28,14,0.002106962725520134,0.00656813383102417,0.041289784014225006,0.1553889513015747,0.12764474749565125,nan,nan
rssm_teacher_forced,1,29,14,0.0031490670517086983,0.04935938119888306,0.021817147731781006,0.06139481067657471,0.04895433038473129,nan,nan
rssm_teacher_forced,1,30,14,0.001266251434572041,0.014875590801239014,0.019769303500652313,0.14275282621383667,0.272710382938385,nan,nan
rssm_teacher_forced,1,31,14,0.0010322955204173923,0.029045164585113525,0.002189427614212036,0.05181705951690674,0.009263798594474792,nan,nan
rssm_teacher_forced,1,0,15,0.0029668312054127455,0.039935559034347534,0.03728592395782471,0.08379507064819336,0.011112394742667675,nan,nan
rssm_teacher_forced,1,1,15,0.0008719819015823305,0.005209300667047501,0.026038944721221924,0.10111474990844727,0.0010445222724229097,nan,nan
rssm_teacher_forced,1,2,15,0.0010808673687279224,0.008005261421203613,0.02808108925819397,0.11280333995819092,0.12101875990629196,nan,nan
rssm_teacher_forced,1,3,15,0.002788681536912918,0.040348827838897705,0.000621497631072998,0.1637939214706421,0.04540529102087021,nan,nan
rssm_teacher_forced,1,4,15,0.006794807035475969,0.05554640293121338,0.06532424688339233,0.11395406723022461,0.016885217279195786,nan,nan
rssm_teacher_forced,1,5,15,0.0009067609789781272,0.005349159240722656,0.02322971820831299,0.11690783500671387,0.01398935355246067,nan,nan
rssm_teacher_forced,1,6,15,5.594164758804254e-05,0.0009319782257080078,0.00077056884765625,0.03836730122566223,0.005327392369508743,nan,nan
rssm_teacher_forced,1,7,15,0.0015563908964395523,0.02210444211959839,0.0016623437404632568,0.16555112600326538,0.0007077567861415446,nan,nan
rssm_teacher_forced,1,8,15,0.0021674998570233583,0.02316230535507202,0.03261750936508179,0.15140295028686523,0.010402686893939972,nan,nan
rssm_teacher_forced,1,9,15,0.0009476341656409204,0.024851083755493164,0.00902983546257019,0.07553291320800781,0.29750552773475647,nan,nan
rssm_teacher_forced,1,10,15,0.0032372151035815477,0.0367962121963501,0.014211654663085938,0.20822381973266602,0.03209817782044411,nan,nan
rssm_teacher_forced,1,11,15,0.00022942700888961554,0.01333552598953247,0.0005991458892822266,0.029945731163024902,0.04493889957666397,nan,nan
rssm_teacher_forced,1,12,15,0.0004585682472679764,0.011113762855529785,0.0002664327621459961,0.09325425326824188,0.0037026528734713793,nan,nan
rssm_teacher_forced,1,13,15,0.0010167730506509542,0.012169599533081055,0.004969507455825806,0.15022516250610352,0.007074214983731508,nan,nan
rssm_teacher_forced,1,14,15,0.0031584110110998154,0.0063402652740478516,0.06253039836883545,0.10944080352783203,0.00334021239541471,nan,nan
rssm_teacher_forced,1,15,15,0.00022322886798065156,0.010272175073623657,0.011305689811706543,0.023045063018798828,0.02483292669057846,nan,nan
rssm_teacher_forced,1,16,15,0.0021655720192939043,0.019498735666275024,0.033032000064849854,0.16435933113098145,0.0032613424118608236,nan,nan
rssm_teacher_forced,1,17,15,0.001776513527147472,0.01633089780807495,0.012441515922546387,0.19271278381347656,0.0046707880683243275,nan,nan
rssm_teacher_forced,1,18,15,0.0005700740148313344,8.302927017211914e-05,0.026662707328796387,0.04777240753173828,0.00396277941763401,nan,nan
rssm_teacher_forced,1,19,15,0.0005925451987423003,0.009023964405059814,0.0223626047372818,0.06596475839614868,0.012550086714327335,nan,nan
rssm_teacher_forced,1,20,15,0.0014395922189578414,0.01661289855837822,0.038548052310943604,0.0570826530456543,0.000362398597644642,nan,nan
rssm_teacher_forced,1,21,15,0.0011748262913897634,0.029486000537872314,0.012001365423202515,0.05655097961425781,0.012424122542142868,nan,nan
rssm_teacher_forced,1,22,15,0.0034945558290928602,0.016184106469154358,0.05608135461807251,0.1689462661743164,0.016532350331544876,nan,nan
rssm_teacher_forced,1,23,15,0.0014695754507556558,0.0076367855072021484,0.023024380207061768,0.16774749755859375,0.0019280904671177268,nan,nan
rssm_teacher_forced,1,24,15,0.0018258733907714486,0.03576275706291199,0.024502992630004883,0.013500213623046875,0.053592320531606674,nan,nan
rssm_teacher_forced,1,25,15,0.002966748783364892,0.0486992746591568,0.011151254177093506,0.08515739440917969,0.019476789981126785,nan,nan
rssm_teacher_forced,1,26,15,0.003835303708910942,0.05003553628921509,0.035969078540802,0.07224321365356445,0.02104864828288555,nan,nan
rssm_teacher_forced,1,27,15,0.0029079874511808157,0.03397656977176666,0.0002518892288208008,0.21006202697753906,0.023496810346841812,nan,nan
rssm_teacher_forced,1,28,15,0.0014752545394003391,0.029265105724334717,0.020536579191684723,0.08106541633605957,0.21032099425792694,nan,nan
rssm_teacher_forced,1,29,15,0.0009736198117025197,0.019491374492645264,0.008567631244659424,0.11669681966304779,0.0031484283972531557,nan,nan
rssm_teacher_forced,1,30,15,0.001722528482787311,0.016929209232330322,0.0287107415497303,0.1508643627166748,0.17167291045188904,nan,nan
rssm_teacher_forced,1,31,15,0.0004494620079640299,0.01582854986190796,3.993511199951172e-06,0.06839138269424438,0.012174520641565323,nan,nan
rssm_stochastic,2,0,1,0.03040904365479946,0.14622077345848083,0.09238308668136597,0.16625237464904785,0.11012556403875351,1.059442162513733,0.0
rssm_stochastic,2,1,1,0.02364765852689743,0.1422266811132431,0.028738975524902344,0.1465911865234375,0.11288508027791977,0.997631847858429,0.0
rssm_stochastic,2,2,1,0.0026636940892785788,0.0321657657623291,0.0232401043176651,0.17649400234222412,0.1366332769393921,0.22052085399627686,0.0
rssm_stochastic,2,3,1,0.003165294649079442,0.026712000370025635,0.005449503660202026,0.2522319555282593,0.015748027712106705,0.4166390597820282,0.0
rssm_stochastic,2,4,1,0.0024881286080926657,0.03026759624481201,0.030670344829559326,0.15019679069519043,0.0045127891935408115,0.5153744220733643,0.0
rssm_stochastic,2,5,1,0.0006591432611458004,0.0020783543586730957,0.02198261022567749,0.09353792667388916,0.0018367267912253737,0.6412211656570435,0.0
rssm_stochastic,2,6,1,0.0023779745679348707,0.01972585916519165,0.005540698766708374,0.22805285453796387,0.10145290940999985,0.15123677253723145,0.0
rssm_stochastic,2,7,1,0.009705230593681335,0.04470086097717285,0.09548225998878479,0.1856675148010254,0.00022406713105738163,0.40484586358070374,0.0
rssm_stochastic,2,8,1,0.007144095376133919,0.036742985248565674,0.08366197347640991,0.15380263328552246,0.041893694549798965,0.3083048164844513,0.0
rssm_stochastic,2,9,1,0.015667904168367386,0.11924111843109131,0.0013346076011657715,0.0060318708419799805,0.1884903460741043,0.13055436313152313,0.0
rssm_stochastic,2,10,1,0.007503108587116003,0.025953292846679688,0.041424453258514404,0.38826000690460205,0.07055309414863586,0.26429030299186707,0.0
rssm_stochastic,2,11,1,0.007483301684260368,0.03580188751220703,0.005253821611404419,0.404022753238678,0.031888023018836975,0.7057576775550842,0.0
rssm_stochastic,2,12,1,0.01575160212814808,0.11011120676994324,0.059081852436065674,0.016140222549438477,0.15845999121665955,0.1845315843820572,0.0
rssm_stochastic,2,13,1,0.0037048906087875366,0.02585691213607788,0.06552621722221375,0.03127434849739075,0.03555181995034218,0.13931240141391754,0.0
rssm_stochastic,2,14,1,0.004134795628488064,0.015196025371551514,0.07318872213363647,0.07747447490692139,0.016029680147767067,0.3001881539821625,0.0
rssm_stochastic,2,15,1,0.01610647328197956,0.03498506546020508,0.10185790061950684,0.4549213647842407,0.010431352071464062,0.27403366565704346,0.0
rssm_stochastic,2,16,1,0.009654234163463116,0.08480417728424072,0.02720695734024048,0.1817798614501953,0.0667557567358017,0.46190398931503296,0.0
rssm_stochastic,2,17,1,0.005524709355086088,0.06397509574890137,0.019180476665496826,0.1435643434524536,0.016991276293992996,0.2716653645038605,0.0
rssm_stochastic,2,18,1,0.016471730545163155,0.1076844334602356,0.0013203620910644531,0.31566762924194336,0.01215895265340805,0.30607128143310547,0.0
rssm_stochastic,2,19,1,0.007188174873590469,0.058888256549835205,0.05256049335002899,0.19985747337341309,0.5705480575561523,0.34855175018310547,0.0
rssm_stochastic,2,20,1,0.014554925262928009,0.052940189838409424,0.11888240277767181,0.22131836414337158,0.09091171622276306,0.6104027628898621,0.0
rssm_stochastic,2,21,1,0.005328895524144173,0.04475903511047363,0.05824077129364014,0.14738374948501587,0.13438516855239868,0.5475543737411499,0.0
rssm_stochastic,2,22,1,0.03758396953344345,0.16202405095100403,0.09987449645996094,0.2233271598815918,0.2831800878047943,0.35585975646972656,0.0
rssm_stochastic,2,23,1,0.003504903055727482,0.026805341243743896,0.05856359004974365,0.10006308555603027,0.0006302789552137256,0.4027142822742462,0.0
rssm_stochastic,2,24,1,0.0003897965361829847,0.0007782578468322754,0.023432374000549316,0.019559025764465332,0.04823850467801094,0.29500436782836914,0.0
rssm_stochastic,2,25,1,0.010993864387273788,0.08143037557601929,0.009252548217773438,0.3128848075866699,0.02989814803004265,0.9585213661193848,0.0
rssm_stochastic,2,26,1,0.024090401828289032,0.13892337679862976,0.04108870029449463,0.21247434616088867,0.1211475133895874,0.3900502026081085,0.0
rssm_stochastic,2,27,1,0.014792640693485737,0.04075068235397339,0.11466974020004272,0.32779598236083984,0.0018569831736385822,0.5478955507278442,0.0
rssm_stochastic,2,28,1,0.010891527868807316,0.012312471866607666,0.014615565538406372,0.5341490507125854,0.0024475115351378918,0.6451759338378906,0.0
rssm_stochastic,2,29,1,0.008533583022654057,0.012109220027923584,0.08380955457687378,0.31054115295410156,0.016802847385406494,0.5628564953804016,0.0
rssm_stochastic,2,30,1,0.002159285359084606,0.012787044048309326,0.016603976488113403,0.21977615356445312,0.002002069493755698,0.4946008026599884,0.0
rssm_stochastic,2,31,1,0.017205921933054924,0.04407566785812378,0.12147945165634155,0.3667970895767212,0.02741003781557083,0.21583375334739685,0.0
rssm_stochastic,2,0,2,0.0399165041744709,0.1840513050556183,0.055312156677246094,0.11673712730407715,0.1952899545431137,0.7460730075836182,0.1210845559835434
rssm_stochastic,2,1,2,0.010441218502819538,0.06375664472579956,0.030008137226104736,0.37978076934814453,0.28837892413139343,0.549395740032196,0.11663633584976196
rssm_stochastic,2,2,2,0.0242516677826643,0.06939196586608887,0.1430438756942749,0.36626654863357544,0.5937440395355225,0.20508693158626556,0.07040583342313766
rssm_stochastic,2,3,2,0.009445874951779842,0.005835115909576416,0.06490355730056763,0.41972458362579346,0.18283842504024506,0.4489882290363312,0.12191229313611984
rssm_stochastic,2,4,2,0.0077570523135364056,0.04726463556289673,0.06916558742523193,0.2339332103729248,0.06391748040914536,0.3691546618938446,0.11637955158948898
rssm_stochastic,2,5,2,0.0016683628782629967,0.004109472036361694,0.04433786869049072,0.09104633331298828,0.002706211991608143,0.7135180234909058,0.08985474705696106
rssm_stochastic,2,6,2,0.012834284454584122,0.03853875398635864,0.12804795801639557,0.006256580352783203,0.3006441593170166,0.2861504554748535,0.08271978050470352
rssm_stochastic,2,7,2,0.007696268614381552,0.03512775897979736,0.0819331556558609,0.21741682291030884,0.009250951930880547,1.71690034866333,0.16295486688613892
rssm_stochastic,2,8,2,0.011903834529221058,0.038302838802337646,0.04409307241439819,0.49158310890197754,0.2670195698738098,0.3372006118297577,0.18241070210933685
rssm_stochastic,2,9,2,0.006995136383920908,0.044990599155426025,0.0745844841003418,0.16143929958343506,0.02743990533053875,0.361331582069397,0.11651705950498581
rssm_stochastic,2,10,2,0.011867539025843143,0.04407590627670288,0.012780845165252686,0.5092560648918152,0.16698579490184784,0.31695011258125305,0.07414822280406952
rssm_stochastic,2,11,2,0.012553342618048191,0.036346435546875,0.07208484411239624,0.45123982429504395,0.09041286259889603,0.538059413433075,0.1274529993534088
rssm_stochastic,2,12,2,0.0033654281869530678,0.04835385084152222,0.008067846298217773,0.14174675941467285,0.13739189505577087,0.14813829958438873,0.11260495334863663
rssm_stochastic,2,13,2,0.004872357938438654,0.006179630756378174,0.010162442922592163,0.3582945764064789,0.0028914250433444977,0.29851746559143066,0.13697895407676697
rssm_stochastic,2,14,2,0.0029959504026919603,0.03357940912246704,0.015887439250946045,0.2065143585205078,0.010439681820571423,0.7992697954177856,0.12645399570465088
rssm_stochastic,2,15,2,0.024633219465613365,0.035142481327056885,0.14919692277908325,0.466597318649292,0.033290546387434006,0.4437759518623352,0.10188999027013779
rssm_stochastic,2,16,2,0.005210300907492638,0.04005418345332146,0.06699562072753906,0.10093283653259277,0.04393334686756134,0.4032694697380066,0.11210259050130844
rssm_stochastic,2,17,2,0.004377367906272411,0.026778697967529297,0.07144272327423096,0.05242621898651123,0.025253118947148323,0.1965816468000412,0.06807591766119003
rssm_stochastic,2,18,2,0.01036916021257639,0.03949625790119171,0.08809417486190796,0.30063295364379883,0.02136898599565029,0.19765020906925201,0.08015289157629013
rssm_stochastic,2,19,2,0.007793019991368055,0.05375546216964722,0.028915226459503174,0.330028235912323,0.7027480602264404,0.24738267064094543,0.090434230864048
rssm_stochastic,2,20,2,0.012988131493330002,0.04412078857421875,0.12483835220336914,0.07366442680358887,0.06628118455410004,1.3806408643722534,0.1416865438222885
rssm_stochastic,2,21,2,0.012619826011359692,0.1056944727897644,0.0021219849586486816,0.09123384952545166,0.19485312700271606,0.6003085374832153,0.08427708595991135
rssm_stochastic,2,22,2,0.05726100504398346,0.21551814675331116,0.0938902497291565,0.0423731803894043,0.21045014262199402,0.34913957118988037,0.16603313386440277
rssm_stochastic,2,23,2,0.0009905106853693724,0.02218988537788391,0.005327939987182617,0.10751974582672119,0.003619574708864093,0.21148765087127686,0.0934990644454956
rssm_stochastic,2,24,2,0.013191726058721542,0.07221478223800659,0.08762210607528687,0.24377088248729706,0.105825275182724,0.31333038210868835,0.09933658689260483
rssm_stochastic,2,25,2,0.01541699469089508,0.07143175601959229,0.10074937343597412,0.2779231071472168,0.018272213637828827,1.3394769430160522,0.09883540123701096
rssm_stochastic,2,26,2,0.01876511424779892,0.12289313971996307,0.03560018539428711,0.18435025215148926,0.2253878265619278,0.5733582973480225,0.10573586076498032
rssm_stochastic,2,27,2,0.006086223293095827,0.012050308287143707,0.08692872524261475,0.14374351501464844,0.004496019333600998,0.30829548835754395,0.1421653777360916
rssm_stochastic,2,28,2,0.017475860193371773,0.06490170955657959,0.0013493895530700684,0.5883344411849976,0.09594658762216568,0.5837692022323608,0.1824762225151062
rssm_stochastic,2,29,2,0.0026692163664847612,0.022325754165649414,0.023782044649124146,0.2162477970123291,0.363689124584198,0.3476957678794861,0.10698895901441574
rssm_stochastic,2,30,2,0.003018176183104515,0.03200465440750122,0.03136107325553894,0.181249737739563,0.08420123159885406,0.806394636631012,0.16941192746162415
rssm_stochastic,2,31,2,0.005713051650673151,0.025304436683654785,0.03582268953323364,0.33380281925201416,0.16305753588676453,0.8708198070526123,0.18351200222969055
rssm_stochastic,2,0,3,0.07855682820081711,0.26677626371383667,0.00965726375579834,0.04680371284484863,0.6952623128890991,1.4395583868026733,0.14283862709999084
rssm_stochastic,2,1,3,0.038547273725271225,0.1630498766899109,0.10146760940551758,0.24502944946289062,1.2043896913528442,1.0753707885742188,0.12225339561700821
rssm_stochastic,2,2,3,0.007465841248631477,0.056951284408569336,0.04350483417510986,0.26480454206466675,0.43437328934669495,0.8540924787521362,0.18390808999538422
rssm_stochastic,2,3,3,0.003067681333050132,0.03111976385116577,0.01860874891281128,0.21813464164733887,0.08063781261444092,0.5035339593887329,0.1469101905822754
rssm_stochastic,2,4,3,0.0010842190822586417,0.018528148531913757,0.02397066354751587,0.09197115898132324,0.009227301925420761,0.7760751843452454,0.16270864009857178
rssm_stochastic,2,5,3,0.018976785242557526,0.11458632349967957,0.07094675302505493,0.17015337944030762,0.22160160541534424,0.5538451671600342,0.10509973764419556
rssm_stochastic,2,6,3,0.0033290076535195112,0.010668575763702393,0.05943024903535843,0.14613139629364014,0.0005627640639431775,0.4656599164009094,0.12916119396686554
rssm_stochastic,2,7,3,0.0034885648638010025,0.018865883350372314,0.02921825647354126,0.26036548614501953,0.014734921045601368,0.6442375779151917,0.1680765002965927
rssm_stochastic,2,8,3,0.0019033498829230666,0.006564676761627197,0.04756096005439758,0.0916147232055664,0.10097959637641907,0.5959979295730591,0.1768246740102768
rssm_stochastic,2,9,3,0.0028548326808959246,0.013445913791656494,0.04537075757980347,0.1836097240447998,0.00013631537149194628,0.5899410843849182,0.1384434551000595
rssm_stochastic,2,10,3,0.007004436105489731,0.04064595699310303,0.053656309843063354,0.2946169376373291,0.13688403367996216,0.5598890781402588,0.14860665798187256
rssm_stochastic,2,11,3,0.019358063116669655,0.09497928619384766,0.0838049054145813,0.35311171412467957,0.6541770696640015,0.2008465826511383,0.17811034619808197
rssm_stochastic,2,12,3,0.005911547690629959,0.016859769821166992,0.06426000595092773,0.27375316619873047,0.1108630821108818,0.5291249752044678,0.14725205302238464
rssm_stochastic,2,13,3,0.0004982324899174273,0.018038630485534668,0.004034668207168579,0.05889630317687988,0.020089779049158096,0.14265142381191254,0.1313660889863968
rssm_stochastic,2,14,3,0.0015101843746379018,0.011562228202819824,0.038208723068237305,0.09935128688812256,0.029980778694152832,0.3443925678730011,0.1484096795320511
rssm_stochastic,2,15,3,0.014782746322453022,0.03817345201969147,0.07716047763824463,0.4957308769226074,0.1389685422182083,0.5408604145050049,0.19054163992404938
rssm_stochastic,2,16,3,0.032319191843271255,0.0971849262714386,0.15471547842025757,0.38750481605529785,0.06509998440742493,0.5279754400253296,0.1092216819524765
rssm_stochastic,2,17,3,0.01886148191988468,0.03077375888824463,0.03201419115066528,0.6794803142547607,0.011408344842493534,0.3057326674461365,0.14424334466457367
rssm_stochastic,2,18,3,0.010804552584886551,0.08581423759460449,0.012363612651824951,0.264132022857666,0.04011654853820801,0.46821048855781555,0.119402214884758
rssm_stochastic,2,19,3,0.0048786043189466,0.04569059610366821,0.001795440912246704,0.2636018991470337,0.6959706544876099,0.24777397513389587,0.13595257699489594
rssm_stochastic,2,20,3,0.022118056192994118,0.038042664527893066,0.17336367070674896,0.000983893871307373,0.004830438178032637,1.000148892402649,0.18208274245262146
rssm_stochastic,2,21,3,0.012325980700552464,0.10108834505081177,0.03618532419204712,0.06832945346832275,0.17204196751117706,0.7345995903015137,0.12980186939239502
rssm_stochastic,2,22,3,0.07277601957321167,0.2524526119232178,0.05875515937805176,0.0735936164855957,0.5249179601669312,0.5850790739059448,0.21411214768886566
rssm_stochastic,2,23,3,0.002612427808344364,0.015962660312652588,0.03529578447341919,0.19985854625701904,0.018426265567541122,0.4742479622364044,0.11735249310731888
rssm_stochastic,2,24,3,0.01459853071719408,0.09469735622406006,0.026408731937408447,0.3382517695426941,0.032777540385723114,0.5179777145385742,0.07972851395606995
rssm_stochastic,2,25,3,0.03063739836215973,0.1154111921787262,0.10621225833892822,0.47196030616760254,0.20150670409202576,0.8332237601280212,0.12467536330223083
rssm_stochastic,2,26,3,0.049848299473524094,0.2110748589038849,0.008830010890960693,0.13825511932373047,0.5244224667549133,0.7222903966903687,0.12834376096725464
rssm_stochastic,2,27,3,0.0196224395185709,0.07632089406251907,0.07176452875137329,0.5111680030822754,0.007304747588932514,0.37676456570625305,0.13751207292079926
rssm_stochastic,2,28,3,0.00574758043512702,0.03063070774078369,0.039602845907211304,0.31345075368881226,0.014062994159758091,0.9585397839546204,0.1139637902379036
rssm_stochastic,2,29,3,0.012521048076450825,0.02410709857940674,0.06562426686286926,0.49103856086730957,0.4973907172679901,0.7174376249313354,0.13871227204799652
rssm_stochastic,2,30,3,0.0026406131219118834,0.04720616340637207,0.015681028366088867,0.02173149585723877,0.021018218249082565,0.7564632892608643,0.16041038930416107
rssm_stochastic,2,31,3,0.006793605629354715,0.0022292137145996094,0.09649106860160828,0.10772830247879028,0.0006427481421269476,0.3546966314315796,0.14934681355953217
rssm_stochastic,2,0,4,0.06856530159711838,0.23328489065170288,0.10089224576950073,0.21123194694519043,0.49031388759613037,1.205379843711853,0.14384761452674866
rssm_stochastic,2,1,4,0.01682777889072895,0.06812608242034912,0.11249250173568726,0.2878894805908203,1.2132707834243774,1.6884377002716064,0.15850912034511566
rssm_stochastic,2,2,4,0.002164015546441078,0.04427105188369751,3.4593045711517334e-05,0.011190593242645264,0.20321457087993622,0.547129213809967,0.2002314031124115
rssm_stochastic,2,3,4,0.00621826434507966,0.039717793464660645,0.06519600749015808,0.20628118515014648,0.04950321093201637,0.8123859167098999,0.180940181016922
rssm_stochastic,2,4,4,0.01068304106593132,0.08877617120742798,0.04230755567550659,0.14481401443481445,0.052386894822120667,0.4510039985179901,0.11139801889657974
rssm_stochastic,2,5,4,0.010937757790088654,0.025054780766367912,0.07646459341049194,0.4106864929199219,0.01292230375111103,1.6446378231048584,0.200298011302948
rssm_stochastic,2,6,4,0.030986450612545013,0.06224101781845093,0.048057347536087036,0.8234565258026123,0.21659070253372192,0.5670728087425232,0.1125912144780159
rssm_stochastic,2,7,4,0.0033385592978447676,0.00782078504562378,0.05899855121970177,0.15530043840408325,0.04266669601202011,0.6543561816215515,0.20681002736091614
rssm_stochastic,2,8,4,0.005547087639570236,0.04741150140762329,0.017362982034683228,0.27795958518981934,0.8193024396896362,1.2335127592086792,0.24577447772026062
rssm_stochastic,2,9,4,0.02388250082731247,0.11327362060546875,0.10911089181900024,0.20878612995147705,0.057991597801446915,0.6131556034088135,0.12774969637393951
rssm_stochastic,2,10,4,0.014120767824351788,0.013331592082977295,0.10030478239059448,0.436198353767395,0.016669725999236107,0.5650531053543091,0.18617916107177734
rssm_stochastic,2,11,4,0.020056473091244698,0.027050912380218506,0.16636940836906433,0.09707129001617432,0.006294529885053635,0.835706889629364,0.1817167103290558
rssm_stochastic,2,12,4,0.034257762134075165,0.09625750780105591,0.18394261598587036,0.1596226692199707,0.6062057018280029,1.2489473819732666,0.12028692662715912
rssm_stochastic,2,13,4,7.429563993355259e-05,0.005529582500457764,0.0021874606609344482,0.0317348837852478,0.0016740772407501936,0.4498192369937897,0.14019031822681427
rssm_stochastic,2,14,4,0.012866295874118805,0.008708178997039795,0.13681721687316895,0.0024209022521972656,0.011834105476737022,0.3240526616573334,0.15388324856758118
rssm_stochastic,2,15,4,0.03241409361362457,0.13461238145828247,0.023787319660186768,0.5703999996185303,0.005227973219007254,1.0957295894622803,0.24801859259605408
rssm_stochastic,2,16,4,0.042920589447021484,0.1492479145526886,0.1340685486793518,0.4057741165161133,0.28551608324050903,0.9450418949127197,0.21089452505111694
rssm_stochastic,2,17,4,0.02419954538345337,0.11759740114212036,0.01688241958618164,0.48630642890930176,0.09020916372537613,0.6226681470870972,0.15166348218917847
rssm_stochastic,2,18,4,0.011746066622436047,0.07638603448867798,0.0014955997467041016,0.3786501884460449,0.02526657097041607,0.5890668630599976,0.19159682095050812
rssm_stochastic,2,19,4,0.004348840564489365,0.02157914638519287,0.02993205189704895,0.2948797345161438,0.2597375214099884,0.7363559007644653,0.13086335361003876
rssm_stochastic,2,20,4,0.007017198950052261,0.015202522277832031,0.09370215237140656,0.14382296800613403,0.002087990054860711,1.2116177082061768,0.18832945823669434
rssm_stochastic,2,21,4,0.005274512339383364,0.019406378269195557,0.08126705884933472,0.09711813926696777,0.05706270411610603,0.9717739820480347,0.12519508600234985
rssm_stochastic,2,22,4,0.13451965153217316,0.3482021987438202,0.03518003225326538,0.049713850021362305,1.1842209100723267,1.6629996299743652,0.1991720050573349
rssm_stochastic,2,23,4,0.09495047479867935,0.2523900866508484,0.111508309841156,0.6625664234161377,0.3573155403137207,0.8308843970298767,0.13731394708156586
rssm_stochastic,2,24,4,0.01763121969997883,0.09040170907974243,0.10073232650756836,0.2140054702758789,0.021824713796377182,1.0100057125091553,0.14848990738391876
rssm_stochastic,2,25,4,0.015536465682089329,0.10195159167051315,0.057082414627075195,0.22395110130310059,0.33839717507362366,0.7485101222991943,0.18030400574207306
rssm_stochastic,2,26,4,0.08581408113241196,0.23233762383460999,0.006305515766143799,0.8424277305603027,2.813840627670288,0.8871851563453674,0.14273183047771454
rssm_stochastic,2,27,4,0.02831629477441311,0.10674944519996643,0.14324063062667847,0.2172703742980957,0.02261447161436081,0.5421696901321411,0.20157665014266968
rssm_stochastic,2,28,4,0.0021757788490504026,0.01899731159210205,0.018770068883895874,0.20364102721214294,0.010824252851307392,1.3917365074157715,0.16129252314567566
rssm_stochastic,2,29,4,0.00025423624902032316,0.011993765830993652,0.0019501373171806335,0.05012333393096924,0.12038195133209229,0.6451699733734131,0.15914013981819153
rssm_stochastic,2,30,4,0.010346675291657448,0.09285634756088257,0.026905566453933716,0.09752160310745239,0.26821446418762207,0.29440104961395264,0.15715529024600983
rssm_stochastic,2,31,4,0.008393614552915096,0.054148733615875244,0.07269641757011414,0.20475032925605774,0.14971628785133362,1.0004866123199463,0.18062449991703033
rssm_stochastic,2,0,5,0.06414208561182022,0.2286514788866043,0.09762120246887207,0.029689311981201172,1.0187437534332275,1.0028325319290161,0.20453083515167236
rssm_stochastic,2,1,5,0.024157710373401642,0.08482581377029419,0.09673765301704407,0.5151557922363281,2.5511648654937744,0.6261346340179443,0.2114308625459671
rssm_stochastic,2,2,5,0.005275676492601633,0.03752481937408447,0.06935271620750427,0.10891509056091309,0.11304695159196854,0.2618328630924225,0.14080707728862762
rssm_stochastic,2,3,5,0.0013650978216901422,0.02669471502304077,0.02695201337337494,0.04757881164550781,0.011835142970085144,0.7750475406646729,0.2114887237548828
rssm_stochastic,2,4,5,0.02038021944463253,0.058470577001571655,0.13852888345718384,0.3076438903808594,0.14050021767616272,0.23865337669849396,0.162599116563797
rssm_stochastic,2,5,5,0.005430956836789846,0.01175786554813385,0.04076343774795532,0.33431434631347656,0.08236691355705261,0.4926503300666809,0.17907129228115082
rssm_stochastic,2,6,5,0.021929359063506126,0.03228265047073364,0.0012636929750442505,0.7486363649368286,0.09227393567562103,1.2688531875610352,0.2547348737716675
rssm_stochastic,2,7,5,0.0049495273269712925,0.017469584941864014,0.056787874549627304,0.25501084327697754,0.46902960538864136,0.21755927801132202,0.16766637563705444
rssm_stochastic,2,8,5,0.004130044020712376,0.007402896881103516,0.014520034193992615,0.3253912925720215,0.2941764295101166,1.701226830482483,0.2277355194091797
rssm_stochastic,2,9,5,0.04539002105593681,0.16236475110054016,0.1484500765800476,0.18699169158935547,0.07329532504081726,0.9510816335678101,0.170640230178833
rssm_stochastic,2,10,5,0.022452078759670258,0.013310432434082031,0.169589102268219,0.2656921148300171,0.15620246529579163,0.34534716606140137,0.26126110553741455
rssm_stochastic,2,11,5,0.04009316489100456,0.022516191005706787,0.22867600619792938,0.3212200403213501,0.015578542836010456,1.008506178855896,0.17053824663162231
rssm_stochastic,2,12,5,0.0029605638701468706,0.012011170387268066,0.059757933020591736,0.09895944595336914,0.0445195771753788,0.7427179217338562,0.19282037019729614
rssm_stochastic,2,13,5,0.004301140550523996,0.05891287326812744,0.013831287622451782,0.09668433666229248,0.3622550368309021,0.7655039429664612,0.16296958923339844
rssm_stochastic,2,14,5,0.01914926990866661,0.02273094654083252,0.16303253173828125,0.10765337944030762,0.0826016440987587,0.39328643679618835,0.1640685349702835
rssm_stochastic,2,15,5,0.011292025446891785,0.06270092725753784,0.054835736751556396,0.3638017177581787,0.018775032833218575,0.8268759846687317,0.2620137631893158
rssm_stochastic,2,16,5,0.018930606544017792,0.06891900300979614,0.0942268967628479,0.45377111434936523,0.04389757290482521,0.5101892352104187,0.17704544961452484
rssm_stochastic,2,17,5,0.017743809148669243,0.11606764793395996,0.002884984016418457,0.27945446968078613,0.1504541039466858,0.34383624792099,0.13583062589168549
rssm_stochastic,2,18,5,0.005629265680909157,0.06694692373275757,0.014844357967376709,0.1207737922668457,0.1363348662853241,0.43184894323349,0.16442693769931793
rssm_stochastic,2,19,5,0.003683041548356414,0.041211724281311035,0.009097903966903687,0.21758097410202026,0.0006628251867368817,0.5190902948379517,0.14460402727127075
rssm_stochastic,2,20,5,0.09730882197618484,0.03137892484664917,0.34847545623779297,0.598928689956665,0.0004655206575989723,1.119093894958496,0.19006754457950592
rssm_stochastic,2,21,5,0.030106907710433006,0.08737826347351074,0.1248897910118103,0.5457722544670105,0.036563169211149216,0.2676522731781006,0.12668591737747192
rssm_stochastic,2,22,5,0.09124943614006042,0.2788490355014801,0.0733596682548523,0.22667384147644043,1.4082186222076416,2.2049384117126465,0.23562276363372803
rssm_stochastic,2,23,5,0.018852928653359413,0.07536306977272034,0.05282413959503174,0.5369510650634766,0.03516295552253723,1.7777076959609985,0.17413204908370972
rssm_stochastic,2,24,5,0.07764342427253723,0.16266846656799316,0.1937064528465271,0.7853310704231262,0.04428109526634216,0.5325765013694763,0.17589092254638672
rssm_stochastic,2,25,5,0.032566484063863754,0.17039884626865387,0.002473771572113037,0.12418556213378906,0.4282853901386261,0.6348361968994141,0.14140158891677856
rssm_stochastic,2,26,5,0.08267471194267273,0.23852306604385376,0.1314610242843628,0.47000837326049805,3.312206268310547,1.3175595998764038,0.2000618726015091
rssm_stochastic,2,27,5,0.019098106771707535,0.11653691530227661,0.07780563831329346,0.006065845489501953,0.2767161428928375,1.0135642290115356,0.1911872774362564
rssm_stochastic,2,28,5,0.015632841736078262,0.046402573585510254,0.12011563777923584,0.3031913638114929,0.1208144798874855,0.8210521340370178,0.16599193215370178
rssm_stochastic,2,29,5,0.006220435723662376,0.015597999095916748,0.03211076185107231,0.3762322664260864,0.018514074385166168,0.5607053637504578,0.15869000554084778
rssm_stochastic,2,30,5,0.014076349325478077,0.016314029693603516,0.06529083847999573,0.5415082573890686,0.0038516654167324305,0.5154056549072266,0.1735059767961502
rssm_stochastic,2,31,5,0.0033446382731199265,0.054297566413879395,0.011634379625320435,0.010339319705963135,0.30192509293556213,0.8363873362541199,0.12474900484085083
rssm_stochastic,2,0,6,0.1030554547905922,0.2753870189189911,0.16254305839538574,0.19833898544311523,1.7454935312271118,1.338230848312378,0.19801965355873108
rssm_stochastic,2,1,6,0.026886925101280212,0.039685070514678955,0.18324032425880432,0.24486875534057617,1.433958888053894,1.2176876068115234,0.18205635249614716
rssm_stochastic,2,2,6,0.008193236775696278,0.07757014036178589,0.04776756092905998,0.012370944023132324,0.27908506989479065,0.20838141441345215,0.18032807111740112
rssm_stochastic,2,3,6,0.010948550887405872,0.03608560562133789,0.08186869323253632,0.3649035692214966,0.08659962564706802,1.4304115772247314,0.2646724283695221
rssm_stochastic,2,4,6,0.01532593835145235,0.007036328315734863,0.006283581256866455,0.6412143707275391,0.1172231137752533,0.4173918664455414,0.1906319409608841
rssm_stochastic,2,5,6,0.006717441137880087,0.05684593319892883,0.012248754501342773,0.2870326042175293,0.46071651577949524,0.5531902313232422,0.14910200238227844
rssm_stochastic,2,6,6,0.009463130496442318,0.05270791053771973,0.034553319215774536,0.38818359375,0.1423511654138565,0.8246650695800781,0.26506322622299194
rssm_stochastic,2,7,6,0.004651912022382021,0.018445968627929688,0.006711021065711975,0.33841681480407715,0.18687306344509125,0.4454130530357361,0.1611083596944809
rssm_stochastic,2,8,6,0.0034681835677474737,0.022415637969970703,0.022494811564683914,0.2632291316986084,0.06433866173028946,0.34815385937690735,0.2278563529253006
rssm_stochastic,2,9,6,0.014911550097167492,0.07499828934669495,0.11244857311248779,0.046393632888793945,0.015518519096076488,1.2001793384552002,0.17037318646907806
rssm_stochastic,2,10,6,0.0026519999373704195,0.034685492515563965,0.012435674667358398,0.18146181106567383,0.2869293689727783,0.9291723966598511,0.24278058111667633
rssm_stochastic,2,11,6,0.02838701568543911,0.03857886791229248,0.19619989395141602,0.11147308349609375,0.49294009804725647,1.4043989181518555,0.19728627800941467
rssm_stochastic,2,12,6,0.001870449515990913,0.03243750333786011,0.03130020201206207,0.033728599548339844,0.030506687238812447,0.5654751658439636,0.13719278573989868
rssm_stochastic,2,13,6,0.001249798689968884,0.024341821670532227,0.02079319953918457,0.09021139144897461,0.1881805658340454,0.43324747681617737,0.14907817542552948
rssm_stochastic,2,14,6,0.01364471111446619,0.01002722978591919,0.13961714506149292,0.0775308609008789,0.013036766089498997,0.6069914102554321,0.18582025170326233
rssm_stochastic,2,15,6,0.007999158464372158,0.018196314573287964,0.08728229999542236,0.2561197280883789,0.18709369003772736,0.8172029256820679,0.22340327501296997
rssm_stochastic,2,16,6,0.011293604969978333,0.008832573890686035,0.07169044017791748,0.4556570053100586,0.040153421461582184,0.2644641399383545,0.18765725195407867
rssm_stochastic,2,17,6,0.017755648121237755,0.11763161420822144,0.003405153751373291,0.2597939968109131,0.05626622587442398,0.24647732079029083,0.09254458546638489
rssm_stochastic,2,18,6,0.008903258480131626,0.007704734802246094,0.026015281677246094,0.47528934478759766,0.06136413663625717,0.49085766077041626,0.1592015027999878
rssm_stochastic,2,19,6,0.02101842314004898,0.04201388359069824,0.08901864290237427,0.6070310473442078,0.26793351769447327,0.9686083793640137,0.15427140891551971
rssm_stochastic,2,20,6,0.21617214381694794,0.15679091215133667,0.44768404960632324,1.1868425607681274,0.15237385034561157,1.8830379247665405,0.26720499992370605
rssm_stochastic,2,21,6,0.024162685498595238,0.027275562286376953,0.08232301473617554,0.7104684114456177,0.0008775381138548255,0.49174177646636963,0.2088060826063156
rssm_stochastic,2,22,6,0.10112977027893066,0.29273444414138794,0.0985344648361206,0.04816579818725586,1.8020917177200317,3.536339521408081,0.18715158104896545
rssm_stochastic,2,23,6,0.0207237396389246,0.09270402789115906,0.06175798177719116,0.4830284118652344,0.006104633212089539,0.8625505566596985,0.16854821145534515
rssm_stochastic,2,24,6,0.04878199100494385,0.0444377064704895,0.225134938955307,0.5687793493270874,0.0007067359401844442,1.424652338027954,0.291261225938797
rssm_stochastic,2,25,6,0.04026709496974945,0.16742271184921265,0.0530429482460022,0.44864749908447266,1.0771561861038208,0.8878140449523926,0.17133451998233795
rssm_stochastic,2,26,6,0.05972226336598396,0.17704421281814575,0.1407482624053955,0.5607929229736328,3.649757146835327,1.83725106716156,0.22159257531166077
rssm_stochastic,2,27,6,0.0030024012085050344,0.033720970153808594,0.04044044017791748,0.13064193725585938,0.006154434289783239,0.5569430589675903,0.19450300931930542
rssm_stochastic,2,28,6,0.004150854889303446,0.023260891437530518,0.07132288813591003,0.046745628118515015,0.10833640396595001,0.9163758754730225,0.19001226127147675
rssm_stochastic,2,29,6,0.007460661698132753,0.054633259773254395,0.056731291115283966,0.23076069355010986,0.36824801564216614,0.8648049831390381,0.2291896641254425
rssm_stochastic,2,30,6,0.005082101095467806,0.01267772912979126,0.04663780331611633,0.30369916558265686,0.0638909563422203,0.5310702323913574,0.2257683128118515
rssm_stochastic,2,31,6,0.009974834509193897,0.07694506645202637,0.05997490882873535,0.16386187076568604,0.3722083866596222,1.8890480995178223,0.19539788365364075
rssm_stochastic,2,0,7,0.07698033004999161,0.2085667848587036,0.19226330518722534,0.3206162452697754,1.1466950178146362,2.1234817504882812,0.20920664072036743
rssm_stochastic,2,1,7,0.017821054905653,0.09999686479568481,0.06398826837539673,0.32879018783569336,1.0793060064315796,1.3986036777496338,0.18253286182880402
rssm_stochastic,2,2,7,0.004029957111924887,0.04735302925109863,0.047788120806217194,0.0002738535404205322,0.07970459759235382,1.1180505752563477,0.15946383774280548
rssm_stochastic,2,3,7,0.006765291094779968,0.009740054607391357,0.09590104967355728,0.10129642486572266,0.06970302015542984,2.551234245300293,0.2780451476573944
rssm_stochastic,2,4,7,0.016516657546162605,0.008423447608947754,0.06698346138000488,0.6006040573120117,0.4195539951324463,0.8454575538635254,0.1841438114643097
rssm_stochastic,2,5,7,0.007918129675090313,0.08255183696746826,0.018645167350769043,0.06819772720336914,0.38839778304100037,0.544992983341217,0.16105447709560394
rssm_stochastic,2,6,7,0.010870151221752167,0.03083479404449463,0.07956334948539734,0.3851439952850342,0.01965741626918316,1.8051607608795166,0.2648812234401703
rssm_stochastic,2,7,7,0.0020430919248610735,0.0012087821960449219,0.00405941903591156,0.23400235176086426,0.0004311582597438246,0.933789849281311,0.18940652906894684
rssm_stochastic,2,8,7,0.006297537591308355,0.02153676748275757,0.01478884369134903,0.3899219036102295,0.01583743281662464,0.5182874202728271,0.16871963441371918
rssm_stochastic,2,9,7,0.03551115468144417,0.1732611358165741,0.023861408233642578,0.235029935836792,0.45788270235061646,1.4315242767333984,0.15199442207813263
rssm_stochastic,2,10,7,0.004333276301622391,0.004981398582458496,0.06370287388563156,0.20345938205718994,0.1689690351486206,1.0121098756790161,0.2387692928314209
rssm_stochastic,2,11,7,0.015844885259866714,0.033338189125061035,0.1456422358751297,0.06048274040222168,0.03682826831936836,2.3615212440490723,0.28539639711380005
rssm_stochastic,2,12,7,0.0011865926207974553,0.025376975536346436,0.005952239036560059,0.1105189323425293,0.5521425604820251,0.5912371873855591,0.19127397239208221
rssm_stochastic,2,13,7,0.008824103511869907,0.06229943037033081,0.027161896228790283,0.3302631378173828,0.3528267741203308,0.9019784331321716,0.14218731224536896
rssm_stochastic,2,14,7,0.02146553248167038,0.04534602165222168,0.12796562910079956,0.4650285243988037,0.009990351274609566,0.8356679677963257,0.19829201698303223
rssm_stochastic,2,15,7,0.009692025370895863,0.001868128776550293,0.10806041955947876,0.2150273323059082,0.1684132218360901,0.4160175621509552,0.19486118853092194
rssm_stochastic,2,16,7,0.00553452642634511,0.010858535766601562,0.02682037651538849,0.3640317916870117,0.0007642521522939205,1.3339195251464844,0.18315790593624115
rssm_stochastic,2,17,7,0.013304054737091064,0.07948727905750275,0.06623178720474243,0.30046939849853516,0.008525881916284561,0.3938082456588745,0.105910524725914
rssm_stochastic,2,18,7,0.002364448504522443,0.01186281442642212,0.004073023796081543,0.2434830665588379,0.04324701800942421,0.5512733459472656,0.17936059832572937
rssm_stochastic,2,19,7,0.0039002688135951757,0.009986519813537598,0.07337640225887299,0.05539500713348389,0.07881857454776764,0.3435118794441223,0.17335133254528046
rssm_stochastic,2,20,7,0.17716288566589355,0.14854741096496582,0.39745330810546875,1.1014233827590942,0.14209453761577606,3.7488512992858887,0.39220473170280457
rssm_stochastic,2,21,7,0.09844857454299927,0.2648466229438782,0.11867773532867432,0.5581132173538208,0.6033584475517273,0.7948863506317139,0.20445628464221954
rssm_stochastic,2,22,7,0.101249098777771,0.25857025384902954,0.19867169857025146,0.1307516098022461,2.2097666263580322,2.3789782524108887,0.20854733884334564
rssm_stochastic,2,23,7,0.04449407383799553,0.12289959192276001,0.06535208225250244,0.8200936317443848,0.0002600375155452639,0.5631700754165649,0.1832200139760971
rssm_stochastic,2,24,7,0.07029005140066147,0.06262433528900146,0.2434777021408081,0.8291153311729431,0.031986936926841736,1.6490150690078735,0.31163543462753296
rssm_stochastic,2,25,7,0.023058617487549782,0.11600416898727417,0.058625757694244385,0.3984098434448242,1.3565762042999268,0.6739126443862915,0.1448080986738205
rssm_stochastic,2,26,7,0.0580095611512661,0.1323484182357788,0.23113715648651123,0.2452068328857422,5.939802169799805,2.623534917831421,0.270183265209198
rssm_stochastic,2,27,7,0.01662447862327099,0.07479715347290039,0.1067647933959961,0.2686901092529297,0.23161882162094116,0.5831899046897888,0.2392069697380066
rssm_stochastic,2,28,7,0.01903332956135273,0.03220266103744507,0.151722252368927,0.24200493097305298,0.12691664695739746,0.8814315795898438,0.17609059810638428
rssm_stochastic,2,29,7,0.012836866080760956,0.03487253189086914,0.04328611493110657,0.5249536037445068,0.013681326061487198,0.40146398544311523,0.20078539848327637
rssm_stochastic,2,30,7,0.0073253256268799305,0.010812044143676758,0.0031974613666534424,0.4403504729270935,0.0017586214235052466,0.25239235162734985,0.19658613204956055
rssm_stochastic,2,31,7,0.017148757353425026,0.1128339171409607,0.03146260976791382,0.2568330764770508,0.5396540760993958,0.9779618382453918,0.20664730668067932
rssm_stochastic,2,0,8,0.09924962371587753,0.1273091435432434,0.3314887285232544,0.41404247283935547,1.44539475440979,1.946495771408081,0.21724344789981842
rssm_stochastic,2,1,8,0.036244552582502365,0.0492703914642334,0.21849173307418823,0.1618185043334961,0.39173561334609985,2.7576122283935547,0.2812272012233734
rssm_stochastic,2,2,8,0.012273154221475124,0.10038113594055176,0.041391097009181976,0.006340384483337402,0.3888733983039856,0.5196744203567505,0.1925908476114273
rssm_stochastic,2,3,8,0.0037105840165168047,0.01418977975845337,0.024678613990545273,0.28788483142852783,0.0003043144242838025,1.7623717784881592,0.30498969554901123
rssm_stochastic,2,4,8,0.006040068808943033,0.04361128807067871,0.07598491758108139,0.007182121276855469,0.1586741805076599,0.3913664221763611,0.21001867949962616
rssm_stochastic,2,5,8,0.014638319611549377,0.05969393253326416,0.04618334770202637,0.49963855743408203,0.6120067238807678,0.847673237323761,0.1812697798013687
rssm_stochastic,2,6,8,0.025766020640730858,0.10491126775741577,0.09593355655670166,0.44538962841033936,0.3970719873905182,1.2351726293563843,0.224023699760437
rssm_stochastic,2,7,8,0.003214112250134349,0.004279434680938721,0.06078813970088959,0.13448786735534668,0.0009762049303390086,0.2267341911792755,0.18826636672019958
rssm_stochastic,2,8,8,0.010132879950106144,0.010797083377838135,0.10592478513717651,0.25136280059814453,0.018514074385166168,0.7511934041976929,0.1794247329235077
rssm_stochastic,2,9,8,0.014552661217749119,0.06949307024478912,0.07021206617355347,0.39774394035339355,0.54050213098526,1.1390573978424072,0.16106237471103668
rssm_stochastic,2,10,8,0.022118018940091133,0.029472291469573975,0.08446216583251953,0.6628299951553345,0.202856183052063,1.3345214128494263,0.2273687869310379
rssm_stochastic,2,11,8,0.01529741007834673,0.06370788812637329,0.10534852743148804,0.2959316372871399,0.861733615398407,1.8934829235076904,0.27660486102104187
rssm_stochastic,2,12,8,0.021284304559230804,0.06615805625915527,0.1112060546875,0.46500539779663086,0.08806456625461578,1.0693769454956055,0.1844652146100998
rssm_stochastic,2,13,8,0.010120704770088196,0.0020633935928344727,0.03217174857854843,0.5037612915039062,0.0032545654103159904,0.476851224899292,0.15519389510154724
rssm_stochastic,2,14,8,0.025425324216485023,0.10894513130187988,0.10656624287366867,0.35198497772216797,0.7396830916404724,1.44343900680542,0.3143298327922821
rssm_stochastic,2,15,8,0.018439609557390213,0.04589492082595825,0.14904415607452393,0.16003894805908203,0.03877876698970795,0.528265655040741,0.1627822369337082
rssm_stochastic,2,16,8,0.004793644417077303,0.02115631103515625,0.0353517085313797,0.30491209030151367,0.895901620388031,0.6669583320617676,0.16635815799236298
rssm_stochastic,2,17,8,0.06917178630828857,0.2371406853199005,0.07432931661605835,0.304628849029541,0.2765265703201294,0.5507446527481079,0.1386042684316635
rssm_stochastic,2,18,8,0.017602266743779182,0.019362986087799072,0.04648204520344734,0.6510109901428223,0.19090422987937927,0.7992597818374634,0.1938878297805786
rssm_stochastic,2,19,8,0.0002959819103125483,0.0010734200477600098,0.0190582275390625,0.0354841947555542,0.061338625848293304,0.7174056768417358,0.18034391105175018
rssm_stochastic,2,20,8,0.2861516773700714,0.1689358949661255,0.4524785876274109,1.760387897491455,0.2561728060245514,8.282266616821289,0.404247522354126
rssm_stochastic,2,21,8,0.16170023381710052,0.2684272527694702,0.2738139033317566,0.9161161184310913,0.9050996899604797,1.8201606273651123,0.3221369981765747
rssm_stochastic,2,22,8,0.09126659482717514,0.2169399857521057,0.23664337396621704,0.1779341697692871,2.2037627696990967,1.6988608837127686,0.21437418460845947
rssm_stochastic,2,23,8,0.04580581188201904,0.04174143075942993,0.008193016052246094,1.087388038635254,1.1324342489242554,0.5482074618339539,0.17848777770996094
rssm_stochastic,2,24,8,0.11013665795326233,0.1211366057395935,0.27921414375305176,1.048140525817871,0.20647519826889038,2.9508771896362305,0.30456846952438354
rssm_stochastic,2,25,8,0.028206264600157738,0.08794796466827393,0.11648112535476685,0.5301108360290527,3.0729596614837646,1.5530762672424316,0.1833484023809433
rssm_stochastic,2,26,8,0.04584455490112305,0.056314051151275635,0.24788834154605865,0.10248279571533203,1.304944396018982,1.8185101747512817,0.25304722785949707
rssm_stochastic,2,27,8,0.028557712212204933,0.09038811922073364,0.1687447726726532,0.05492258071899414,0.3115658164024353,0.6279240250587463,0.21137477457523346
rssm_stochastic,2,28,8,0.013529601506888866,0.04539972543716431,0.11834540963172913,0.2137967050075531,0.33720022439956665,1.0923153162002563,0.17665770649909973
rssm_stochastic,2,29,8,0.010515637695789337,0.04852372407913208,0.10258667171001434,0.14079511165618896,0.7841726541519165,0.9868688583374023,0.21091993153095245
rssm_stochastic,2,30,8,0.00385175459086895,0.0041283369064331055,0.05924731492996216,0.19679659605026245,0.014877072535455227,0.8153998851776123,0.19095419347286224
rssm_stochastic,2,31,8,0.0020386313553899527,0.020659029483795166,0.03994840383529663,0.11361885070800781,0.042768798768520355,1.0233664512634277,0.25086164474487305
rssm_stochastic,2,0,9,0.08452647179365158,0.0837322473526001,0.2946670949459076,0.6872038841247559,1.2373405694961548,0.8031134009361267,0.2764970064163208
rssm_stochastic,2,1,9,0.014810246415436268,0.06247824430465698,0.1071845293045044,0.2680678367614746,0.5310907959938049,1.5245800018310547,0.24701228737831116
rssm_stochastic,2,2,9,0.008660823106765747,0.025859832763671875,0.06704621762037277,0.36184003949165344,0.013974468223750591,0.30788475275039673,0.19430159032344818
rssm_stochastic,2,3,9,0.0008023765403777361,0.00036603212356567383,0.03422112762928009,0.008268594741821289,0.013946748338639736,0.3423180878162384,0.2275591343641281
rssm_stochastic,2,4,9,0.022493883967399597,0.13408035039901733,0.06247641146183014,0.024070262908935547,0.9150766134262085,1.0040552616119385,0.21132977306842804
rssm_stochastic,2,5,9,0.0075341821648180485,0.01678985357284546,0.04332718253135681,0.4003157615661621,0.9342647194862366,0.390899658203125,0.13769052922725677
rssm_stochastic,2,6,9,0.00852534081786871,0.06292915344238281,0.04345482587814331,0.2783561944961548,0.16362565755844116,3.516401767730713,0.2651558220386505
rssm_stochastic,2,7,9,0.0025183300022035837,0.017861902713775635,0.02231663465499878,0.22196495532989502,0.2047591507434845,0.9614257216453552,0.22596776485443115
rssm_stochastic,2,8,9,0.015642330050468445,0.05183464288711548,0.06743106245994568,0.5082359313964844,0.2888820469379425,0.7705572843551636,0.15661177039146423
rssm_stochastic,2,9,9,0.014519933611154556,0.09201370924711227,0.01915431022644043,0.3650636672973633,0.3726460337638855,0.9467791318893433,0.19524429738521576
rssm_stochastic,2,10,9,0.008807641454041004,0.015244901180267334,0.11149555444717407,0.04112422466278076,3.6416176953935064e-06,1.5691018104553223,0.29295018315315247
rssm_stochastic,2,11,9,0.006289586424827576,0.025039196014404297,0.08981975167989731,0.049198925495147705,0.2891424894332886,2.078935146331787,0.2763594090938568
rssm_stochastic,2,12,9,0.017550842836499214,0.0025591254234313965,0.15963149070739746,0.06203794479370117,0.07009660452604294,1.2181304693222046,0.25319719314575195
rssm_stochastic,2,13,9,0.002608964219689369,0.005868315696716309,0.05071672797203064,0.14822125434875488,0.10620588809251785,0.4239100515842438,0.19115418195724487
rssm_stochastic,2,14,9,0.010967633686959743,0.012414336204528809,0.05545786768198013,0.48433756828308105,0.6561501026153564,2.7861719131469727,0.333814412355423
rssm_stochastic,2,15,9,0.00036001953412778676,0.015300273895263672,0.003078758716583252,0.050785064697265625,0.10150151699781418,0.6431263089179993,0.2127993404865265
rssm_stochastic,2,16,9,0.0031162125524133444,0.042341530323028564,0.031740158796310425,0.11053705215454102,0.023815765976905823,0.6697956919670105,0.140517458319664
rssm_stochastic,2,17,9,0.009982162155210972,0.08461982011795044,0.043392717838287354,0.14754915237426758,0.037840068340301514,0.7308002710342407,0.2437637746334076
rssm_stochastic,2,18,9,0.005370485130697489,0.050131380558013916,0.01873217523097992,0.2523975372314453,0.27596315741539,0.37280014157295227,0.1924193948507309
rssm_stochastic,2,19,9,0.0036326132249087095,0.019154608249664307,0.016490042209625244,0.28646835684776306,0.00279057864099741,2.2471060752868652,0.27701494097709656
rssm_stochastic,2,20,9,0.411693811416626,0.23254913091659546,0.5077919363975525,2.178936004638672,0.3720364570617676,11.14084529876709,0.4908080995082855
rssm_stochastic,2,21,9,0.1769881397485733,0.274485319852829,0.2544926404953003,1.1583871841430664,1.9922534227371216,4.042485237121582,0.39024126529693604
rssm_stochastic,2,22,9,0.058042366057634354,0.10269409418106079,0.23558077216148376,0.47951316833496094,1.954664707183838,1.7112982273101807,0.2187509983778
rssm_stochastic,2,23,9,0.016421018168330193,0.05382651090621948,0.0010619759559631348,0.5973057746887207,0.24463416635990143,0.4893876910209656,0.25830134749412537
rssm_stochastic,2,24,9,0.07110712677240372,0.05376017093658447,0.16451150178909302,1.1547677516937256,0.16349297761917114,2.96083927154541,0.33635517954826355
rssm_stochastic,2,25,9,0.028672389686107635,0.06202864646911621,0.18284635245800018,0.20794153213500977,3.1652185916900635,1.1713799238204956,0.17238689959049225
rssm_stochastic,2,26,9,0.03754677250981331,0.05616879463195801,0.20257657766342163,0.40387582778930664,2.951777696609497,2.0656654834747314,0.22774170339107513
rssm_stochastic,2,27,9,0.01725856028497219,0.10832387208938599,0.0709891989827156,0.15485763549804688,2.6599791049957275,0.955650806427002,0.2263505458831787
rssm_stochastic,2,28,9,0.030187584459781647,0.03375709056854248,0.17305707931518555,0.47827088832855225,0.0017000868683680892,1.4984134435653687,0.1848222315311432
rssm_stochastic,2,29,9,0.023575052618980408,0.0528261661529541,0.09137427806854248,0.6317781209945679,0.42207932472229004,0.3213548958301544,0.263092041015625
rssm_stochastic,2,30,9,0.007192468736320734,0.0009071826934814453,0.03809741139411926,0.4089394211769104,0.0026398226618766785,0.9374910593032837,0.17411905527114868
rssm_stochastic,2,31,9,0.0015468389028683305,0.004853606224060059,0.04473721981048584,0.06448632478713989,0.04056726023554802,0.2996109127998352,0.26099592447280884
rssm_stochastic,2,0,10,0.0837114155292511,0.00864487886428833,0.25070643424987793,1.0478277206420898,0.6154389381408691,1.0503828525543213,0.2697915732860565
rssm_stochastic,2,1,10,0.05685293674468994,0.1972280740737915,0.048256099224090576,0.5784339904785156,2.3212759494781494,0.6986011862754822,0.18799829483032227
rssm_stochastic,2,2,10,0.0021509695798158646,0.029280543327331543,0.009570332244038582,0.1756419539451599,0.005816983059048653,0.6222202777862549,0.21433772146701813
rssm_stochastic,2,3,10,0.0038793154526501894,0.04183095693588257,0.04419882595539093,0.1290438175201416,0.31234243512153625,0.5180804133415222,0.18075965344905853
rssm_stochastic,2,4,10,0.04285198077559471,0.15825974941253662,0.12967151403427124,0.31908082962036133,0.269435316324234,2.182304859161377,0.17412394285202026
rssm_stochastic,2,5,10,0.008264289237558842,0.04334479570388794,0.06375205516815186,0.3036642074584961,0.8548545241355896,0.2988567650318146,0.13641662895679474
rssm_stochastic,2,6,10,0.034308839589357376,0.15138745307922363,0.10726386308670044,0.18003368377685547,0.653420627117157,3.2755439281463623,0.24284914135932922
rssm_stochastic,2,7,10,0.0036520592402666807,0.009493410587310791,0.07158409059047699,0.038009822368621826,0.23258642852306366,1.2034963369369507,0.17789265513420105
rssm_stochastic,2,8,10,0.02429145574569702,0.029501020908355713,0.11469393968582153,0.622112512588501,0.13468033075332642,0.8856139779090881,0.23978781700134277
rssm_stochastic,2,9,10,0.025796053931117058,0.09831768274307251,0.13514983654022217,0.2685093879699707,0.6253550052642822,1.0678400993347168,0.1866699904203415
rssm_stochastic,2,10,10,0.008399824611842632,0.03985166549682617,0.09733305871486664,0.06982588768005371,0.2858749330043793,1.2979921102523804,0.2870989441871643
rssm_stochastic,2,11,10,0.019391780719161034,0.022781312465667725,0.16317519545555115,0.13116693496704102,0.003154906677082181,1.2171260118484497,0.21940895915031433
rssm_stochastic,2,12,10,0.02896588295698166,0.030229151248931885,0.11987602710723877,0.6995837688446045,0.5779743790626526,1.0356487035751343,0.27729731798171997
rssm_stochastic,2,13,10,0.007765080779790878,0.05467832088470459,0.04947824776172638,0.2747769355773926,0.00100943841971457,0.49885547161102295,0.2183258980512619
rssm_stochastic,2,14,10,0.019291194155812263,0.004357695579528809,0.01230582594871521,0.7189905643463135,0.7743062376976013,0.6995777487754822,0.3285985291004181
rssm_stochastic,2,15,10,0.013129197061061859,0.05985444784164429,0.03945063054561615,0.4679579734802246,1.009045958518982,0.3279949128627777,0.15275228023529053
rssm_stochastic,2,16,10,0.007736489176750183,0.017222881317138672,0.08131527900695801,0.2794027328491211,0.003261533100157976,0.5454463362693787,0.15086877346038818
rssm_stochastic,2,17,10,0.015876982361078262,0.10579085350036621,0.03383225202560425,0.2730717658996582,0.13234493136405945,0.44056445360183716,0.19044828414916992
rssm_stochastic,2,18,10,0.00798007007688284,0.06592482328414917,0.064994215965271,0.09101390838623047,0.00023963168496266007,0.48313936591148376,0.19498693943023682
rssm_stochastic,2,19,10,0.007087816018611193,0.0772666335105896,0.024250566959381104,0.054111987352371216,0.2541618347167969,1.9241405725479126,0.21721109747886658
rssm_stochastic,2,20,10,0.3863041400909424,0.2179076075553894,0.4776836037635803,2.192129373550415,0.2914777398109436,12.365558624267578,0.6029527187347412
rssm_stochastic,2,21,10,0.3172483742237091,0.41107356548309326,0.25750744342803955,1.521130084991455,3.7393343448638916,5.592267036437988,0.4667670726776123
rssm_stochastic,2,22,10,0.056719426065683365,0.046095073223114014,0.2719045877456665,0.3240232467651367,0.9585607051849365,1.6737525463104248,0.23413246870040894
rssm_stochastic,2,23,10,0.028677381575107574,0.008942186832427979,0.17241008579730988,0.47287845611572266,1.524859070777893,0.7486667633056641,0.21551631391048431
rssm_stochastic,2,24,10,0.09560000151395798,0.16760969161987305,0.1785033941268921,1.075534462928772,0.49162426590919495,2.3092973232269287,0.36356449127197266
rssm_stochastic,2,25,10,0.0229684766381979,0.0004341006278991699,0.18338589370250702,0.009337425231933594,0.0034575220197439194,0.3632242679595947,0.2051328420639038
rssm_stochastic,2,26,10,0.054059237241744995,0.12045836448669434,0.18426227569580078,0.6336607933044434,2.5268664360046387,1.4719271659851074,0.2675662338733673
rssm_stochastic,2,27,10,0.02368934266269207,0.11303597688674927,0.03159087896347046,0.49077844619750977,0.6070955395698547,0.7142056822776794,0.23572155833244324
rssm_stochastic,2,28,10,0.019040338695049286,0.028132975101470947,0.10007883608341217,0.5527664422988892,0.03180241957306862,1.4929368495941162,0.2869502604007721
rssm_stochastic,2,29,10,0.016719628125429153,0.017095446586608887,0.13247999548912048,0.3449845314025879,0.05870745703577995,2.193424701690674,0.2461356520652771
rssm_stochastic,2,30,10,0.011040665209293365,0.0374683141708374,0.048627614974975586,0.4609869122505188,0.032079897820949554,0.5557626485824585,0.1707988679409027
rssm_stochastic,2,31,10,0.015835775062441826,0.0060700178146362305,0.13004961609840393,0.33840328454971313,0.016171380877494812,0.262817919254303,0.19364404678344727
rssm_stochastic,2,0,11,0.0941278338432312,0.11705362796783447,0.19376061856746674,1.2000465393066406,6.445734024047852,1.6269848346710205,0.28829702734947205
rssm_stochastic,2,1,11,0.021750090643763542,0.03768470883369446,0.006712734699249268,0.7372851371765137,0.6026423573493958,0.9696978330612183,0.24032968282699585
rssm_stochastic,2,2,11,0.004756156820803881,0.06432604789733887,4.174560308456421e-05,0.07293674349784851,0.25878188014030457,0.5769850015640259,0.17826609313488007
rssm_stochastic,2,3,11,0.0007793658296577632,0.004711508750915527,0.0030078887939453125,0.1421053409576416,0.05428890883922577,0.6851009726524353,0.1515073925256729
rssm_stochastic,2,4,11,0.06747011095285416,0.19443833827972412,0.19255423545837402,0.11588287353515625,0.533297598361969,1.6869195699691772,0.2226199209690094
rssm_stochastic,2,5,11,0.00878135021775961,0.027988314628601074,0.05809295177459717,0.3891119956970215,0.8809494972229004,0.24406635761260986,0.14671844244003296
rssm_stochastic,2,6,11,0.010970301926136017,0.03554582595825195,0.08376991748809814,0.35929131507873535,0.017588026821613312,2.2797577381134033,0.21468079090118408
rssm_stochastic,2,7,11,0.002962367841973901,0.05066657066345215,0.011932075023651123,0.03150910139083862,0.857721745967865,0.6903855800628662,0.18779568374156952
rssm_stochastic,2,8,11,0.02466484159231186,0.040945470333099365,0.15399104356765747,0.4226999282836914,0.026391498744487762,0.9115590453147888,0.1978345364332199
rssm_stochastic,2,9,11,0.03889869153499603,0.07731056213378906,0.1636878252029419,0.6148595809936523,0.9872975945472717,0.6856353282928467,0.2271498441696167
rssm_stochastic,2,10,11,0.031680021435022354,0.08442455530166626,0.1835590898990631,0.14860355854034424,1.0411344766616821,0.7121561765670776,0.2856599688529968
rssm_stochastic,2,11,11,0.01111235935240984,0.019298672676086426,0.07800618559122086,0.4202061891555786,0.13335643708705902,0.750444233417511,0.24995774030685425
rssm_stochastic,2,12,11,0.014302343130111694,0.005670219659805298,0.04533374309539795,0.5890169143676758,0.416272908449173,1.003530740737915,0.2310619056224823
rssm_stochastic,2,13,11,0.008954759687185287,0.04521679878234863,0.05326545238494873,0.3584808111190796,0.15982502698898315,1.457730770111084,0.17712225019931793
rssm_stochastic,2,14,11,0.012694277800619602,0.08019965887069702,0.019389837980270386,0.3798973560333252,0.006965228822082281,0.8618286848068237,0.24870941042900085
rssm_stochastic,2,15,11,0.004633333068341017,0.0351790189743042,0.04299032688140869,0.23270511627197266,0.06924552470445633,0.38500767946243286,0.18845833837985992
rssm_stochastic,2,16,11,0.015067378990352154,0.04500991106033325,0.10639393329620361,0.3710799217224121,0.004858389496803284,0.6488170027732849,0.12009230256080627
rssm_stochastic,2,17,11,0.01972314901649952,0.1021270751953125,0.10763046145439148,0.09309101104736328,0.5574004054069519,0.765570878982544,0.1742493212223053
rssm_stochastic,2,18,11,0.013271990232169628,0.050088465213775635,0.11538559198379517,0.19544315338134766,6.425036553991958e-05,1.239995002746582,0.13417120277881622
rssm_stochastic,2,19,11,0.004352772608399391,0.00985020399093628,0.014994323253631592,0.33222609758377075,0.0010830281535163522,0.446643590927124,0.22774049639701843
rssm_stochastic,2,20,11,0.6317614912986755,0.21711063385009766,0.6725476384162903,2.703306198120117,0.5792745351791382,19.39838409423828,0.6694533228874207
rssm_stochastic,2,21,11,0.3219064772129059,0.4427655339241028,0.15151727199554443,1.560070514678955,6.461688995361328,8.616629600524902,0.5398079752922058
rssm_stochastic,2,22,11,0.06055544316768646,0.056476891040802,0.26273059844970703,0.5168571472167969,4.220419883728027,2.7523488998413086,0.23772799968719482
rssm_stochastic,2,23,11,0.026462262496352196,0.06385958194732666,0.1732328087091446,0.1995692253112793,0.6233211755752563,1.930600881576538,0.17783372104167938
rssm_stochastic,2,24,11,0.13736432790756226,0.2406863570213318,0.21355831623077393,1.0693233013153076,1.38993501663208,4.972224235534668,0.4045069217681885
rssm_stochastic,2,25,11,0.035818397998809814,0.09528052806854248,0.1874658167362213,0.22143077850341797,1.2006322145462036,0.8156225681304932,0.18861688673496246
rssm_stochastic,2,26,11,0.06831265240907669,0.1632567048072815,0.16470330953598022,0.742185115814209,2.837740182876587,1.2119289636611938,0.23075276613235474
rssm_stochastic,2,27,11,0.040350425988435745,0.14037549495697021,0.04302096366882324,0.6845784187316895,1.1050853729248047,0.6094788312911987,0.24132594466209412
rssm_stochastic,2,28,11,0.02571433037519455,0.01345735788345337,0.1183321624994278,0.6559466123580933,0.029267262667417526,0.5508337616920471,0.21220295131206512
rssm_stochastic,2,29,11,0.0041541350074112415,0.004052937030792236,0.013908803462982178,0.32861781120300293,0.0748053640127182,2.2382001876831055,0.2806803584098816
rssm_stochastic,2,30,11,0.0069308835081756115,0.024308085441589355,0.028612256050109863,0.3928053379058838,0.055338747799396515,0.9873210191726685,0.1847759187221527
rssm_stochastic,2,31,11,0.013906045816838741,0.032501041889190674,0.07625991106033325,0.4863755702972412,0.07395537942647934,0.475503146648407,0.1660749763250351
rssm_stochastic,2,0,12,0.05671088770031929,0.010733544826507568,0.18621721863746643,0.9420504570007324,2.037652015686035,1.561826467514038,0.28011468052864075
rssm_stochastic,2,1,12,0.040136128664016724,0.03409406542778015,0.023943603038787842,1.0185317993164062,0.35560739040374756,0.9034574031829834,0.21724176406860352
rssm_stochastic,2,2,12,0.006645298097282648,0.017293214797973633,0.021212927997112274,0.4025610685348511,0.013849833980202675,0.954579770565033,0.20927639305591583
rssm_stochastic,2,3,12,0.006383968982845545,0.033371150493621826,0.009313851594924927,0.3707984685897827,0.001228262553922832,0.2890279293060303,0.1411716490983963
rssm_stochastic,2,4,12,0.05793263018131256,0.18626916408538818,0.15135198831558228,0.33103227615356445,0.8066999316215515,1.6874905824661255,0.27243271470069885
rssm_stochastic,2,5,12,0.006002625450491905,0.03784388303756714,0.015095889568328857,0.3393254280090332,0.20255476236343384,1.8446215391159058,0.17787064611911774
rssm_stochastic,2,6,12,0.03994878754019737,0.1613672971725464,0.1267867088317871,0.08730173110961914,0.8905586004257202,3.0648858547210693,0.245627298951149
rssm_stochastic,2,7,12,0.0036651946138590574,0.04236394166946411,0.048136740922927856,0.0533575713634491,0.602008044719696,0.4337182939052582,0.2008754312992096
rssm_stochastic,2,8,12,0.008140362799167633,0.017255842685699463,0.10694187879562378,0.008471012115478516,0.24950291216373444,1.234349012374878,0.19831204414367676
rssm_stochastic,2,9,12,0.05082519352436066,0.11696237325668335,0.22843211889266968,0.0569148063659668,1.5737903118133545,0.8950274586677551,0.26314058899879456
rssm_stochastic,2,10,12,0.0290386900305748,0.10389071702957153,0.13607503473758698,0.34849047660827637,1.5766150951385498,0.6990740299224854,0.2940385341644287
rssm_stochastic,2,11,12,0.008133416064083576,0.024219512939453125,0.03566277027130127,0.4225054979324341,0.3043872117996216,0.33796462416648865,0.20904351770877838
rssm_stochastic,2,12,12,0.024489494040608406,0.05156278610229492,0.040376901626586914,0.7426118850708008,0.2330484241247177,1.1745367050170898,0.24682077765464783
rssm_stochastic,2,13,12,0.012039330787956715,0.029094398021697998,0.04982374608516693,0.5038235187530518,0.2599465548992157,1.2005953788757324,0.2092917561531067
rssm_stochastic,2,14,12,0.02494393102824688,0.1098252534866333,0.05444216728210449,0.5096621513366699,0.12175405770540237,2.1541740894317627,0.26468634605407715
rssm_stochastic,2,15,12,0.008973347954452038,0.02667301893234253,0.03383803367614746,0.4469785690307617,0.06331997364759445,0.4482532739639282,0.17731061577796936
rssm_stochastic,2,16,12,0.012547910213470459,0.06376144289970398,0.0900755524635315,0.2611265182495117,0.008974747732281685,0.8868029713630676,0.1855747252702713
rssm_stochastic,2,17,12,0.028071328997612,0.08051353693008423,0.1352238655090332,0.4771866798400879,0.9182065725326538,0.5478969812393188,0.22305616736412048
rssm_stochastic,2,18,12,0.02352283149957657,0.07432764768600464,0.15499508380889893,0.16677308082580566,0.18642108142375946,1.4472028017044067,0.17544282972812653
rssm_stochastic,2,19,12,0.014703057706356049,0.019037246704101562,0.07576636970043182,0.5292057991027832,0.0017964160069823265,0.5786268711090088,0.1953210085630417
rssm_stochastic,2,20,12,1.098695993423462,0.40809112787246704,0.9123563170433044,3.0583372116088867,3.0798912048339844,29.086153030395508,0.749204695224762
rssm_stochastic,2,21,12,0.623539388179779,0.7167415618896484,0.006108760833740234,1.2455215454101562,12.968230247497559,13.742191314697266,0.6031627655029297
rssm_stochastic,2,22,12,0.10997433215379715,0.17326432466506958,0.07755875587463379,1.4011578559875488,9.392755508422852,1.8310197591781616,0.21407362818717957
rssm_stochastic,2,23,12,0.08465803414583206,0.17031508684158325,0.270497590303421,0.27156877517700195,1.3057811260223389,2.9114513397216797,0.1911749392747879
rssm_stochastic,2,24,12,0.2331334799528122,0.3433932960033417,0.26853644847869873,1.206514596939087,2.2910523414611816,5.907198905944824,0.4605134129524231
rssm_stochastic,2,25,12,0.024677088484168053,0.1039278507232666,0.13578641414642334,0.07088804244995117,0.7573362588882446,0.7652851939201355,0.20614178478717804
rssm_stochastic,2,26,12,0.0716140940785408,0.15023326873779297,0.00686490535736084,1.122474193572998,2.9913411140441895,0.7616736888885498,0.29257702827453613
rssm_stochastic,2,27,12,0.006806510966271162,0.007755398750305176,0.01970696449279785,0.41789674758911133,0.08676949888467789,0.8564055562019348,0.26314178109169006
rssm_stochastic,2,28,12,0.008303648792207241,0.0030335187911987305,0.046026259660720825,0.42972952127456665,0.019916726276278496,1.2504173517227173,0.18572154641151428
rssm_stochastic,2,29,12,0.015172865241765976,0.008309781551361084,0.14747175574302673,0.08143448829650879,0.053493235260248184,1.9067304134368896,0.24496766924858093
rssm_stochastic,2,30,12,0.03893958404660225,0.013051927089691162,0.028020285069942474,1.0152404308319092,0.12806212902069092,1.511460542678833,0.17502160370349884
rssm_stochastic,2,31,12,0.021171115338802338,0.025503039360046387,0.1436193883419037,0.41447293758392334,0.008109471760690212,0.5732404589653015,0.15911386907100677
rssm_stochastic,2,0,13,0.05357898771762848,0.05770319700241089,0.08740878105163574,1.097914218902588,2.5761797428131104,1.300864577293396,0.29072514176368713
rssm_stochastic,2,1,13,0.025433070957660675,0.09385377168655396,0.04684174060821533,0.6195094585418701,0.30342382192611694,1.1017820835113525,0.23528189957141876
rssm_stochastic,2,2,13,0.006034685764461756,0.02807307243347168,0.029176101088523865,0.3516594469547272,0.03888513520359993,0.3303189277648926,0.18611735105514526
rssm_stochastic,2,3,13,0.0017193155363202095,0.013767838478088379,0.04510211944580078,0.057218074798583984,0.0028323973529040813,0.3730733394622803,0.14541906118392944
rssm_stochastic,2,4,13,0.011210094206035137,0.08370489627122879,0.07004517316818237,0.061498165130615234,0.060446955263614655,1.994069218635559,0.24190662801265717
rssm_stochastic,2,5,13,0.026826875284314156,0.02592170238494873,0.04240894317626953,0.818812370300293,0.2421809434890747,0.861298680305481,0.18116052448749542
rssm_stochastic,2,6,13,0.06373462080955505,0.22802716493606567,0.07518595457077026,0.26413625478744507,1.7919104099273682,2.256239891052246,0.22259174287319183
rssm_stochastic,2,7,13,0.005140401888638735,0.03935670852661133,0.024411410093307495,0.28572380542755127,0.05916958302259445,0.1627013236284256,0.18483491241931915
rssm_stochastic,2,8,13,0.016854627057909966,0.02459651231765747,0.13872820138931274,0.28662288188934326,0.018332207575440407,0.7035843133926392,0.20906014740467072
rssm_stochastic,2,9,13,0.025737931951880455,0.09808540344238281,0.14224863052368164,0.18872642517089844,1.9828453063964844,0.7545844912528992,0.23414820432662964
rssm_stochastic,2,10,13,0.012499462813138962,0.0060533881187438965,0.1348910629749298,0.030255794525146484,0.16728171706199646,0.6891201138496399,0.26717036962509155
rssm_stochastic,2,11,13,0.02067597582936287,0.01542752981185913,0.01198604702949524,0.7402236461639404,0.31788963079452515,0.8712341785430908,0.21505963802337646
rssm_stochastic,2,12,13,0.03144829347729683,0.07474592328071594,0.17263925075531006,0.365032434463501,0.022107506170868874,1.7489979267120361,0.2468366026878357
rssm_stochastic,2,13,13,0.03446793183684349,0.04819303750991821,0.0971241295337677,0.8287826180458069,0.3636983335018158,0.8062124848365784,0.21880273520946503
rssm_stochastic,2,14,13,0.014370563440024853,0.06463277339935303,0.09718060493469238,0.2991945743560791,0.09987467527389526,2.0010294914245605,0.29208484292030334
rssm_stochastic,2,15,13,0.024352343752980232,0.06411731243133545,0.1099010705947876,0.558741569519043,0.0002417326031718403,1.4180660247802734,0.1900019496679306
rssm_stochastic,2,16,13,0.019511688500642776,0.06718136370182037,0.11832451820373535,0.36643409729003906,0.002086056862026453,1.1490119695663452,0.24928146600723267
rssm_stochastic,2,17,13,0.0063124485313892365,0.06636333465576172,0.04624179005622864,0.0006151199340820312,0.03165191411972046,0.4228783845901489,0.22196923196315765
rssm_stochastic,2,18,13,0.010632935911417007,0.04899466037750244,0.033955395221710205,0.44069671630859375,0.3415369391441345,1.8906434774398804,0.19340771436691284
rssm_stochastic,2,19,13,0.008402210660278797,0.02589935064315796,0.08594802021980286,0.265765905380249,0.001277135917916894,0.2999790906906128,0.19370725750923157
rssm_stochastic,2,20,13,1.323969841003418,0.4966461658477783,0.9231080412864685,3.5616042613983154,4.962454795837402,29.90039825439453,0.9444972276687622
rssm_stochastic,2,21,13,0.6242715716362,0.7026859521865845,0.03494453430175781,1.4635987281799316,16.40793228149414,23.919198989868164,0.6738970875740051
rssm_stochastic,2,22,13,0.10033014416694641,0.09968012571334839,0.08511382341384888,1.5090770721435547,5.32384729385376,2.08777117729187,0.2822228968143463
rssm_stochastic,2,23,13,0.14877548813819885,0.30542922019958496,0.2546420693397522,0.21517276763916016,3.4460811614990234,2.624481201171875,0.2912573516368866
rssm_stochastic,2,24,13,0.32724353671073914,0.4408242404460907,0.19924521446228027,1.5232877731323242,5.1469807624816895,7.149997711181641,0.5413019061088562
rssm_stochastic,2,25,13,0.01904040388762951,0.06295976042747498,0.145257830619812,0.08450031280517578,0.10075182467699051,0.420044869184494,0.2238418608903885
rssm_stochastic,2,26,13,0.055435772985219955,0.11542825400829315,0.161598801612854,0.7863044738769531,0.9520377516746521,0.9479807615280151,0.28261736035346985
rssm_stochastic,2,27,13,0.009379488416016102,0.01076972484588623,0.046225130558013916,0.45844602584838867,0.08604203909635544,0.6277292966842651,0.19753551483154297
rssm_stochastic,2,28,13,0.02856743335723877,0.04625898599624634,0.06562578678131104,0.7922005653381348,0.12528973817825317,1.6569435596466064,0.19301456212997437
rssm_stochastic,2,29,13,0.010331391356885433,0.035234689712524414,0.10932010412216187,0.14713990688323975,0.15241731703281403,1.4998106956481934,0.18485984206199646
rssm_stochastic,2,30,13,0.03385872766375542,0.00010770559310913086,0.07098846137523651,0.905752420425415,0.1823689490556717,1.2866615056991577,0.2540436387062073
rssm_stochastic,2,31,13,0.02137680910527706,0.11035650968551636,0.08493953943252563,0.2859763503074646,0.37931522727012634,0.5674221515655518,0.17324095964431763
rssm_stochastic,2,0,14,0.0505339689552784,0.10613745450973511,0.09032255411148071,0.9369864463806152,1.6520065069198608,3.8436391353607178,0.3180069327354431
rssm_stochastic,2,1,14,0.03657514229416847,0.08644082397222519,0.11541426181793213,0.720486044883728,0.03830079734325409,0.8948573470115662,0.21012628078460693
rssm_stochastic,2,2,14,0.004931276198476553,0.03772330284118652,0.005275756120681763,0.3003360331058502,0.03835027292370796,0.6019826531410217,0.19634199142456055
rssm_stochastic,2,3,14,0.005205405410379171,0.05689209699630737,0.042191267013549805,0.10690605640411377,0.0993422269821167,0.33564066886901855,0.142047718167305
rssm_stochastic,2,4,14,0.012927650474011898,0.09387049078941345,0.05239444971084595,0.19044113159179688,0.10620588809251785,1.6780375242233276,0.28253114223480225
rssm_stochastic,2,5,14,0.04244968667626381,0.042100369930267334,0.012944638729095459,1.043623924255371,1.105390191078186,0.6391623020172119,0.20668506622314453
rssm_stochastic,2,6,14,0.06092149019241333,0.2350572943687439,0.0026885271072387695,0.03368714451789856,2.0382416248321533,2.6550331115722656,0.2653006613254547
rssm_stochastic,2,7,14,0.0006494231638498604,0.0056757330894470215,0.029462695121765137,0.023894663900136948,0.07883678376674652,0.5728274583816528,0.2070467174053192
rssm_stochastic,2,8,14,0.012309457175433636,0.03189188241958618,0.11785662174224854,0.2143625020980835,0.007471723482012749,1.1506822109222412,0.2797259986400604
rssm_stochastic,2,9,14,0.00963803380727768,0.04684537649154663,0.10110349953174591,0.0804605484008789,0.04930480569601059,0.6880666017532349,0.19705677032470703
rssm_stochastic,2,10,14,0.028951480984687805,0.08076250553131104,0.1745300590991974,0.16129136085510254,0.6782326102256775,1.0927472114562988,0.25091224908828735
rssm_stochastic,2,11,14,0.014692083932459354,0.01084047555923462,0.00791129469871521,0.6257905960083008,0.037328679114580154,0.9100512862205505,0.22678020596504211
rssm_stochastic,2,12,14,0.017587602138519287,0.0858462005853653,0.06368809938430786,0.4250391721725464,0.0455402247607708,2.1062169075012207,0.30491816997528076
rssm_stochastic,2,13,14,0.028116649016737938,0.01496213674545288,0.18964017927646637,0.2988695502281189,0.13184580206871033,1.7239938974380493,0.2676543891429901
rssm_stochastic,2,14,14,0.0050526452250778675,0.05247783660888672,0.04741889238357544,0.11413788795471191,0.19587725400924683,1.466112494468689,0.24970674514770508
rssm_stochastic,2,15,14,0.03232636675238609,0.1624125838279724,0.055833637714385986,0.1750011444091797,1.1030241250991821,1.107641577720642,0.215744748711586
rssm_stochastic,2,16,14,0.010105297900736332,0.08230870962142944,0.059877097606658936,0.07213163375854492,0.20507429540157318,0.723506510257721,0.23182255029678345
rssm_stochastic,2,17,14,0.007195991929620504,0.0045318603515625,0.0999177098274231,0.09798002243041992,0.5485683083534241,0.5549737215042114,0.19205208122730255
rssm_stochastic,2,18,14,0.02400011010468006,0.12583154439926147,0.04124408960342407,0.3814082145690918,0.32091057300567627,1.3500343561172485,0.23368963599205017
rssm_stochastic,2,19,14,0.010578400455415249,0.0028328299522399902,0.12422151863574982,0.029501013457775116,0.04676053300499916,1.0267966985702515,0.19559215009212494
rssm_stochastic,2,20,14,2.731806516647339,0.8439844846725464,1.2387837171554565,4.924367904663086,11.05335807800293,30.66520881652832,1.0596489906311035
rssm_stochastic,2,21,14,0.7116284966468811,0.7056535482406616,0.33199745416641235,1.5383415222167969,26.35431671142578,33.23201370239258,0.7573782801628113
rssm_stochastic,2,22,14,0.07817137241363525,0.09368035197257996,0.0002619028091430664,1.3592524528503418,3.053279399871826,1.5166584253311157,0.3378864824771881
rssm_stochastic,2,23,14,0.17897075414657593,0.3577110171318054,0.19235312938690186,0.5858731269836426,4.127762794494629,4.386621952056885,0.2838127613067627
rssm_stochastic,2,24,14,0.42519307136535645,0.5304808020591736,0.18455207347869873,1.574265480041504,8.004612922668457,14.300278663635254,0.5942740440368652
rssm_stochastic,2,25,14,0.012970003299415112,0.08382180333137512,0.0035322904586791992,0.3752317428588867,0.4115197956562042,1.4793630838394165,0.20461028814315796
rssm_stochastic,2,26,14,0.04058809205889702,0.07059376686811447,0.12127888202667236,0.822019100189209,0.47450700402259827,1.043920874595642,0.2881281077861786
rssm_stochastic,2,27,14,0.0335860438644886,0.012191802263259888,0.035720109939575195,0.936978816986084,0.3745492398738861,1.032822608947754,0.2224966436624527
rssm_stochastic,2,28,14,0.017677895724773407,0.03169065713882446,0.08599434792995453,0.5574473142623901,0.00444011390209198,1.021113634109497,0.22950148582458496
rssm_stochastic,2,29,14,0.007497737184166908,0.04730957746505737,0.08234363794326782,0.10407772660255432,0.29647544026374817,0.759394645690918,0.17023004591464996
rssm_stochastic,2,30,14,0.03099866770207882,0.012468993663787842,0.0944121927022934,0.8168686628341675,0.5333073735237122,0.8981690406799316,0.29140645265579224
rssm_stochastic,2,31,14,0.017847714945673943,0.00464397668838501,0.139006108045578,0.3533443808555603,0.0002849999873433262,0.7281574010848999,0.1953362673521042
rssm_stochastic,2,0,15,0.061508506536483765,0.01531258225440979,0.028911828994750977,1.279287576675415,1.4878654479980469,3.425118923187256,0.30749034881591797
rssm_stochastic,2,1,15,0.031618211418390274,0.07701238989830017,0.1462969183921814,0.5313621759414673,0.17130444943904877,1.71596097946167,0.20643913745880127
rssm_stochastic,2,2,15,0.003407691838219762,0.026962995529174805,0.033677488565444946,0.22229844331741333,0.09209094196557999,0.7028441429138184,0.23178409039974213
rssm_stochastic,2,3,15,0.002375275595113635,0.03783529996871948,0.02921926975250244,0.0761646032333374,0.1304319202899933,0.26293349266052246,0.1396992802619934
rssm_stochastic,2,4,15,0.007622448727488518,0.018092453479766846,0.09730130434036255,0.1465907096862793,0.037604741752147675,1.0628422498703003,0.21343857049942017
rssm_stochastic,2,5,15,0.046795476227998734,0.06760746240615845,0.08145087957382202,1.0020513534545898,1.5408828258514404,0.3756917715072632,0.2565462589263916
rssm_stochastic,2,6,15,0.051559269428253174,0.20751160383224487,0.055535078048706055,0.23284369707107544,1.6639227867126465,3.2252840995788574,0.26637810468673706
rssm_stochastic,2,7,15,0.0024238552432507277,0.03418534994125366,0.040775567293167114,0.005007494240999222,0.14613862335681915,0.6199101805686951,0.16985221207141876
rssm_stochastic,2,8,15,0.016837753355503082,0.022201836109161377,0.1539594531059265,0.054059743881225586,0.1357523649930954,1.4655619859695435,0.24390409886837006
rssm_stochastic,2,9,15,0.04459979012608528,0.07488870620727539,0.23102062940597534,0.23084783554077148,1.2818233966827393,0.8264455199241638,0.20468753576278687
rssm_stochastic,2,10,15,0.012452556751668453,0.08071458339691162,0.0812467634677887,0.14384078979492188,0.5407840013504028,1.4404730796813965,0.2550849914550781
rssm_stochastic,2,11,15,0.017546189948916435,0.042930781841278076,0.05202364921569824,0.6071432828903198,0.010833184234797955,0.7695345282554626,0.23789866268634796
rssm_stochastic,2,12,15,0.033835455775260925,0.14114966988563538,0.04664486646652222,0.5295960307121277,0.13538962602615356,2.8889107704162598,0.2370859682559967
rssm_stochastic,2,13,15,0.011916073970496655,0.01766335964202881,0.09513458609580994,0.38134878873825073,0.28835025429725647,1.306877613067627,0.27018046379089355
rssm_stochastic,2,14,15,0.029792731627821922,0.15742802619934082,0.05978894233703613,0.03524911403656006,0.5757463574409485,0.9947038292884827,0.213504359126091
rssm_stochastic,2,15,15,0.020292626693844795,0.13433384895324707,0.007519841194152832,0.10017585754394531,0.28116968274116516,0.6292953491210938,0.23062118887901306
rssm_stochastic,2,16,15,0.005025323014706373,0.04168364405632019,0.06710541248321533,0.031136512756347656,0.00734641682356596,0.7279143929481506,0.21550139784812927
rssm_stochastic,2,17,15,0.01463929284363985,0.07940328121185303,0.050619423389434814,0.4003629684448242,1.0660154819488525,0.7081130146980286,0.1724785417318344
rssm_stochastic,2,18,15,0.008743058890104294,0.0648844838142395,0.07199114561080933,0.1235036849975586,0.03260987624526024,0.815253734588623,0.21340994536876678
rssm_stochastic,2,19,15,0.004850229248404503,0.034739673137664795,0.06984515488147736,0.0714569091796875,0.13765111565589905,0.47753605246543884,0.23832806944847107
rssm_stochastic,2,20,15,3.2025887966156006,0.9357346296310425,1.2765183448791504,5.5087666511535645,14.159699440002441,40.17401885986328,1.2666352987289429
rssm_stochastic,2,21,15,0.623644232749939,0.5506979823112488,0.5712822079658508,1.3407750129699707,32.635257720947266,32.76347351074219,0.79002845287323
rssm_stochastic,2,22,15,0.11295636743307114,0.0006830990314483643,0.12436407804489136,1.6618266105651855,2.006711721420288,1.9924452304840088,0.28741130232810974
rssm_stochastic,2,23,15,0.18490296602249146,0.37364551424980164,0.05535459518432617,0.8842816352844238,4.279507160186768,4.159308433532715,0.3189908564090729
rssm_stochastic,2,24,15,0.6144716143608093,0.6867671012878418,0.006102263927459717,1.5990233421325684,14.053019523620605,22.594194412231445,0.6707500219345093
rssm_stochastic,2,25,15,0.02851065807044506,0.1538049727678299,0.031910479068756104,0.21738147735595703,0.29841601848602295,0.7086055278778076,0.19018298387527466
rssm_stochastic,2,26,15,0.017308777198195457,0.010891258716583252,0.006671607494354248,0.6800651550292969,0.117824025452137,0.8587318658828735,0.24995282292366028
rssm_stochastic,2,27,15,0.028776943683624268,0.036060258746147156,0.038850247859954834,0.842437744140625,0.22989515960216522,0.9476763010025024,0.21607257425785065
rssm_stochastic,2,28,15,0.01010935753583908,0.04373377561569214,0.059267014265060425,0.38875484466552734,0.00011521026317495853,0.7780900001525879,0.25836142897605896
rssm_stochastic,2,29,15,0.005621562246233225,0.066006600856781,0.029977917671203613,0.07483714818954468,0.3226016163825989,0.43874385952949524,0.17161941528320312
rssm_stochastic,2,30,15,0.031728945672512054,0.00824195146560669,0.18852713704109192,0.44624650478363037,0.15249775350093842,1.6131795644760132,0.307765394449234
rssm_stochastic,2,31,15,0.009533420205116272,0.02226853370666504,0.08645609021186829,0.323612242937088,0.011453565210103989,0.5616820454597473,0.1748451143503189
rssm_mean,2,0,1,0.03440365567803383,0.1638784110546112,0.053409695625305176,0.2780580520629883,0.18965518474578857,1.059442162513733,0.0
rssm_mean,2,1,1,0.016847068443894386,0.1071387380361557,0.017514705657958984,0.3280777931213379,0.14888423681259155,0.997631847858429,0.0
rssm_mean,2,2,1,0.0014244378544390202,0.03225445747375488,0.019050225615501404,0.028634369373321533,0.13764263689517975,0.22052085399627686,0.0
rssm_mean,2,3,1,0.004161365795880556,0.034003257751464844,0.0037593841552734375,0.2785996198654175,0.04204237088561058,0.4166390597820282,0.0
rssm_mean,2,4,1,0.0012349080061540008,0.019720256328582764,0.02429032325744629,0.10432577133178711,0.13160887360572815,0.5153744220733643,0.0
rssm_mean,2,5,1,0.004480996634811163,0.0547182559967041,0.023718535900115967,0.1467125415802002,0.0046959309838712215,0.6412211656570435,0.0
rssm_mean,2,6,1,0.0007323506288230419,0.02022188901901245,0.01613806188106537,0.05295419692993164,0.15516690909862518,0.15123677253723145,0.0
rssm_mean,2,7,1,0.0022842397447675467,0.01150500774383545,0.05274094641208649,0.08027732372283936,0.13383398950099945,0.40484586358070374,0.0
rssm_mean,2,8,1,0.0011842951644212008,0.015992343425750732,0.03550446033477783,0.03354287147521973,0.0023798570036888123,0.3083048164844513,0.0
rssm_mean,2,9,1,0.0004837488813791424,0.018323659896850586,0.012428760528564453,0.01499795913696289,0.0280812606215477,0.13055436313152313,0.0
rssm_mean,2,10,1,0.0013756813714280725,0.026953816413879395,0.0011261701583862305,0.12446463108062744,0.060257650911808014,0.26429030299186707,0.0
rssm_mean,2,11,1,0.005027602892369032,0.02163875102996826,0.05088600516319275,0.2720203697681427,0.00985621102154255,0.7057576775550842,0.0
rssm_mean,2,12,1,0.0023796928580850363,0.04309108853340149,0.022075116634368896,0.005514621734619141,0.014708191156387329,0.1845315843820572,0.0
rssm_mean,2,13,1,0.0004992025787942111,0.012968182563781738,0.011484026908874512,0.0777021199464798,0.0005646660574711859,0.13931240141391754,0.0
rssm_mean,2,14,1,0.000982726109214127,0.020874321460723877,0.001695096492767334,0.11620640754699707,0.06294663995504379,0.3001881539821625,0.0
rssm_mean,2,15,1,0.002185430144891143,0.005726635456085205,0.01044917106628418,0.23655354976654053,6.282505637500435e-05,0.27403366565704346,0.0
rssm_mean,2,16,1,0.019347868859767914,0.12374553084373474,0.02272188663482666,0.2393500804901123,0.23317113518714905,0.46190398931503296,0.0
rssm_mean,2,17,1,0.0007269782945513725,0.013538479804992676,0.013349354267120361,0.10430049896240234,0.0001284150202991441,0.2716653645038605,0.0
rssm_mean,2,18,1,0.0037606079131364822,0.037757933139801025,0.004074692726135254,0.24239826202392578,0.0019128359854221344,0.30607128143310547,0.0
rssm_mean,2,19,1,0.0027236677706241608,0.013355076313018799,0.05791296064853668,0.07993191480636597,0.14804385602474213,0.34855175018310547,0.0
rssm_mean,2,20,1,0.003071146784350276,0.013118088245391846,0.06289700418710709,0.06969773769378662,0.028027545660734177,0.6104027628898621,0.0
rssm_mean,2,21,1,0.00921656284481287,0.06701910495758057,0.07342898845672607,0.12572264671325684,0.13855811953544617,0.5475543737411499,0.0
rssm_mean,2,22,1,0.014362816698849201,0.10505032539367676,0.03461802005767822,0.1933361291885376,0.1667436808347702,0.35585975646972656,0.0
rssm_mean,2,23,1,0.0017619282007217407,0.014366090297698975,0.04197031259536743,0.09458017349243164,0.02215343713760376,0.4027142822742462,0.0
rssm_mean,2,24,1,0.0026006291154772043,0.02724236249923706,0.0326019823551178,0.16885581612586975,0.07420431822538376,0.29500436782836914,0.0
rssm_mean,2,25,1,0.01955310069024563,0.10307085514068604,0.09182798862457275,0.23743557929992676,0.014555255882441998,0.9585213661193848,0.0
rssm_mean,2,26,1,0.02478823810815811,0.1467926800251007,0.026295602321624756,0.12455391883850098,0.10528545081615448,0.3900502026081085,0.0
rssm_mean,2,27,1,0.004590700846165419,0.023668646812438965,0.049661219120025635,0.2484886646270752,0.0036967070773243904,0.5478955507278442,0.0
rssm_mean,2,28,1,0.0034087642561644316,0.005066275596618652,0.03484395146369934,0.2623242437839508,0.00022956797329243273,0.6451759338378906,0.0
rssm_mean,2,29,1,0.002891198033466935,0.017670512199401855,0.012839585542678833,0.25624871253967285,0.06751162558794022,0.5628564953804016,0.0
rssm_mean,2,30,1,0.0019176265923306346,0.026311814785003662,0.03138670325279236,0.11403584480285645,0.013273467309772968,0.4946008026599884,0.0
rssm_mean,2,31,1,0.0011097356909886003,0.014287948608398438,0.009255826473236084,0.1492864489555359,0.09822690486907959,0.21583375334739685,0.0
rssm_mean,2,0,2,0.030072607100009918,0.15384319424629211,0.0513916015625,0.2431960105895996,0.21272720396518707,0.8075769543647766,0.11002571135759354
rssm_mean,2,1,2,0.013828148134052753,0.0990472137928009,0.0053672194480896,0.2844424247741699,0.4415954053401947,0.49367523193359375,0.07658947259187698
rssm_mean,2,2,2,0.0025264592841267586,0.03208434581756592,0.0443614199757576,0.03615427017211914,0.18318438529968262,0.1994704306125641,0.049832481890916824
rssm_mean,2,3,2,0.004352739080786705,0.03242647647857666,0.02008575201034546,0.28057408332824707,0.2305424064397812,0.5294305682182312,0.10066235065460205
rssm_mean,2,4,2,0.0033018512185662985,0.036102235317230225,0.03433865308761597,0.16913509368896484,0.0969136506319046,0.5511999726295471,0.06706312298774719
rssm_mean,2,5,2,0.001924418960697949,0.03627440333366394,0.026185274124145508,0.013205289840698242,0.00501119764521718,0.3911665380001068,0.07117840647697449
rssm_mean,2,6,2,0.002199048874899745,0.011110961437225342,0.05008438602089882,0.09717273712158203,0.07780338078737259,0.20998673141002655,0.05067989230155945
rssm_mean,2,7,2,0.004542771261185408,0.009532332420349121,0.07724214345216751,0.0996859073638916,0.0709376409649849,1.1793620586395264,0.10050662606954575
rssm_mean,2,8,2,0.0005839157965965569,0.019459843635559082,0.01527029275894165,0.014187097549438477,0.0031790039502084255,0.25116583704948425,0.0806129053235054
rssm_mean,2,9,2,0.0019938191398978233,0.04001098871231079,0.0073479413986206055,0.07217860221862793,0.00813879445195198,0.29291707277297974,0.06542233377695084
rssm_mean,2,10,2,0.0009937036084011197,0.023998558521270752,0.0032701492309570312,0.09741687774658203,0.03674285113811493,0.396485835313797,0.0738879144191742
rssm_mean,2,11,2,0.005703974049538374,0.019894123077392578,0.05737975239753723,0.2853807210922241,0.03723476827144623,0.40326908230781555,0.09735225141048431
rssm_mean,2,12,2,0.0016896137967705727,0.038177549839019775,0.010136842727661133,0.019151926040649414,0.06996864825487137,0.16790924966335297,0.07611574232578278
rssm_mean,2,13,2,0.00035291595850139856,0.00885230302810669,0.011406868696212769,0.06923461705446243,0.00014192670641932636,0.1975560039281845,0.07113156467676163
rssm_mean,2,14,2,0.0008792011649347842,0.017301738262176514,0.011520683765411377,0.11123406887054443,0.07778289914131165,0.6022736430168152,0.07559848576784134
rssm_mean,2,15,2,0.001390064018778503,0.011110484600067139,0.009693920612335205,0.17914342880249023,0.03892821446061134,0.3733179271221161,0.056105006486177444
rssm_mean,2,16,2,0.011930392123758793,0.10092793405056,0.017865896224975586,0.11488795280456543,0.23860673606395721,0.3359107971191406,0.07743225246667862
rssm_mean,2,17,2,0.000890369585249573,0.0048749446868896484,0.0246354341506958,0.1101372241973877,0.010931999422609806,0.20944836735725403,0.045341651886701584
rssm_mean,2,18,2,0.002619731007143855,0.02897430956363678,0.014622211456298828,0.20438241958618164,0.0013654340291395783,0.21472862362861633,0.09961022436618805
rssm_mean,2,19,2,0.0036049007903784513,0.02027362585067749,0.05214717984199524,0.18689703941345215,0.2934403121471405,0.18739169836044312,0.07767432928085327
rssm_mean,2,20,2,0.007789546623826027,0.038352131843566895,0.09140831977128983,0.11178499460220337,0.014690910466015339,1.1772373914718628,0.07784181088209152
rssm_mean,2,21,2,0.013794251717627048,0.09665459394454956,0.06510698795318604,0.12793558835983276,0.15074442327022552,0.6058737635612488,0.048270903527736664
rssm_mean,2,22,2,0.014427999965846539,0.10528895258903503,0.04595869779586792,0.14427590370178223,0.05828909948468208,0.25709977746009827,0.10175342857837677
rssm_mean,2,23,2,0.0005774812889285386,0.007545113563537598,0.012608647346496582,0.10466873645782471,0.0009242420201189816,0.23261898756027222,0.08207594603300095
rssm_mean,2,24,2,0.004333284683525562,0.051660358905792236,0.02772781252861023,0.15299707651138306,0.053469471633434296,0.1898985505104065,0.07665731757879257
rssm_mean,2,25,2,0.014810808002948761,0.09639865159988403,0.0729517936706543,0.15907931327819824,0.046373531222343445,1.4928972721099854,0.07239697873592377
rssm_mean,2,26,2,0.017158618196845055,0.12379281222820282,0.018515467643737793,0.0330045223236084,0.1307939887046814,0.5932596921920776,0.10021654516458511
rssm_mean,2,27,2,0.0024955656845122576,0.007157601416110992,0.03495514392852783,0.20804238319396973,0.02053053304553032,0.24310138821601868,0.08129517734050751
rssm_mean,2,28,2,0.004120214376598597,0.0012620091438293457,0.0422932505607605,0.2795260548591614,0.01800505816936493,0.5402428507804871,0.09368112683296204
rssm_mean,2,29,2,0.0037744485307484865,0.023512721061706543,0.018497437238693237,0.28119468688964844,0.34542927145957947,0.2740456759929657,0.08911647647619247
rssm_mean,2,30,2,0.0025506052188575268,0.022467076778411865,0.047181785106658936,0.113106369972229,0.045922718942165375,0.8385347723960876,0.08790893852710724
rssm_mean,2,31,2,0.0010185856372117996,0.007789552211761475,0.005870938301086426,0.15822231769561768,0.07328441739082336,0.5404027700424194,0.08681672066450119
rssm_mean,2,0,3,0.04186093807220459,0.18685725331306458,0.03080970048904419,0.272045373916626,0.41439712047576904,1.3571324348449707,0.10953336209058762
rssm_mean,2,1,3,0.015720149502158165,0.09491968154907227,0.06164097785949707,0.2937312126159668,0.6368882656097412,1.2016812562942505,0.11009626090526581
rssm_mean,2,2,3,0.0012599823530763388,0.019797682762145996,0.034036532044410706,0.03161501884460449,0.17492036521434784,0.39097607135772705,0.07365486025810242
rssm_mean,2,3,3,0.003986043389886618,0.02144688367843628,0.020990103483200073,0.29278743267059326,0.36258572340011597,0.5223062038421631,0.10348015278577805
rssm_mean,2,4,3,0.008229424245655537,0.0833599716424942,0.01013857126235962,0.11649966239929199,0.166462242603302,0.7886984944343567,0.09501496702432632
rssm_mean,2,5,3,0.0029310614336282015,0.05025342106819153,0.0026589632034301758,0.06228494644165039,0.024153321981430054,0.37908434867858887,0.11445686966180801
rssm_mean,2,6,3,0.0007689187186770141,0.004958093166351318,0.02570103481411934,0.08855724334716797,0.0015298302751034498,0.2862614095211029,0.11350090801715851
rssm_mean,2,7,3,0.003047952661290765,0.00222855806350708,0.06570693850517273,0.050425171852111816,0.047970548272132874,0.4849359095096588,0.07440032809972763
rssm_mean,2,8,3,0.0006818066467531025,0.02435857057571411,0.0025520622730255127,0.02525043487548828,0.0002759919734671712,0.32581067085266113,0.09249108284711838
rssm_mean,2,9,3,0.00027873701765201986,0.012373626232147217,0.0062400102615356445,0.047444820404052734,0.0009915243135765195,0.4780111610889435,0.07414411008358002
rssm_mean,2,10,3,0.0014361400390043855,0.0282212495803833,0.008249640464782715,0.11753284931182861,0.032364241778850555,0.30012863874435425,0.07666024565696716
rssm_mean,2,11,3,0.006870731711387634,0.03306412696838379,0.06725552678108215,0.2636583745479584,0.12573638558387756,0.20591655373573303,0.12736153602600098
rssm_mean,2,12,3,0.0022890197578817606,0.04240542650222778,0.019072413444519043,0.04003000259399414,0.06537742912769318,0.44841882586479187,0.11040232330560684
rssm_mean,2,13,3,0.00027262102230452,0.0020045042037963867,0.008795857429504395,0.07621368765830994,0.0016523748636245728,0.1629602015018463,0.0999588593840599
rssm_mean,2,14,3,0.001819336786866188,0.0224878191947937,0.02166503667831421,0.15936517715454102,0.08810843527317047,0.27859073877334595,0.1251431107521057
rssm_mean,2,15,3,0.003006911836564541,0.003989323973655701,0.004585146903991699,0.2832648754119873,0.06389903277158737,0.41090038418769836,0.054056279361248016
rssm_mean,2,16,3,0.015197217464447021,0.10674679279327393,0.057036399841308594,0.106597900390625,0.2899153232574463,0.5552368760108948,0.09534958750009537
rssm_mean,2,17,3,0.0022996114566922188,0.023997783660888672,0.02075052261352539,0.19230008125305176,0.0005038619856350124,0.3119365870952606,0.09624641388654709
rssm_mean,2,18,3,0.002972959540784359,0.034311264753341675,0.007293641567230225,0.21028709411621094,0.002833412494510412,0.39858007431030273,0.11427921056747437
rssm_mean,2,19,3,0.003331495448946953,0.009374916553497314,0.04076099395751953,0.237995445728302,0.22430455684661865,0.12974414229393005,0.09768577665090561
rssm_mean,2,20,3,0.009478622116148472,0.003449678421020508,0.11276374757289886,0.1452673077583313,0.00019154985784552991,0.757185697555542,0.10874046385288239
rssm_mean,2,21,3,0.012054781429469585,0.08143740892410278,0.054487407207489014,0.2708766460418701,0.15458986163139343,0.7531839609146118,0.0923703983426094
rssm_mean,2,22,3,0.01960556022822857,0.12809282541275024,0.03207141160964966,0.14923310279846191,0.1665458083152771,0.4022817611694336,0.08611282706260681
rssm_mean,2,23,3,0.0005321080097928643,0.019359230995178223,0.00874251127243042,0.042508602142333984,0.0027007574681192636,0.48384615778923035,0.11109308898448944
rssm_mean,2,24,3,0.0031094553414732218,0.03150510787963867,0.015107005834579468,0.22397935390472412,0.03487494960427284,0.4217067062854767,0.0977773368358612
rssm_mean,2,25,3,0.019376685842871666,0.12580934166908264,0.03763473033905029,0.16181397438049316,0.1571960747241974,0.9929046630859375,0.08841993659734726
rssm_mean,2,26,3,0.021859750151634216,0.14001640677452087,0.019054889678955078,0.018149614334106445,0.14201457798480988,0.5529534220695496,0.08675656467676163
rssm_mean,2,27,3,0.0038978811353445053,0.015590585768222809,0.0311395525932312,0.2829267978668213,0.002168659819290042,0.35104814171791077,0.10899193584918976
rssm_mean,2,28,3,0.004918629769235849,0.01396244764328003,0.05107656121253967,0.2807471454143524,0.04766024276614189,0.6755959391593933,0.05502612143754959
rssm_mean,2,29,3,0.00306652020663023,0.014067888259887695,0.020681142807006836,0.26258063316345215,0.49633800983428955,0.7919294834136963,0.12852056324481964
rssm_mean,2,30,3,0.003128698794171214,0.03043466806411743,0.04877084493637085,0.1142430305480957,0.033455707132816315,0.5062121748924255,0.07280521094799042
rssm_mean,2,31,3,0.0011057029478251934,0.015534639358520508,0.008585572242736816,0.14592158794403076,0.0024877318646758795,0.24248363077640533,0.11939099431037903
rssm_mean,2,0,4,0.058545053005218506,0.22110974788665771,0.017676234245300293,0.3471040725708008,0.6541932821273804,1.1954087018966675,0.1204400584101677
rssm_mean,2,1,4,0.01298186182975769,0.07330995798110962,0.07034099102020264,0.3151249885559082,1.050263524055481,1.2783546447753906,0.11863928288221359
rssm_mean,2,2,4,0.0004513808526098728,0.005249679088592529,0.023016691207885742,0.03997761011123657,0.022086666896939278,0.5279226303100586,0.09461493045091629
rssm_mean,2,3,4,0.0043051340617239475,0.01459646224975586,0.02490442991256714,0.3136225938796997,0.43361684679985046,0.428436279296875,0.11989351361989975
rssm_mean,2,4,4,0.01342261116951704,0.10443347692489624,0.03720730543136597,0.11151313781738281,0.31935763359069824,0.8324410915374756,0.10258209705352783
rssm_mean,2,5,4,0.0015590953407809138,0.036867380142211914,0.005130589008331299,0.03429245948791504,0.0010978293139487505,1.3931565284729004,0.12099627405405045
rssm_mean,2,6,4,0.0009150291443802416,0.022217988967895508,0.019823193550109863,0.052660226821899414,3.382010982022621e-05,0.5830250978469849,0.07614639401435852
rssm_mean,2,7,4,0.00229853973723948,0.00884026288986206,0.056901879608631134,0.00622791051864624,0.008266354911029339,0.7093907594680786,0.11986169964075089
rssm_mean,2,8,4,0.0009933902183547616,0.029327392578125,0.005512058734893799,0.02597808837890625,7.067158003337681e-05,0.7871055603027344,0.17399075627326965
rssm_mean,2,9,4,0.0011629854561761022,0.008431077003479004,0.02275383472442627,0.14042460918426514,0.003826227504760027,0.6494632363319397,0.08438293635845184
rssm_mean,2,10,4,0.0018508204957470298,0.022085726261138916,0.018268316984176636,0.1711057424545288,0.03276125714182854,0.4759754538536072,0.11675116419792175
rssm_mean,2,11,4,0.0066074165515601635,0.027740418910980225,0.0736924409866333,0.23520910739898682,0.12029262632131577,0.6791054010391235,0.11625304073095322
rssm_mean,2,12,4,0.0030720036011189222,0.039026081562042236,0.04197278618812561,0.07176733016967773,0.029224533587694168,1.0449626445770264,0.1034383773803711
rssm_mean,2,13,4,0.0005205180495977402,0.01363593339920044,0.014920473098754883,0.06643390655517578,0.002765997778624296,0.3692736029624939,0.07398872822523117
rssm_mean,2,14,4,0.004071086645126343,0.037067413330078125,0.047411173582077026,0.16605043411254883,0.12185424566268921,0.4364350438117981,0.16569210588932037
rssm_mean,2,15,4,0.004857745487242937,0.007573209702968597,0.03444617986679077,0.32781147956848145,0.0921856015920639,0.8636924624443054,0.14030034840106964
rssm_mean,2,16,4,0.01963893137872219,0.12107333540916443,0.05712074041366577,0.18437767028808594,0.6249983310699463,0.932245671749115,0.09618081897497177
rssm_mean,2,17,4,0.0023250223603099585,0.020464152097702026,0.01256108283996582,0.21761822700500488,0.007002148311585188,0.5391054153442383,0.1137293353676796
rssm_mean,2,18,4,0.0029237803537398577,0.03265935182571411,0.009663105010986328,0.21317052841186523,0.013247329741716385,0.6028748750686646,0.17077022790908813
rssm_mean,2,19,4,0.0033919455017894506,0.0019021034240722656,0.034869879484176636,0.26264482736587524,0.09073230624198914,0.6191039681434631,0.10215345770120621
rssm_mean,2,20,4,0.01400392223149538,0.040994882583618164,0.11779175698757172,0.26873427629470825,0.005964736454188824,0.8726574778556824,0.1542278528213501
rssm_mean,2,21,4,0.014815800823271275,0.07171887159347534,0.08330613374710083,0.34486961364746094,0.09015768021345139,1.0644917488098145,0.10219231992959976
rssm_mean,2,22,4,0.029105449095368385,0.15448516607284546,0.03241795301437378,0.23762226104736328,0.2581552267074585,1.0112305879592896,0.0891561359167099
rssm_mean,2,23,4,0.0017644936451688409,0.022767215967178345,0.030037760734558105,0.12477803230285645,0.0006892943056300282,0.7582837343215942,0.0934646874666214
rssm_mean,2,24,4,0.003236802527680993,0.01697176694869995,0.024809837341308594,0.2596222162246704,0.016968876123428345,0.70155268907547,0.14646026492118835
rssm_mean,2,25,4,0.028900422155857086,0.15500587224960327,0.030679523944854736,0.2194674015045166,0.3202083706855774,0.6720781326293945,0.08366671204566956
rssm_mean,2,26,4,0.029729552567005157,0.16242381930351257,0.02793431282043457,0.05934286117553711,0.3417850136756897,0.5898570418357849,0.13839878141880035
rssm_mean,2,27,4,0.004754533525556326,0.007082551717758179,0.03264498710632324,0.3272857666015625,0.00023149378830567002,0.5430774092674255,0.1280253529548645
rssm_mean,2,28,4,0.0063200704753398895,0.025326311588287354,0.06598570942878723,0.26684433221817017,0.06871552020311356,0.8875294327735901,0.10785173624753952
rssm_mean,2,29,4,0.002419162541627884,0.0017975568771362305,0.03105723112821579,0.21768403053283691,0.09073230624198914,0.6178967952728271,0.11725334078073502
rssm_mean,2,30,4,0.003887457074597478,0.0416717529296875,0.05179131031036377,0.06200146675109863,0.12720082700252533,0.39270880818367004,0.07818802446126938
rssm_mean,2,31,4,0.0010846583172678947,0.01654350757598877,0.0163327157497406,0.1273123323917389,0.00024965504417195916,0.5655096173286438,0.10644173622131348
rssm_mean,2,0,5,0.06255815178155899,0.23014776408672333,0.0018838047981262207,0.3364720344543457,1.155164361000061,1.207834005355835,0.16732114553451538
rssm_mean,2,1,5,0.008643759414553642,0.05265325307846069,0.07735183835029602,0.2013707160949707,1.3291140794754028,0.46534544229507446,0.1473781019449234
rssm_mean,2,2,5,0.0008979621343314648,0.014055132865905762,0.02864323928952217,0.05690586566925049,0.0013194000348448753,0.18079519271850586,0.07569000124931335
rssm_mean,2,3,5,0.005138196516782045,0.02404540777206421,0.048597753047943115,0.2791118621826172,0.560641884803772,0.18307237327098846,0.13242830336093903
rssm_mean,2,4,5,0.017829913645982742,0.11530449986457825,0.05564600229263306,0.16967010498046875,0.6392017602920532,0.7280755043029785,0.12708090245723724
rssm_mean,2,5,5,0.002451765350997448,0.037947580218315125,0.03176957368850708,0.06889510154724121,0.007921718992292881,0.24490991234779358,0.10269367694854736
rssm_mean,2,6,5,0.0008777300827205181,0.018155395984649658,0.025583207607269287,0.0427098274230957,0.0016502821817994118,0.4231986701488495,0.12106914818286896
rssm_mean,2,7,5,0.0032094260677695274,0.007584631443023682,0.06718160957098007,0.04155373573303223,0.25188514590263367,0.27111580967903137,0.12747080624103546
rssm_mean,2,8,5,0.0007092542946338654,0.02408730983734131,0.00868883728981018,0.022313356399536133,0.0035622697323560715,1.1830101013183594,0.19276811182498932
rssm_mean,2,9,5,0.0010899272747337818,0.0146370530128479,0.01449209451675415,0.1384265422821045,0.00028765862225554883,0.7035662531852722,0.11795537173748016
rssm_mean,2,10,5,0.002600237727165222,0.01974964141845703,0.04030127823352814,0.16919422149658203,0.056999050080776215,0.3586527705192566,0.18079803884029388
rssm_mean,2,11,5,0.006410524714738131,0.019453346729278564,0.08118890225887299,0.20062601566314697,0.15537133812904358,0.9204501509666443,0.13168689608573914
rssm_mean,2,12,5,0.00064528250368312,0.018213391304016113,0.02023349702358246,0.0025243759155273438,0.01929580420255661,0.5893692970275879,0.0813579112291336
rssm_mean,2,13,5,0.0005233492702245712,0.0025426149368286133,0.016496092081069946,0.09439969062805176,0.004833693150430918,0.5228726267814636,0.10864699631929398
rssm_mean,2,14,5,0.004800116177648306,0.03366899490356445,0.06290915608406067,0.1512928009033203,0.11468623578548431,0.538223385810852,0.15798810124397278
rssm_mean,2,15,5,0.0025238327216356993,0.001868903636932373,0.006560921669006348,0.25917840003967285,0.06944316625595093,0.39481472969055176,0.12445829063653946
rssm_mean,2,16,5,0.011144130490720272,0.08667922019958496,0.06025111675262451,0.10221004486083984,0.5496877431869507,0.7194327712059021,0.09969598054885864
rssm_mean,2,17,5,0.0008968392503447831,0.00546187162399292,0.015963435173034668,0.1364138126373291,0.0004161522083450109,0.25170257687568665,0.10968269407749176
rssm_mean,2,18,5,0.0018671400612220168,0.02041083574295044,0.005730807781219482,0.19332361221313477,0.003459933679550886,0.5842570662498474,0.15024110674858093
rssm_mean,2,19,5,0.003951261285692453,0.000550389289855957,0.028457850217819214,0.30272868275642395,0.09330929070711136,0.44501543045043945,0.11929347366094589
rssm_mean,2,20,5,0.020698286592960358,0.040597736835479736,0.13660231232643127,0.40694087743759155,0.010369738563895226,1.1319241523742676,0.18240851163864136
rssm_mean,2,21,5,0.021086828783154488,0.10851716995239258,0.07400166988372803,0.3434281349182129,0.12217774987220764,0.5091428160667419,0.16855037212371826
rssm_mean,2,22,5,0.03679601475596428,0.17331001162528992,0.026615262031555176,0.29466843605041504,0.48855316638946533,1.0462313890457153,0.07771570980548859
rssm_mean,2,23,5,0.0001344334305031225,0.0032356083393096924,0.01153421401977539,0.029401779174804688,0.01479854341596365,1.2216650247573853,0.11762986332178116
rssm_mean,2,24,5,0.005293381866067648,0.046398162841796875,0.03718310594558716,0.23093783855438232,0.040753550827503204,0.5683318376541138,0.11914275586605072
rssm_mean,2,25,5,0.027715126052498817,0.15374024212360382,0.00013887882232666016,0.21247100830078125,0.5399399399757385,0.464330792427063,0.10082919895648956
rssm_mean,2,26,5,0.022766614332795143,0.139862060546875,0.03911775350570679,0.06765270233154297,0.4828754663467407,0.4744417369365692,0.09334605932235718
rssm_mean,2,27,5,0.003667601617053151,0.00518915057182312,0.009841382503509521,0.3103780746459961,0.0036636723671108484,0.7393574714660645,0.1407945603132248
rssm_mean,2,28,5,0.007358295377343893,0.02996230125427246,0.07877323031425476,0.23978817462921143,0.12157609313726425,0.5473446249961853,0.12360410392284393
rssm_mean,2,29,5,0.002888096496462822,0.009317934513092041,0.05414607375860214,0.14600741863250732,0.04160879924893379,0.6524611711502075,0.12264909595251083
rssm_mean,2,30,5,0.004395401570945978,0.041609764099121094,0.05901572108268738,0.05434924364089966,0.05131112039089203,0.31051161885261536,0.1319410353899002
rssm_mean,2,31,5,0.0010779016884043813,0.006225109100341797,0.028040319681167603,0.11592888832092285,0.002675713039934635,0.4223969280719757,0.07416881620883942
rssm_mean,2,0,6,0.059867098927497864,0.2185107171535492,0.06923156976699829,0.32797861099243164,1.580262303352356,1.9035288095474243,0.19360776245594025
rssm_mean,2,1,6,0.012544989585876465,0.02120882272720337,0.12836746871471405,0.14661455154418945,0.8103855848312378,0.9401697516441345,0.14138595759868622
rssm_mean,2,2,6,0.0011681310134008527,0.023910820484161377,0.02736441232264042,0.026928573846817017,2.0867537386948243e-05,0.37378349900245667,0.1303950697183609
rssm_mean,2,3,6,0.007288070861250162,0.021433472633361816,0.06944023072719574,0.3067678213119507,0.31808969378471375,0.8195873498916626,0.17331664264202118
rssm_mean,2,4,6,0.015296806581318378,0.10312730073928833,0.06941217184066772,0.08832120895385742,0.7369756102561951,1.274715542793274,0.16229970753192902
rssm_mean,2,5,6,0.0021104204934090376,0.007763206958770752,0.042290449142456055,0.14896202087402344,0.004878351930528879,0.4435582160949707,0.09890738129615784
rssm_mean,2,6,6,0.0011294118594378233,0.0061206817626953125,0.03887069225311279,0.038993120193481445,0.00023913000768516213,0.46491745114326477,0.1128932386636734
rssm_mean,2,7,6,0.003146525239571929,0.008012771606445312,0.0639582946896553,0.08727514743804932,0.10870806127786636,0.5437192916870117,0.10194400697946548
rssm_mean,2,8,6,0.00039487588219344616,0.016138076782226562,0.012468568980693817,0.006916999816894531,0.08434242010116577,0.19236792623996735,0.1769115924835205
rssm_mean,2,9,6,0.0017223497852683067,0.030768781900405884,0.006331026554107666,0.1326005458831787,0.017745366320014,0.5538773536682129,0.11529459059238434
rssm_mean,2,10,6,0.001469146111048758,0.008690953254699707,0.03789501637220383,0.1045541763305664,0.0850006639957428,0.2738255262374878,0.14062102138996124
rssm_mean,2,11,6,0.005343579221516848,0.010556519031524658,0.08070357888936996,0.14441335201263428,0.19052356481552124,0.9804514050483704,0.12673409283161163
rssm_mean,2,12,6,0.00012965034693479538,0.0033472180366516113,0.011109881103038788,0.029842853546142578,0.03532668575644493,0.31912708282470703,0.10171325504779816
rssm_mean,2,13,6,0.0005827487329952419,0.004046022891998291,0.02048248052597046,0.08662605285644531,0.010303128510713577,0.3929811716079712,0.09113205224275589
rssm_mean,2,14,6,0.003735804231837392,0.021412551403045654,0.06661596894264221,0.0735011100769043,0.07998646795749664,0.522162914276123,0.15721555054187775
rssm_mean,2,15,6,0.0031787334010004997,0.0002446174621582031,0.013428926467895508,0.28707170486450195,0.04354959353804588,0.3773125112056732,0.12250959873199463
rssm_mean,2,16,6,0.0067124515771865845,0.046137094497680664,0.07792544364929199,0.0771331787109375,0.6957494616508484,0.4993095099925995,0.12644171714782715
rssm_mean,2,17,6,0.0009412833605892956,0.017188549041748047,0.01651787757873535,0.10762381553649902,0.006983587052673101,0.20695775747299194,0.10411471873521805
rssm_mean,2,18,6,0.002242650603875518,0.007289528846740723,0.015159249305725098,0.2338266372680664,0.015137951821088791,0.45568642020225525,0.14006909728050232
rssm_mean,2,19,6,0.005326102953404188,0.010450005531311035,0.015857785940170288,0.3684743046760559,0.10675234347581863,0.49734675884246826,0.1050446555018425
rssm_mean,2,20,6,0.030400196090340614,0.04590684175491333,0.16382481157779694,0.5128328800201416,0.019656512886285782,1.2958271503448486,0.18518896400928497
rssm_mean,2,21,6,0.029356176033616066,0.1400817632675171,0.05583733320236206,0.3888903856277466,0.27506738901138306,0.6240466833114624,0.1825118064880371
rssm_mean,2,22,6,0.03444706276059151,0.16937749087810516,0.008637964725494385,0.2742147445678711,0.7865585088729858,1.5297925472259521,0.06852786988019943
rssm_mean,2,23,6,0.00031357500120066106,0.01642131805419922,0.0013861656188964844,0.020222187042236328,0.0035154656507074833,0.8693052530288696,0.09315980225801468
rssm_mean,2,24,6,0.007740967441350222,0.07092732191085815,0.01153552532196045,0.23841285705566406,0.03217583894729614,1.0404824018478394,0.10052518546581268
rssm_mean,2,25,6,0.02426970936357975,0.1405930519104004,0.03517472743988037,0.21076011657714844,0.7664079070091248,0.6706775426864624,0.1163821741938591
rssm_mean,2,26,6,0.017074352130293846,0.10863083600997925,0.07462400197982788,0.0853567123413086,0.6216026544570923,0.38518428802490234,0.1133546531200409
rssm_mean,2,27,6,0.004711201414465904,0.010732173919677734,0.025928020477294922,0.3335585594177246,0.04978007450699806,0.3279073238372803,0.12855862081050873
rssm_mean,2,28,6,0.007701167371124029,0.02808159589767456,0.08768987655639648,0.2065255492925644,0.14375466108322144,0.6164218187332153,0.14874015748500824
rssm_mean,2,29,6,0.003945754375308752,0.012116789817810059,0.06332990527153015,0.16790223121643066,0.0267278291285038,0.38090986013412476,0.15838512778282166
rssm_mean,2,30,6,0.0042624580673873425,0.03410017490386963,0.0650331974029541,0.0501503050327301,0.04172969236969948,0.459845632314682,0.13528506457805634
rssm_mean,2,31,6,0.0015394940273836255,0.000186920166015625,0.03818941116333008,0.12107783555984497,0.004918734077364206,0.2705734074115753,0.10339231044054031
rssm_mean,2,0,7,0.06072039529681206,0.19813448190689087,0.13700652122497559,0.35415077209472656,1.9920669794082642,2.8682961463928223,0.21017466485500336
rssm_mean,2,1,7,0.004504053387790918,0.021283864974975586,0.07640194892883301,0.022571086883544922,0.044369593262672424,0.9745362997055054,0.13557955622673035
rssm_mean,2,2,7,0.0006652327137999237,0.01569652557373047,0.023980166763067245,0.005443841218948364,0.01806294545531273,0.2994089424610138,0.09588747471570969
rssm_mean,2,3,7,0.006189326290041208,0.009157240390777588,0.06623521447181702,0.28920650482177734,0.022351643070578575,1.047800064086914,0.17750144004821777
rssm_mean,2,4,7,0.010320587083697319,0.07389414310455322,0.07928499579429626,0.01800394058227539,0.5013115406036377,2.5301456451416016,0.1630857139825821
rssm_mean,2,5,7,0.0007936697802506387,0.002970874309539795,0.010029256343841553,0.13889265060424805,0.004022375680506229,0.5492773056030273,0.11450039595365524
rssm_mean,2,6,7,0.0010674765799194574,0.004836678504943848,0.036454200744628906,0.06017041206359863,0.026817241683602333,0.47582006454467773,0.11441595107316971
rssm_mean,2,7,7,0.0028243118431419134,0.012217998504638672,0.0583140105009079,0.09544193744659424,0.0523943156003952,0.6512895226478577,0.11171834915876389
rssm_mean,2,8,7,0.00031301905983127654,0.013962328433990479,0.011872123926877975,0.007319211959838867,0.09345792233943939,0.27303510904312134,0.15787731111049652
rssm_mean,2,9,7,0.001745533780194819,0.013662070035934448,0.007983922958374023,0.20089340209960938,0.05183664709329605,0.5526812076568604,0.13028612732887268
rssm_mean,2,10,7,0.0018011527135968208,0.007505059242248535,0.045268990099430084,0.09571993350982666,0.23808620870113373,0.8836254477500916,0.1491461992263794
rssm_mean,2,11,7,0.004870282020419836,0.012238621711730957,0.0794474333524704,0.10322624444961548,0.2593158185482025,2.421424627304077,0.21061335504055023
rssm_mean,2,12,7,6.509212107630447e-05,0.007586956024169922,0.0015612244606018066,0.0004696846008300781,0.1272028684616089,0.45571067929267883,0.12810544669628143
rssm_mean,2,13,7,0.00046571358689107,0.004577457904815674,0.015243187546730042,0.08751392364501953,0.009885773062705994,0.5492144227027893,0.11208216100931168
rssm_mean,2,14,7,0.0025653804186731577,0.005010008811950684,0.059845589101314545,0.049825429916381836,0.20363007485866547,0.6450656056404114,0.17458561062812805
rssm_mean,2,15,7,0.004705469589680433,0.0052321553230285645,0.030015170574188232,0.3309149742126465,0.10146232694387436,0.3247561752796173,0.12810292840003967
rssm_mean,2,16,7,0.006019322667270899,0.019187092781066895,0.08944247663021088,0.06377887725830078,0.7350316047668457,1.4268643856048584,0.1214836910367012
rssm_mean,2,17,7,0.0023913888726383448,0.03934885561466217,0.002623438835144043,0.13550519943237305,5.886433882551501e-07,0.38042131066322327,0.11747560650110245
rssm_mean,2,18,7,0.0020282643381506205,0.010453402996063232,0.026322871446609497,0.19671201705932617,0.07890159636735916,0.46154674887657166,0.12386464327573776
rssm_mean,2,19,7,0.006532182916998863,0.01492774486541748,0.0012936890125274658,0.4117356538772583,0.057341087609529495,0.235883429646492,0.105937160551548
rssm_mean,2,20,7,0.04562137648463249,0.08065712451934814,0.18939584493637085,0.6135818958282471,0.05591082200407982,1.4562574625015259,0.20841355621814728
rssm_mean,2,21,7,0.03741559013724327,0.14751794934272766,0.05534863471984863,0.5532224178314209,0.38344672322273254,1.315508484840393,0.17947466671466827
rssm_mean,2,22,7,0.03703409060835838,0.17019498348236084,0.05559825897216797,0.28488922119140625,1.0966771841049194,1.5586341619491577,0.09762275218963623
rssm_mean,2,23,7,0.0016123441746458411,0.0339600145816803,0.012600481510162354,0.07932090759277344,0.011362705379724503,0.5204600095748901,0.11635468155145645
rssm_mean,2,24,7,0.012498640455305576,0.08631753921508789,0.0062531232833862305,0.3390834331512451,0.08087430149316788,0.9810596704483032,0.093268483877182
rssm_mean,2,25,7,0.0244887787848711,0.12436681985855103,0.08702296018600464,0.24778175354003906,1.1231763362884521,0.7106752991676331,0.12337877601385117
rssm_mean,2,26,7,0.009713299572467804,0.06189072132110596,0.08853775262832642,0.06147146224975586,1.2015331983566284,0.6190837621688843,0.11212456226348877
rssm_mean,2,27,7,0.008244458585977554,0.01806962490081787,0.06935393810272217,0.352236270904541,0.3436737656593323,0.47582554817199707,0.12571395933628082
rssm_mean,2,28,7,0.00820415373891592,0.02892059087753296,0.09488385915756226,0.17495021224021912,0.1610577255487442,0.636313796043396,0.14587561786174774
rssm_mean,2,29,7,0.003257460193708539,0.005612373352050781,0.06067977845668793,0.13822710514068604,0.00012916179548483342,0.32666778564453125,0.14332179725170135
rssm_mean,2,30,7,0.004112689755856991,0.034216344356536865,0.06426402926445007,0.008453816175460815,0.07163608074188232,0.40303367376327515,0.12577137351036072
rssm_mean,2,31,7,0.0020304943900555372,0.00455629825592041,0.04315522313117981,0.14087975025177002,0.0003719925880432129,0.2563106119632721,0.10412825644016266
rssm_mean,2,0,8,0.04847398400306702,0.14631801843643188,0.17908141016960144,0.2838249206542969,2.892918348312378,2.427838087081909,0.2170853465795517
rssm_mean,2,1,8,0.0033206979278475046,0.03859102725982666,0.03807353973388672,0.13641834259033203,0.12073228508234024,1.086995005607605,0.14697666466236115
rssm_mean,2,2,8,0.00029162413557060063,0.0024775266647338867,0.020107099786400795,0.015390098094940186,0.10680095851421356,0.37749701738357544,0.10085871815681458
rssm_mean,2,3,8,0.0056835561990737915,0.008874833583831787,0.06925554573535919,0.25022733211517334,0.014503613114356995,1.057238221168518,0.15934891998767853
rssm_mean,2,4,8,0.009206986986100674,0.041556477546691895,0.1032285988330841,0.027280807495117188,0.5128384232521057,0.9144878387451172,0.16169731318950653
rssm_mean,2,5,8,0.0005481714033521712,0.005051970481872559,0.02654397487640381,0.03239774703979492,0.0004847693780902773,0.7383718490600586,0.12514573335647583
rssm_mean,2,6,8,0.001423593028448522,0.012150108814239502,0.03964143991470337,0.07118117809295654,0.03697996214032173,0.24400275945663452,0.1248653307557106
rssm_mean,2,7,8,0.002268656622618437,0.012280642986297607,0.04703925549983978,0.12630891799926758,0.03010723553597927,0.15077944099903107,0.10325316339731216
rssm_mean,2,8,8,0.0002863822737708688,0.014352500438690186,0.0044761598110198975,0.035124778747558594,0.0012257237685844302,0.6570438742637634,0.16108666360378265
rssm_mean,2,9,8,0.0026575473602861166,0.008312299847602844,0.004278004169464111,0.26322269439697266,0.06319177150726318,0.6850067377090454,0.14241629838943481
rssm_mean,2,10,8,0.0020140178967267275,0.01213926076889038,0.050554949790239334,0.05356717109680176,0.057432014495134354,0.8632981777191162,0.163914754986763
rssm_mean,2,11,8,0.004373863805085421,0.015736699104309082,0.07703075557947159,0.0363810658454895,0.3675631284713745,0.8263834118843079,0.16834339499473572
rssm_mean,2,12,8,0.0003831539361272007,0.017736077308654785,0.0014527440071105957,0.030782699584960938,0.04184490814805031,1.1161129474639893,0.12632614374160767
rssm_mean,2,13,8,0.0005627500941045582,0.009058594703674316,0.006872013211250305,0.1089482307434082,0.002089455723762512,0.4920486509799957,0.09991708397865295
rssm_mean,2,14,8,0.003069427562877536,0.003377556800842285,0.06663033366203308,0.02607417106628418,0.08567820489406586,0.5194111466407776,0.16757231950759888
rssm_mean,2,15,8,0.005101847928017378,0.003989815711975098,0.04430580139160156,0.3177652359008789,0.2585451900959015,0.6606497764587402,0.11940649151802063
rssm_mean,2,16,8,0.005464955698698759,0.008628368377685547,0.08738633990287781,0.06737661361694336,0.32619577646255493,0.43944406509399414,0.15638557076454163
rssm_mean,2,17,8,0.003206918714568019,0.0454886257648468,0.014258325099945068,0.14581298828125,0.01937948726117611,0.5135068893432617,0.11226509511470795
rssm_mean,2,18,8,0.002005327492952347,0.02732747793197632,0.025100573897361755,0.14244461059570312,0.06306824833154678,0.723511815071106,0.1303861290216446
rssm_mean,2,19,8,0.006346989888697863,0.0023619532585144043,0.018981516361236572,0.4054410457611084,0.010749075561761856,0.3808158040046692,0.09853104501962662
rssm_mean,2,20,8,0.06343883275985718,0.10939514636993408,0.20358726382255554,0.7694306373596191,0.09031320363283157,2.955164670944214,0.20879751443862915
rssm_mean,2,21,8,0.04997901991009712,0.1659453809261322,0.06965261697769165,0.6635699272155762,0.5884328484535217,2.0922200679779053,0.20268307626247406
rssm_mean,2,22,8,0.04303029179573059,0.16964048147201538,0.10824304819107056,0.2993764877319336,1.6212860345840454,1.0465543270111084,0.10461597889661789
rssm_mean,2,23,8,0.0020907679572701454,0.033659934997558594,0.0205572247505188,0.12222623825073242,0.029803363606333733,0.5626958012580872,0.10393288731575012
rssm_mean,2,24,8,0.01625453121960163,0.0894741415977478,0.039018452167510986,0.41529345512390137,0.04971791058778763,1.1905970573425293,0.11070899665355682
rssm_mean,2,25,8,0.018532421439886093,0.07941067218780518,0.11937791109085083,0.22355985641479492,1.9462764263153076,1.2561485767364502,0.15265680849552155
rssm_mean,2,26,8,0.0070189605467021465,0.02541905641555786,0.09482990205287933,0.06696557998657227,0.6652491092681885,0.66548752784729,0.12904222309589386
rssm_mean,2,27,8,0.005295268725603819,0.002725541591644287,0.07797567546367645,0.1749720573425293,0.15068280696868896,0.5564748644828796,0.13933679461479187
rssm_mean,2,28,8,0.008606422692537308,0.03194457292556763,0.10008996725082397,0.13150297105312347,0.1760285496711731,1.2299349308013916,0.14428305625915527
rssm_mean,2,29,8,0.0029427192639559507,0.019766151905059814,0.05849744379520416,0.06880497932434082,0.009699293412268162,0.42740869522094727,0.14991934597492218
rssm_mean,2,30,8,0.0032350316178053617,0.027958154678344727,0.05888602137565613,0.012668311595916748,0.04922838881611824,0.7060718536376953,0.13358823955059052
rssm_mean,2,31,8,0.0024552077520638704,0.007730424404144287,0.0485592782497406,0.14496497809886932,0.0002924866566900164,0.250755250453949,0.1232319101691246
rssm_mean,2,0,9,0.03720789775252342,0.0740959644317627,0.211492657661438,0.12879085540771484,3.375661849975586,2.2163686752319336,0.2304340898990631
rssm_mean,2,1,9,0.007291767746210098,0.057288169860839844,0.05191296339035034,0.22250127792358398,0.3098126947879791,0.540509819984436,0.1354532241821289
rssm_mean,2,2,9,0.0002889604074880481,0.00492095947265625,0.017343822866678238,0.03916376829147339,0.11351943761110306,0.3324664831161499,0.10370351374149323
rssm_mean,2,3,9,0.005238112062215805,0.011566460132598877,0.07506927847862244,0.18306076526641846,0.01745295710861683,0.5752564668655396,0.15579447150230408
rssm_mean,2,4,9,0.008169382810592651,0.013154923915863037,0.10677509009838104,0.07222747802734375,0.005377417895942926,0.592284083366394,0.16656915843486786
rssm_mean,2,5,9,0.002082159509882331,0.006676733493804932,0.05340367555618286,0.04803323745727539,0.018116047605872154,0.4052743911743164,0.09340109676122665
rssm_mean,2,6,9,0.0014177989214658737,0.011295318603515625,0.04080343246459961,0.06151759624481201,0.05862291529774666,1.2203118801116943,0.142665296792984
rssm_mean,2,7,9,0.0016867794329300523,0.01035541296005249,0.032807379961013794,0.1499474048614502,0.0027714676689356565,0.7164217233657837,0.17931517958641052
rssm_mean,2,8,9,0.0001868556864792481,0.011580705642700195,0.00022241473197937012,0.03245806694030762,0.024018118157982826,0.5354322791099548,0.1361122727394104
rssm_mean,2,9,9,0.0024309519212692976,0.01678740233182907,0.0014365315437316895,0.23906612396240234,0.07735341042280197,0.5877537727355957,0.12966060638427734
rssm_mean,2,10,9,0.0013451771810650826,0.0021808743476867676,0.04373867064714432,0.030088424682617188,0.0022202134132385254,0.8353103399276733,0.17693190276622772
rssm_mean,2,11,9,0.0030352063477039337,0.0027196407318115234,0.06654434651136398,0.009327411651611328,0.19125357270240784,1.2943576574325562,0.1835898458957672
rssm_mean,2,12,9,0.0019446439109742641,0.03705555200576782,0.024898171424865723,0.0151214599609375,0.0004375781863927841,0.8656496405601501,0.15498900413513184
rssm_mean,2,13,9,0.0006153182475827634,0.004206180572509766,0.011146444827318192,0.11739552021026611,0.15507902204990387,0.5017378330230713,0.099430151283741
rssm_mean,2,14,9,0.0030125959310680628,0.0003521442413330078,0.06511920690536499,0.05611705780029297,0.10020406544208527,0.797605574131012,0.1887197196483612
rssm_mean,2,15,9,0.004472185391932726,0.0071430206298828125,0.05556070804595947,0.2494955062866211,0.33232030272483826,0.6189571619033813,0.1274854838848114
rssm_mean,2,16,9,0.004377349745482206,0.023545444011688232,0.06784164905548096,0.12969493865966797,0.27239274978637695,0.5154575705528259,0.12833049893379211
rssm_mean,2,17,9,0.002982183126732707,0.03648495674133301,0.023244082927703857,0.1758565902709961,0.007976477034389973,0.4555250108242035,0.13162510097026825
rssm_mean,2,18,9,0.002595300320535898,0.03960984945297241,0.024045005440711975,0.11281585693359375,0.07136602699756622,0.37280669808387756,0.14714273810386658
rssm_mean,2,19,9,0.005507585126906633,0.00762861967086792,0.027183786034584045,0.36497318744659424,0.0026617213152348995,1.5683132410049438,0.1580859124660492
rssm_mean,2,20,9,0.08316505700349808,0.12577766180038452,0.21724379062652588,0.9506444931030273,0.11960380524396896,3.296074867248535,0.2399202436208725
rssm_mean,2,21,9,0.06292087584733963,0.20410817861557007,0.04171419143676758,0.6534769535064697,1.2468398809432983,2.8788883686065674,0.219039186835289
rssm_mean,2,22,9,0.022091515362262726,0.096790611743927,0.12408694624900818,0.18399953842163086,2.2027745246887207,1.0915991067886353,0.13973204791545868
rssm_mean,2,23,9,0.00201318203471601,0.015162050724029541,0.01061183214187622,0.21305418014526367,0.009398295544087887,0.661095380783081,0.11428049951791763
rssm_mean,2,24,9,0.024729251861572266,0.12352797389030457,0.04759865999221802,0.41449856758117676,0.0947856456041336,1.0675524473190308,0.13678506016731262
rssm_mean,2,25,9,0.011760697700083256,0.02788400650024414,0.12607231736183167,0.03688192367553711,1.1077055931091309,0.9883114695549011,0.13694867491722107
rssm_mean,2,26,9,0.009996500797569752,0.0005791187286376953,0.11026415228843689,0.2137317657470703,0.2399829626083374,0.5085471272468567,0.14534452557563782
rssm_mean,2,27,9,0.006932506337761879,0.038000643253326416,0.08650987595319748,0.07892704010009766,0.4236222505569458,0.8460295796394348,0.16073302924633026
rssm_mean,2,28,9,0.007630601990967989,0.019245266914367676,0.10025060176849365,0.09848308563232422,0.0848100334405899,1.3689786195755005,0.1737774759531021
rssm_mean,2,29,9,0.0025459681637585163,0.010362029075622559,0.05937907099723816,0.023208975791931152,0.03314489126205444,0.5750675201416016,0.1493513286113739
rssm_mean,2,30,9,0.002957640215754509,0.01848435401916504,0.060696184635162354,0.04203236103057861,0.045898400247097015,0.5427127480506897,0.11680883914232254
rssm_mean,2,31,9,0.002995621645823121,0.016744911670684814,0.05736488103866577,0.10888342559337616,0.010388198308646679,0.48784583806991577,0.09751260280609131
rssm_mean,2,0,10,0.03401420637965202,0.005600988864898682,0.22281816601753235,0.045504093170166016,0.10037440061569214,1.517547845840454,0.2134428769350052
rssm_mean,2,1,10,0.006383710075169802,0.052416324615478516,0.02438598871231079,0.28209829330444336,0.2868134081363678,0.31237083673477173,0.1578734964132309
rssm_mean,2,2,10,0.0003429221687838435,0.010884642601013184,0.015973132103681564,0.032082751393318176,0.08310453593730927,0.4709010422229767,0.11246315389871597
rssm_mean,2,3,10,0.005813419818878174,0.010746657848358154,0.082496777176857,0.16738271713256836,0.0038975526113063097,0.6973982453346252,0.13171783089637756
rssm_mean,2,4,10,0.005196761805564165,0.019980907440185547,0.08282855153083801,0.0440826416015625,0.43499448895454407,0.4709821343421936,0.17756111919879913
rssm_mean,2,5,10,0.0012823052238672972,0.00192183256149292,0.042841553688049316,0.025917530059814453,0.009227301925420761,0.39152610301971436,0.08738917857408524
rssm_mean,2,6,10,0.001406516064889729,0.01305091381072998,0.040802001953125,0.04703354835510254,0.0728950947523117,0.3141848146915436,0.1335412710905075
rssm_mean,2,7,10,0.0012536401627585292,0.0066849589347839355,0.02574223279953003,0.14240527153015137,0.05544019863009453,0.5613161325454712,0.1209011897444725
rssm_mean,2,8,10,4.375516436994076e-05,0.004883706569671631,0.005045026540756226,0.001617431640625,0.013704984448850155,0.5669881105422974,0.13688549399375916
rssm_mean,2,9,10,0.0022940358612686396,0.0236455500125885,0.010533750057220459,0.20788049697875977,0.05913455784320831,0.46994560956954956,0.11831225454807281
rssm_mean,2,10,10,0.0008677947917021811,0.00585484504699707,0.03462985157966614,0.01731550693511963,0.05418141186237335,0.892864465713501,0.17943790555000305
rssm_mean,2,11,10,0.0021296509075909853,0.010661661624908447,0.05384121835231781,0.02589857578277588,0.00619310000911355,1.2680926322937012,0.2003961205482483
rssm_mean,2,12,10,0.003600322874262929,0.036835551261901855,0.05317753553390503,0.0685732364654541,0.0019104592502117157,0.6917978525161743,0.1577308028936386
rssm_mean,2,13,10,0.0003452120872680098,0.0014711618423461914,0.013228999450802803,0.07760918140411377,0.12367264926433563,0.3605201244354248,0.13387639820575714
rssm_mean,2,14,10,0.002212537219747901,0.006988406181335449,0.04938870668411255,0.11531734466552734,0.2713187038898468,0.3627490997314453,0.18167340755462646
rssm_mean,2,15,10,0.004041528794914484,0.02331531047821045,0.05673915147781372,0.18318891525268555,0.10823440551757812,0.3479653000831604,0.10996769368648529
rssm_mean,2,16,10,0.0046073151752352715,0.03504323959350586,0.055233001708984375,0.17772436141967773,0.2125609815120697,0.5094455480575562,0.13307252526283264
rssm_mean,2,17,10,0.0029487486463040113,0.019427478313446045,0.0006613731384277344,0.2613558769226074,0.014491211622953415,0.5691874027252197,0.11335451900959015
rssm_mean,2,18,10,0.003960557747632265,0.04435616731643677,0.045579373836517334,0.10046625137329102,0.00249268114566803,0.3451269268989563,0.15849493443965912
rssm_mean,2,19,10,0.005294835194945335,0.0049217939376831055,0.04184842109680176,0.3314094543457031,0.015800729393959045,1.9643700122833252,0.13490557670593262
rssm_mean,2,20,10,0.11532945185899734,0.15805941820144653,0.24676409363746643,1.1165459156036377,0.22105160355567932,3.3501856327056885,0.29692935943603516
rssm_mean,2,21,10,0.07180431485176086,0.2242363542318344,0.005633652210235596,0.6647472381591797,1.6404165029525757,3.381441593170166,0.23324953019618988
rssm_mean,2,22,10,0.01764330081641674,0.035949647426605225,0.15384076535701752,0.0395660400390625,1.8277679681777954,1.291054129600525,0.15250983834266663
rssm_mean,2,23,10,0.0018704497488215566,0.009451806545257568,0.003073573112487793,0.2182178497314453,0.10015396028757095,0.3886956572532654,0.09062786400318146
rssm_mean,2,24,10,0.03174949809908867,0.14546260237693787,0.03855729103088379,0.447404146194458,0.2666267156600952,2.6829164028167725,0.1346888542175293
rssm_mean,2,25,10,0.01133932638913393,0.008553087711334229,0.1271192878484726,0.07774209976196289,0.08111894875764847,0.5797700881958008,0.16662485897541046
rssm_mean,2,26,10,0.006012430880218744,0.025657355785369873,0.07530409097671509,0.1953425407409668,0.09069151431322098,0.3260362148284912,0.13726884126663208
rssm_mean,2,27,10,0.011544070206582546,0.06447863578796387,0.10042840242385864,0.04533720016479492,0.18666452169418335,0.7508823871612549,0.14771409332752228
rssm_mean,2,28,10,0.008702085353434086,0.021278560161590576,0.10954953730106354,0.01477426290512085,0.08068601787090302,0.9564841985702515,0.20074516534805298
rssm_mean,2,29,10,0.002608072943985462,0.008762657642364502,0.06078982353210449,0.0005552768707275391,0.08675096184015274,0.5199644565582275,0.1472041755914688
rssm_mean,2,30,10,0.003627926344051957,0.02182459831237793,0.06726187467575073,0.019257068634033203,0.043830063194036484,0.3725278973579407,0.12768904864788055
rssm_mean,2,31,10,0.0024583383928984404,0.017928123474121094,0.05247119069099426,0.07774940878152847,0.024840593338012695,0.41276684403419495,0.0756697729229927
rssm_mean,2,0,11,0.02706754021346569,0.043084561824798584,0.18548943102359772,0.2029705047607422,1.2388601303100586,2.010951280593872,0.20816603302955627
rssm_mean,2,1,11,0.004175570327788591,0.02698230743408203,0.009482860565185547,0.29887866973876953,0.15728268027305603,0.4649055600166321,0.13660159707069397
rssm_mean,2,2,11,0.0003202802618034184,0.0058689117431640625,0.02030901610851288,0.004279106855392456,0.04119354113936424,0.736364483833313,0.11848617345094681
rssm_mean,2,3,11,0.005712111014872789,0.019224166870117188,0.08119651675224304,0.14715492725372314,0.053637146949768066,1.2507150173187256,0.12985147535800934
rssm_mean,2,4,11,0.004676333162933588,0.04952073097229004,0.05123031139373779,0.0701136589050293,0.21189142763614655,0.4762629270553589,0.15500998497009277
rssm_mean,2,5,11,0.0017541478155180812,0.01685488224029541,0.04476571083068848,0.04428386688232422,0.3954966962337494,0.47696030139923096,0.09410543739795685
rssm_mean,2,6,11,0.0012114286655560136,0.013493657112121582,0.038097262382507324,0.0230557918548584,0.06320770829916,0.21707767248153687,0.14458711445331573
rssm_mean,2,7,11,0.001028450787998736,0.00011992454528808594,0.01979467272758484,0.14325258135795593,0.09495807439088821,0.376005083322525,0.13108323514461517
rssm_mean,2,8,11,0.0002382867387495935,0.0008137226104736328,0.017911434173583984,0.022325754165649414,0.004142105113714933,0.4447190761566162,0.1347183734178543
rssm_mean,2,9,11,0.0025723546277731657,0.018644094467163086,0.025937020778656006,0.21600818634033203,0.0433490164577961,0.44958674907684326,0.14030563831329346
rssm_mean,2,10,11,0.000726923521142453,0.016142666339874268,0.025118529796600342,0.0155562162399292,0.10673053562641144,0.3630434274673462,0.1574167013168335
rssm_mean,2,11,11,0.001887217746116221,0.021620750427246094,0.04277405887842178,0.05755186080932617,0.043394699692726135,1.0490374565124512,0.21073055267333984
rssm_mean,2,12,11,0.0037688801530748606,0.03566443920135498,0.056706905364990234,0.06803464889526367,0.0012142318300902843,0.9481743574142456,0.1464032530784607
rssm_mean,2,13,11,0.00014695903519168496,0.0010764598846435547,0.011191144585609436,0.040280818939208984,0.0008170725195668638,0.5882406830787659,0.08978433161973953
rssm_mean,2,14,11,0.0015287114074453712,0.012934744358062744,0.028302282094955444,0.1466503143310547,0.2184552550315857,0.3353375494480133,0.15761388838291168
rssm_mean,2,15,11,0.004755556117743254,0.03877091407775879,0.05791683495044708,0.14769840240478516,0.0003961366892326623,0.36895790696144104,0.11331058293581009
rssm_mean,2,16,11,0.004023370798677206,0.029039442539215088,0.021563947200775146,0.27366209030151367,0.160391703248024,0.6674309968948364,0.12220629304647446
rssm_mean,2,17,11,0.0023049842566251755,0.011171579360961914,0.00490078330039978,0.24086618423461914,0.10370705276727676,0.5366407632827759,0.10236292332410812
rssm_mean,2,18,11,0.004731024615466595,0.04602968692779541,0.05823218822479248,0.0467681884765625,0.0024295689072459936,1.02853524684906,0.1305888146162033
rssm_mean,2,19,11,0.00599870877340436,0.0008854269981384277,0.060257285833358765,0.30804938077926636,0.0170187596231699,0.7888772487640381,0.14727307856082916
rssm_mean,2,20,11,0.18438459932804108,0.20894122123718262,0.330763578414917,1.288715124130249,0.7618206143379211,4.697343349456787,0.35132452845573425
rssm_mean,2,21,11,0.08337070792913437,0.23702147603034973,0.06317287683486938,0.711118221282959,1.9894781112670898,3.255052089691162,0.24550816416740417
rssm_mean,2,22,11,0.022432414814829826,0.01697927713394165,0.17806632816791534,0.11171579360961914,0.9345892667770386,1.3441362380981445,0.1629994660615921
rssm_mean,2,23,11,0.0015166631201282144,0.018939852714538574,0.0019145794212818146,0.1737203598022461,0.31195560097694397,0.6347655057907104,0.10642242431640625
rssm_mean,2,24,11,0.03403123468160629,0.14495572447776794,0.03288501501083374,0.5230188369750977,0.5233239531517029,1.7444517612457275,0.16052085161209106
rssm_mean,2,25,11,0.010123074986040592,0.033597350120544434,0.10128530859947205,0.2248249053955078,0.5346440076828003,0.6528412699699402,0.16866107285022736
rssm_mean,2,26,11,0.006140936631709337,0.022269248962402344,0.02130991220474243,0.37752676010131836,0.3061196804046631,0.6818709373474121,0.12727700173854828
rssm_mean,2,27,11,0.01570083759725094,0.0868152379989624,0.10144388675689697,0.09985685348510742,0.3628959059715271,1.1723109483718872,0.14492672681808472
rssm_mean,2,28,11,0.006494229659438133,0.015313446521759033,0.09505687654018402,0.042069196701049805,0.055701881647109985,0.7760365605354309,0.2011437863111496
rssm_mean,2,29,11,0.0023711042013019323,0.011098742485046387,0.057021766901016235,0.02015519142150879,0.10312893986701965,0.28920894861221313,0.15160690248012543
rssm_mean,2,30,11,0.0020277786534279585,0.011187255382537842,0.05254615843296051,0.010929107666015625,0.031617991626262665,0.48550426959991455,0.11313597112894058
rssm_mean,2,31,11,0.002282489789649844,0.014854729175567627,0.05294680595397949,0.0580751970410347,0.023533884435892105,0.4438922703266144,0.08014948666095734
rssm_mean,2,0,12,0.023185813799500465,0.06924420595169067,0.1321997344493866,0.4012293815612793,1.6278913021087646,1.1446077823638916,0.20312871038913727
rssm_mean,2,1,12,0.0036484254524111748,0.022623509168624878,0.014719069004058838,0.28142857551574707,0.02893083728849888,0.49825048446655273,0.11908157169818878
rssm_mean,2,2,12,0.0001827977830544114,0.0016400814056396484,0.015454992651939392,0.021240174770355225,0.00930514931678772,0.18614304065704346,0.11107148230075836
rssm_mean,2,3,12,0.004836862441152334,0.025481998920440674,0.07510456442832947,0.08527469635009766,0.14060676097869873,0.9739127159118652,0.12691640853881836
rssm_mean,2,4,12,0.004062333609908819,0.04783737659454346,0.004651427268981934,0.20289134979248047,0.17994043231010437,0.7554771304130554,0.10990254580974579
rssm_mean,2,5,12,0.003253849456086755,0.03252500295639038,0.05331331491470337,0.06305313110351562,0.16958819329738617,1.0533312559127808,0.13423384726047516
rssm_mean,2,6,12,0.001706414739601314,0.022507429122924805,0.041004836559295654,0.001733243465423584,0.03827616199851036,0.5187993049621582,0.1238732859492302
rssm_mean,2,7,12,0.0010799866868183017,0.0035585761070251465,0.015118598937988281,0.15665943920612335,0.051194317638874054,0.4366695284843445,0.13856515288352966
rssm_mean,2,8,12,8.313744910992682e-05,0.002530336380004883,0.009208202362060547,0.02214491367340088,0.0005407003336586058,0.549968421459198,0.11327680945396423
rssm_mean,2,9,12,0.0031777226831763983,0.01340097188949585,0.03589367866516113,0.23799419403076172,0.11298026889562607,0.40038856863975525,0.127812922000885
rssm_mean,2,10,12,0.0009388855542056262,0.02101069688796997,0.022811412811279297,0.05119526386260986,0.0938209593296051,0.5050288438796997,0.13762308657169342
rssm_mean,2,11,12,0.0017794518498703837,0.02761662006378174,0.028849810361862183,0.10000479221343994,0.13804201781749725,0.3685089349746704,0.17669342458248138
rssm_mean,2,12,12,0.0034164402168244123,0.02662491798400879,0.06100475788116455,0.05037188529968262,0.0005777947371825576,0.7020350098609924,0.15006279945373535
rssm_mean,2,13,12,0.00021051867224741727,0.005429446697235107,0.01062840223312378,0.05216705799102783,0.020163513720035553,0.4066218435764313,0.10861535370349884
rssm_mean,2,14,12,0.0016187039436772466,0.01630079746246338,0.017472654581069946,0.17360663414001465,0.1006779819726944,0.48500704765319824,0.15484370291233063
rssm_mean,2,15,12,0.0064264703541994095,0.05483371019363403,0.06688129901885986,0.03996896743774414,0.02706158347427845,0.39643532037734985,0.08643810451030731
rssm_mean,2,16,12,0.0037638896610587835,0.0018092095851898193,0.012742221355438232,0.3137321472167969,0.07690395414829254,0.28935521841049194,0.10107306391000748
rssm_mean,2,17,12,0.0022009392268955708,0.023506462574005127,0.011948719620704651,0.20077943801879883,0.3539413511753082,0.5733482241630554,0.1238570511341095
rssm_mean,2,18,12,0.006154459435492754,0.05415982007980347,0.06518441438674927,0.023897886276245117,0.022930217906832695,1.1288602352142334,0.1392296552658081
rssm_mean,2,19,12,0.006910212337970734,0.0024994611740112305,0.07119370996952057,0.3046950399875641,0.016549766063690186,0.7597348690032959,0.16721992194652557
rssm_mean,2,20,12,0.27692487835884094,0.27316945791244507,0.4142474830150604,1.4460408687591553,1.802821159362793,7.500905990600586,0.40534767508506775
rssm_mean,2,21,12,0.09312602132558823,0.2362956404685974,0.138735830783844,0.7057018280029297,3.167893171310425,4.4585442543029785,0.2774370610713959
rssm_mean,2,22,12,0.01994781196117401,0.07057088613510132,0.13660964369773865,0.2151947021484375,1.2311911582946777,1.3116341829299927,0.14845885336399078
rssm_mean,2,23,12,0.0016282334690913558,0.032534658908843994,0.004610002040863037,0.10986137390136719,0.022478146478533745,1.1902717351913452,0.15244421362876892
rssm_mean,2,24,12,0.04010863974690437,0.155870258808136,0.01708376407623291,0.5953457355499268,0.7544094324111938,1.2236158847808838,0.17878331243991852
rssm_mean,2,25,12,0.008710109628736973,0.056057512760162354,0.07426226139068604,0.19992446899414062,0.4106949269771576,0.5420010685920715,0.1523967832326889
rssm_mean,2,26,12,0.0048301308415830135,0.008764564990997314,0.008360147476196289,0.3559536933898926,0.17606456577777863,0.9224499464035034,0.16487666964530945
rssm_mean,2,27,12,0.021830113604664803,0.1069837212562561,0.11504542827606201,0.07003259658813477,0.48560500144958496,1.2534326314926147,0.1719265729188919
rssm_mean,2,28,12,0.006125447805970907,0.01606583595275879,0.08995966613292694,0.09214591979980469,0.06435123831033707,1.6627484560012817,0.18472795188426971
rssm_mean,2,29,12,0.002827985445037484,0.021614491939544678,0.0572163462638855,0.045793890953063965,0.08822283893823624,0.23545783758163452,0.15931826829910278
rssm_mean,2,30,12,0.0019357777200639248,0.013508021831512451,0.050276435911655426,0.01527392864227295,0.052215032279491425,0.7153475880622864,0.12063927203416824
rssm_mean,2,31,12,0.0021699778735637665,0.004699826240539551,0.054033249616622925,0.06401795148849487,0.0012324440758675337,0.734403133392334,0.10423436015844345
rssm_mean,2,0,13,0.019954264163970947,0.07834255695343018,0.09529656171798706,0.4342193603515625,1.1376413106918335,0.4950798749923706,0.1906643658876419
rssm_mean,2,1,13,0.0034466851502656937,0.007817655801773071,0.027627766132354736,0.27764391899108887,0.021947000175714493,0.606099009513855,0.12543851137161255
rssm_mean,2,2,13,6.431870860978961e-05,0.003117680549621582,0.005052819848060608,0.031235933303833008,0.0033793493639677763,0.3430849313735962,0.09554877877235413
rssm_mean,2,3,13,0.004182606469839811,0.022035419940948486,0.0726967453956604,0.03235578536987305,0.1448773890733719,0.20380914211273193,0.18782643973827362
rssm_mean,2,4,13,0.006824571639299393,0.038948409259319305,0.04995471239089966,0.30500268936157227,0.18525885045528412,0.7426067590713501,0.10745541006326675
rssm_mean,2,5,13,0.005046701990067959,0.05523473024368286,0.044397950172424316,0.09566402435302734,0.13876011967658997,0.9467902183532715,0.13252092897891998
rssm_mean,2,6,13,0.001663142698816955,0.028024137020111084,0.03231668472290039,0.04779815673828125,0.08428260684013367,0.548782467842102,0.14571960270404816
rssm_mean,2,7,13,0.0009208947885781527,0.0034252405166625977,0.0030988454818725586,0.15592262148857117,0.087814562022686,0.3368898630142212,0.14391203224658966
rssm_mean,2,8,13,0.0001855759765021503,0.0036802291870117188,0.014838755130767822,0.023395657539367676,0.0003502655017655343,0.46551331877708435,0.11575911194086075
rssm_mean,2,9,13,0.003125058487057686,0.006872594356536865,0.04207912087440491,0.2242121696472168,0.3066486120223999,0.41503745317459106,0.11305323988199234
rssm_mean,2,10,13,0.0007808495429344475,0.01885199546813965,0.00955471396446228,0.09390425682067871,0.056347012519836426,0.5333108305931091,0.11536142975091934
rssm_mean,2,11,13,0.0018263483652845025,0.027109086513519287,0.018562674522399902,0.14516913890838623,0.13320325314998627,0.6586482524871826,0.17017748951911926
rssm_mean,2,12,13,0.0029619820415973663,0.03896394371986389,0.043448686599731445,0.0022836923599243164,0.011116617359220982,0.8074939250946045,0.13847489655017853
rssm_mean,2,13,13,0.0002564174064900726,0.004220426082611084,0.005319267511367798,0.07658588886260986,0.018102187663316727,0.33026793599128723,0.11452546715736389
rssm_mean,2,14,13,0.001891424530185759,0.014793634414672852,0.0048084259033203125,0.2099626064300537,0.053946807980537415,0.7317888736724854,0.17987288534641266
rssm_mean,2,15,13,0.007920640520751476,0.0632392168045044,0.07143068313598633,0.028568744659423828,0.0847950354218483,1.6634738445281982,0.12164990603923798
rssm_mean,2,16,13,0.0035494465846568346,0.020798638463020325,0.01812875270843506,0.2771720886230469,0.008140762336552143,0.647369384765625,0.13188721239566803
rssm_mean,2,17,13,0.0019428754458203912,0.03316861391067505,0.005801111459732056,0.13816499710083008,0.016413621604442596,0.5907353758811951,0.11986540257930756
rssm_mean,2,18,13,0.0059117539785802364,0.054464757442474365,0.062013864517211914,0.02164292335510254,0.03489156812429428,1.2390748262405396,0.1449746936559677
rssm_mean,2,19,13,0.00810264516621828,0.0038146376609802246,0.08966992795467377,0.2646010220050812,0.03721323981881142,0.5943468809127808,0.15953831374645233
rssm_mean,2,20,13,0.3671080768108368,0.3607109785079956,0.4075750708580017,1.7249377965927124,3.1914782524108887,8.433412551879883,0.5000758171081543
rssm_mean,2,21,13,0.09653395414352417,0.20114779472351074,0.23674339056015015,0.6074962615966797,4.750277042388916,3.539170503616333,0.31877437233924866
rssm_mean,2,22,13,0.017265284433960915,0.0856127142906189,0.07478886842727661,0.3805828094482422,1.3179713487625122,0.9673586487770081,0.12779276072978973
rssm_mean,2,23,13,0.0018965929048135877,0.038860440254211426,0.011731505393981934,0.061185359954833984,0.0006027240306138992,0.7278837561607361,0.18265549838542938
rssm_mean,2,24,13,0.047595858573913574,0.17776259779930115,0.011451363563537598,0.5850567817687988,1.0232332944869995,2.6937851905822754,0.17748452723026276
rssm_mean,2,25,13,0.0047203474678099155,0.030211806297302246,0.019603073596954346,0.3051419258117676,0.22411534190177917,0.4366856515407562,0.16851702332496643
rssm_mean,2,26,13,0.007499691564589739,0.0019783973693847656,0.021052002906799316,0.4404482841491699,0.06421414017677307,0.4591175615787506,0.149623841047287
rssm_mean,2,27,13,0.019952984526753426,0.11270338296890259,0.0918167233467102,0.07373428344726562,0.27693241834640503,1.0472341775894165,0.198269322514534
rssm_mean,2,28,13,0.004298123996704817,0.0003059506416320801,0.07340168952941895,0.1291956901550293,0.06705917418003082,1.336214542388916,0.17688870429992676
rssm_mean,2,29,13,0.0033557938877493143,0.027992606163024902,0.05753040313720703,0.07916343212127686,0.10445284098386765,0.34623801708221436,0.13090679049491882
rssm_mean,2,30,13,0.0017951899208128452,0.013978660106658936,0.04676193371415138,0.0483553409576416,0.10098747164011002,0.713760256767273,0.11791662126779556
rssm_mean,2,31,13,0.0028428547084331512,0.009502172470092773,0.06303900480270386,0.028314173221588135,0.003305578837171197,0.685486912727356,0.12291625142097473
rssm_mean,2,0,14,0.019685644656419754,0.07587164640426636,0.040038108825683594,0.5747675895690918,0.6246945261955261,1.028483271598816,0.21363671123981476
rssm_mean,2,1,14,0.005158101674169302,0.017756961286067963,0.045926690101623535,0.3014991283416748,0.0033733369782567024,0.2697415351867676,0.13826453685760498
rssm_mean,2,2,14,7.618773815920576e-05,0.0068312883377075195,0.005850479006767273,0.006143033504486084,0.03530876338481903,0.471449613571167,0.08552993834018707
rssm_mean,2,3,14,0.0040101404301822186,0.019778311252593994,0.07238888740539551,0.004738926887512207,0.1423274278640747,0.22765286266803741,0.1813797801733017
rssm_mean,2,4,14,0.006788540631532669,0.014596432447433472,0.07481396198272705,0.2714347839355469,0.15162010490894318,0.8145800828933716,0.163997083902359
rssm_mean,2,5,14,0.005400301888585091,0.05939847230911255,0.02102428674697876,0.18074417114257812,0.2210535705089569,0.45910418033599854,0.12985965609550476
rssm_mean,2,6,14,0.0015161127084866166,0.026275932788848877,0.02613532543182373,0.08828607201576233,0.07559437304735184,0.27788567543029785,0.12034902721643448
rssm_mean,2,7,14,0.0008788260165601969,0.005189299583435059,0.0008591115474700928,0.1512908637523651,0.07003223150968552,0.37074851989746094,0.16875499486923218
rssm_mean,2,8,14,0.0002582070301286876,0.0077841877937316895,0.01520317792892456,0.030108928680419922,0.0017380057834088802,0.6007846593856812,0.15450862050056458
rssm_mean,2,9,14,0.0036475209053605795,0.006641805171966553,0.05679449439048767,0.19405746459960938,0.05414634570479393,0.34040147066116333,0.09240274131298065
rssm_mean,2,10,14,0.0008296685409732163,0.018358826637268066,0.0027617812156677246,0.11054825782775879,0.0412859208881855,0.43312835693359375,0.10804077982902527
rssm_mean,2,11,14,0.0019841163884848356,0.024578869342803955,0.002571582794189453,0.188254714012146,0.08543021976947784,0.5218590497970581,0.16278357803821564
rssm_mean,2,12,14,0.0037619201466441154,0.048109546303749084,0.04211169481277466,0.004845023155212402,0.029876425862312317,0.814889132976532,0.17157897353172302
rssm_mean,2,13,14,0.0003813696384895593,0.0009444355964660645,0.011318087577819824,0.08888256549835205,0.008431919850409031,0.41406697034835815,0.10343106836080551
rssm_mean,2,14,14,0.001245000516064465,0.008881747722625732,0.0023931264877319336,0.17643463611602783,0.0030245615635067225,0.6944394707679749,0.1369919776916504
rssm_mean,2,15,14,0.008985019288957119,0.07091635465621948,0.07064241170883179,0.03132343292236328,0.062416817992925644,1.6691323518753052,0.1533757448196411
rssm_mean,2,16,14,0.0045589241199195385,0.0406721830368042,0.017623603343963623,0.2609248161315918,0.0007568486034870148,0.5113300085067749,0.12493353337049484
rssm_mean,2,17,14,0.0016860365867614746,0.03351873159408569,0.01379173994064331,0.09265613555908203,0.0062084197998046875,0.6381502747535706,0.12297765165567398
rssm_mean,2,18,14,0.0055944356136024,0.0619235634803772,0.04222339391708374,0.0640859603881836,0.048604898154735565,0.9044144153594971,0.14830374717712402
rssm_mean,2,19,14,0.0078413225710392,0.00898510217666626,0.09571145474910736,0.2009269893169403,0.06343809515237808,0.8989574909210205,0.16924645006656647
rssm_mean,2,20,14,0.5034062266349792,0.4899764358997345,0.35679739713668823,2.0245203971862793,6.000724792480469,11.972750663757324,0.6027331948280334
rssm_mean,2,21,14,0.08861067146062851,0.12386471033096313,0.3078400194644928,0.43434667587280273,5.428032875061035,2.695056676864624,0.323898583650589
rssm_mean,2,22,14,0.016926519572734833,0.0705237090587616,0.012950122356414795,0.5528488159179688,0.9817524552345276,0.8542178273200989,0.18062114715576172
rssm_mean,2,23,14,0.003534367075189948,0.04339587688446045,0.04059886932373047,0.0949091911315918,0.005796780344098806,0.9794248342514038,0.1745666265487671
rssm_mean,2,24,14,0.05369812250137329,0.18766136467456818,0.06481301784515381,0.5695919990539551,1.4042904376983643,2.536004066467285,0.2099960446357727
rssm_mean,2,25,14,0.00514430133625865,0.021419018507003784,0.010683715343475342,0.35072994232177734,0.10444913804531097,0.666022539138794,0.13834676146507263
rssm_mean,2,26,14,0.009028393775224686,0.030998386442661285,0.04212063550949097,0.42693662643432617,0.013352252542972565,0.4867978096008301,0.1632126271724701
rssm_mean,2,27,14,0.01811155490577221,0.11381804943084717,0.07042932510375977,0.11035299301147461,0.1818077713251114,1.5923302173614502,0.20919373631477356
rssm_mean,2,28,14,0.0035283733159303665,0.01232069730758667,0.05873623490333557,0.16466093063354492,0.22573862969875336,1.0323785543441772,0.16443821787834167
rssm_mean,2,29,14,0.0037847431376576424,0.029906630516052246,0.05622762441635132,0.13142451643943787,0.028327830135822296,0.381389319896698,0.13012583553791046
rssm_mean,2,30,14,0.0016718650003895164,0.010593712329864502,0.04303625971078873,0.08743804693222046,0.2040003389120102,0.4777783155441284,0.16364122927188873
rssm_mean,2,31,14,0.0023148292675614357,0.012432634830474854,0.05603024363517761,0.0044946372509002686,0.003390890546143055,0.41369688510894775,0.12537726759910583
rssm_mean,2,0,15,0.016807151958346367,0.034783005714416504,0.025474369525909424,0.6367106437683105,0.37500929832458496,0.7469756603240967,0.19824939966201782
rssm_mean,2,1,15,0.006926190108060837,0.041013602167367935,0.038906097412109375,0.33006417751312256,0.0017286355141550303,0.504615306854248,0.12094154953956604
rssm_mean,2,2,15,9.495205449638888e-05,0.0045462846755981445,0.00886988639831543,0.02231067419052124,0.04279641434550285,0.3923388123512268,0.1251835972070694
rssm_mean,2,3,15,0.0037005909252911806,0.021156728267669678,0.06781166791915894,0.042613983154296875,0.14279624819755554,0.3915840983390808,0.17980335652828217
rssm_mean,2,4,15,0.010883412323892117,0.027728915214538574,0.10856801271438599,0.23151683807373047,0.028757533058524132,0.8748802542686462,0.1488518863916397
rssm_mean,2,5,15,0.0064224074594676495,0.06643715500831604,0.024434149265289307,0.17624187469482422,0.20072659850120544,0.6361888647079468,0.10582789778709412
rssm_mean,2,6,15,0.0017055709613487124,0.025872468948364258,0.027875661849975586,0.10862001776695251,0.014665890485048294,0.26511478424072266,0.08840038627386093
rssm_mean,2,7,15,0.000837058003526181,0.008945465087890625,0.008172094821929932,0.13772563636302948,0.07330016791820526,0.455191433429718,0.1529294103384018
rssm_mean,2,8,15,0.00031738364486955106,0.0075029730796813965,0.016523361206054688,0.04311525821685791,0.0045643155463039875,0.6557326316833496,0.1354541927576065
rssm_mean,2,9,15,0.0027007570024579763,0.01807582378387451,0.052389636635780334,0.11217260360717773,0.1519559919834137,0.3956015706062317,0.09668142348527908
rssm_mean,2,10,15,0.0007488166447728872,0.01614999771118164,0.010112464427947998,0.10277342796325684,0.014147261157631874,0.7601524591445923,0.12220224738121033
rssm_mean,2,11,15,0.0021255407482385635,0.020291805267333984,0.01972663402557373,0.19474387168884277,0.03513175621628761,0.4148397147655487,0.15202020108699799
rssm_mean,2,12,15,0.004321235232055187,0.05561554431915283,0.036515653133392334,0.008782655000686646,0.037814196199178696,1.0015876293182373,0.14610235393047333
rssm_mean,2,13,15,0.00024194222351070493,0.0027544498443603516,0.005433231592178345,0.07587003707885742,0.011077537201344967,0.3381834626197815,0.11612510681152344
rssm_mean,2,14,15,0.0018355650827288628,0.010932505130767822,0.02099168300628662,0.19452393054962158,0.005561280529946089,0.3754950761795044,0.11672013998031616
rssm_mean,2,15,15,0.00943956058472395,0.06953343749046326,0.07731419801712036,0.02883768081665039,0.03645768389105797,1.3184376955032349,0.11512820422649384
rssm_mean,2,16,15,0.006240233778953552,0.055501967668533325,0.01748347282409668,0.26671576499938965,0.010260965675115585,0.489103764295578,0.15987582504749298
rssm_mean,2,17,15,0.0037156317848712206,0.04086500406265259,0.04102373123168945,0.13998174667358398,0.005227284040302038,0.9765529632568359,0.11109079420566559
rssm_mean,2,18,15,0.005162457004189491,0.0541113018989563,0.050280988216400146,0.07526898384094238,0.041021645069122314,0.7074953317642212,0.1340661197900772
rssm_mean,2,19,15,0.006994284689426422,0.006219089031219482,0.09492549300193787,0.14674979448318481,0.054720841348171234,0.5213768482208252,0.20495744049549103
rssm_mean,2,20,15,0.701371967792511,0.6428467035293579,0.28556329011917114,2.2660012245178223,10.514241218566895,20.721975326538086,0.6775830984115601
rssm_mean,2,21,15,0.07925007492303848,0.009759366512298584,0.3382626473903656,0.16509103775024414,0.6122126579284668,2.330425262451172,0.272847980260849
rssm_mean,2,22,15,0.02090834639966488,0.052391886711120605,0.041620075702667236,0.6711535453796387,0.495691180229187,0.4442753493785858,0.15094627439975739
rssm_mean,2,23,15,0.006148992106318474,0.04575827717781067,0.06539642810821533,0.1576671600341797,0.001195561490021646,0.9666358232498169,0.1499362736940384
rssm_mean,2,24,15,0.05785384774208069,0.17344164848327637,0.13975316286087036,0.553856372833252,1.938490390777588,2.099494218826294,0.22069260478019714
rssm_mean,2,25,15,0.006403010338544846,0.0013822764158248901,0.03435796499252319,0.3884544372558594,0.027376890182495117,0.44943615794181824,0.13824638724327087
rssm_mean,2,26,15,0.008789779618382454,0.059635311365127563,0.026753365993499756,0.3438119888305664,0.001952855265699327,0.5695805549621582,0.1286158412694931
rssm_mean,2,27,15,0.015696099027991295,0.10803453624248505,0.05320781469345093,0.15611910820007324,0.1773938089609146,1.5755032300949097,0.18762674927711487
rssm_mean,2,28,15,0.0039941840805113316,0.01607269048690796,0.056312963366508484,0.20407259464263916,0.025014350190758705,0.6073760986328125,0.1428525447845459
rssm_mean,2,29,15,0.0035816114395856857,0.028139054775238037,0.04261726140975952,0.1990475058555603,0.06764326989650726,0.17578807473182678,0.11140094697475433
rssm_mean,2,30,15,0.0012352870544418693,0.005777418613433838,0.033414024859666824,0.10845208168029785,0.05826786160469055,0.4118563234806061,0.13503265380859375
rssm_mean,2,31,15,0.0019954354502260685,0.011540651321411133,0.05164128541946411,0.02729061245918274,0.0006025367183610797,0.5231802463531494,0.1222304105758667
rssm_teacher_forced,2,0,1,0.03458787500858307,0.1540425717830658,0.11051493883132935,0.052918195724487305,0.24725787341594696,nan,nan
rssm_teacher_forced,2,1,1,0.002805066294968128,0.04510055482387543,0.024640202522277832,0.06348252296447754,0.0023982226848602295,nan,nan
rssm_teacher_forced,2,2,1,0.001358718960545957,0.0347902774810791,0.005471974611282349,0.011306524276733398,0.14231303334236145,nan,nan
rssm_teacher_forced,2,3,1,0.003960742149502039,0.016440153121948242,0.07138887047767639,0.07022035121917725,0.02193329855799675,nan,nan
rssm_teacher_forced,2,4,1,0.004826599266380072,0.05275338888168335,0.048121094703674316,0.06952357292175293,0.3080732524394989,nan,nan
rssm_teacher_forced,2,5,1,0.014077053405344486,0.06759870052337646,0.022668123245239258,0.4841688871383667,0.058812469244003296,nan,nan
rssm_teacher_forced,2,6,1,9.760059037944302e-05,0.006199657917022705,0.0014808624982833862,0.03807687759399414,0.07342389225959778,nan,nan
rssm_teacher_forced,2,7,1,0.011188586242496967,0.035478949546813965,0.06321445852518082,0.4367654323577881,0.30737781524658203,nan,nan
rssm_teacher_forced,2,8,1,0.0006694715120829642,0.01698911190032959,0.019405245780944824,0.05043911933898926,0.0022730091586709023,nan,nan
rssm_teacher_forced,2,9,1,0.0023840696085244417,0.0007331371307373047,0.05643683671951294,0.07498431205749512,0.01688249222934246,nan,nan
rssm_teacher_forced,2,10,1,0.0046437582932412624,0.0031654834747314453,0.000503242015838623,0.3534740209579468,0.0022435514256358147,nan,nan
rssm_teacher_forced,2,11,1,0.0029888476710766554,0.03808259963989258,0.02007848024368286,0.17346766591072083,0.08943195641040802,nan,nan
rssm_teacher_forced,2,12,1,0.00636683264747262,0.07593393325805664,0.001309812068939209,0.01868414878845215,0.02581018954515457,nan,nan
rssm_teacher_forced,2,13,1,0.0007882542558945715,0.0059517621994018555,0.02483499050140381,0.09406280517578125,0.003562497440725565,nan,nan
rssm_teacher_forced,2,14,1,0.003534386632964015,0.027614176273345947,0.02471214532852173,0.24782824516296387,0.07730302214622498,nan,nan
rssm_teacher_forced,2,15,1,0.0014478786615654826,0.006679177284240723,0.0026979446411132812,0.19388365745544434,0.0010824790224432945,nan,nan
rssm_teacher_forced,2,16,1,0.013026893138885498,0.09493601322174072,0.0136260986328125,0.28303027153015137,0.22919675707817078,nan,nan
rssm_teacher_forced,2,17,1,8.520518895238638e-05,0.00032389163970947266,0.004406571388244629,0.044014930725097656,0.0001596731599420309,nan,nan
rssm_teacher_forced,2,18,1,0.013195723295211792,0.09977114200592041,0.05660945177078247,0.032904624938964844,0.13680289685726166,nan,nan
rssm_teacher_forced,2,19,1,0.00034976398455910385,0.011805832386016846,0.016190871596336365,0.021534323692321777,0.15741167962551117,nan,nan
rssm_teacher_forced,2,20,1,0.007364818826317787,0.06966358423233032,0.01674501597881317,0.22194993495941162,0.03432106226682663,nan,nan
rssm_teacher_forced,2,21,1,0.005092097911983728,0.053638458251953125,0.03211146593093872,0.1812548041343689,0.15525677800178528,nan,nan
rssm_teacher_forced,2,22,1,0.007290134206414223,0.054596781730651855,0.0576288104057312,0.2165161371231079,0.11064425110816956,nan,nan
rssm_teacher_forced,2,23,1,0.007002855185419321,0.03610605001449585,0.07978004217147827,0.1814112663269043,0.0024278650525957346,nan,nan
rssm_teacher_forced,2,24,1,0.0015893696108832955,0.027960240840911865,0.022425085306167603,0.10185287892818451,0.07026159763336182,nan,nan
rssm_teacher_forced,2,25,1,0.029809655621647835,0.058499693870544434,0.17251867055892944,0.39261436462402344,0.0017354125156998634,nan,nan
rssm_teacher_forced,2,26,1,0.0026869429275393486,0.017090409994125366,0.05876743793487549,0.013528108596801758,0.02106739953160286,nan,nan
rssm_teacher_forced,2,27,1,0.0007123611867427826,0.0014272332191467285,0.029710233211517334,0.05380892753601074,0.001001636148430407,nan,nan
rssm_teacher_forced,2,28,1,0.006281325127929449,0.031158745288848877,0.08046111464500427,0.14604254066944122,0.048076506704092026,nan,nan
rssm_teacher_forced,2,29,1,0.002543035428971052,0.04605299234390259,0.012742370367050171,0.05074024200439453,0.18353435397148132,nan,nan
rssm_teacher_forced,2,30,1,0.0042471797205507755,0.037048399448394775,0.0439247190952301,0.19552195072174072,0.022259917110204697,nan,nan
rssm_teacher_forced,2,31,1,0.0036078214179724455,0.05375391244888306,0.010927468538284302,0.09614831209182739,0.0020909381564706564,nan,nan
rssm_teacher_forced,2,0,2,0.027828402817249298,0.1543215811252594,0.03391540050506592,0.14728474617004395,0.19731345772743225,nan,nan
rssm_teacher_forced,2,1,2,0.0006380127742886543,0.021420657634735107,0.0115622878074646,0.03332877159118652,2.5053624995052814e-05,nan,nan
rssm_teacher_forced,2,2,2,0.0012009083293378353,0.00016260147094726562,0.03829869627952576,0.07330882549285889,0.028771119192242622,nan,nan
rssm_teacher_forced,2,3,2,0.0013633952476084232,0.005298018455505371,0.043165892362594604,0.040257811546325684,0.0016987108392640948,nan,nan
rssm_teacher_forced,2,4,2,0.004113803151994944,0.0024900436401367188,0.07416319847106934,0.09730958938598633,0.021396946161985397,nan,nan
rssm_teacher_forced,2,5,2,0.010470797307789326,0.08753213286399841,0.03121429681777954,0.19179558753967285,0.17968767881393433,nan,nan
rssm_teacher_forced,2,6,2,0.0014421719824895263,0.019906222820281982,0.033661436289548874,0.07907557487487793,0.12426429241895676,nan,nan
rssm_teacher_forced,2,7,2,0.005711562931537628,0.034362077713012695,0.05868134647607803,0.2356663942337036,0.21554894745349884,nan,nan
rssm_teacher_forced,2,8,2,0.0012284612748771906,0.03129345178604126,0.013742208480834961,0.023553848266601562,0.0016048070974647999,nan,nan
rssm_teacher_forced,2,9,2,0.00042540859431028366,0.015293896198272705,0.010857820510864258,0.04849553108215332,0.00312840030528605,nan,nan
rssm_teacher_forced,2,10,2,0.0015937233110889792,0.028847157955169678,0.031151115894317627,0.019594311714172363,0.00810037087649107,nan,nan
rssm_teacher_forced,2,11,2,0.00036151427775621414,0.003045797348022461,0.007541269063949585,0.09180021286010742,0.01040083821862936,nan,nan
rssm_teacher_forced,2,12,2,0.0017289373790845275,0.01699167490005493,0.044831037521362305,0.03218269348144531,0.00018850115884561092,nan,nan
rssm_teacher_forced,2,13,2,0.005151404999196529,0.05545884370803833,0.04288560152053833,0.11691675335168839,0.08988628536462784,nan,nan
rssm_teacher_forced,2,14,2,0.005484579596668482,0.05313152074813843,0.0588948130607605,0.012469291687011719,0.00850581657141447,nan,nan
rssm_teacher_forced,2,15,2,0.005659890826791525,0.029744267463684082,0.04254794120788574,0.3049929141998291,0.02961071953177452,nan,nan
rssm_teacher_forced,2,16,2,0.0016186266439035535,0.01912502571940422,0.04125744104385376,0.037908315658569336,9.575526746630203e-06,nan,nan
rssm_teacher_forced,2,17,2,0.006976672913879156,0.011600732803344727,0.08076494932174683,0.2530437707901001,7.456871117028641e-06,nan,nan
rssm_teacher_forced,2,18,2,0.010134880430996418,0.04195423424243927,0.10740333795547485,0.09267234802246094,0.0023757414892315865,nan,nan
rssm_teacher_forced,2,19,2,0.00023081725521478802,0.006585061550140381,0.016371220350265503,0.0007705092430114746,0.17462533712387085,nan,nan
rssm_teacher_forced,2,20,2,0.009392599575221539,0.008875846862792969,0.11647912859916687,0.03329402208328247,0.0028401403687894344,nan,nan
rssm_teacher_forced,2,21,2,0.009118410758674145,0.02889937162399292,0.1089775562286377,0.04884558916091919,0.015542429871857166,nan,nan
rssm_teacher_forced,2,22,2,0.0047034393064677715,0.060861438512802124,0.02640324831008911,0.06282448768615723,0.014708451926708221,nan,nan
rssm_teacher_forced,2,23,2,0.00397527078166604,0.05074518918991089,0.021168768405914307,0.14981257915496826,0.045208640396595,nan,nan
rssm_teacher_forced,2,24,2,0.0033298360649496317,0.05059581995010376,0.02228608727455139,0.067760169506073,0.0678468719124794,nan,nan
rssm_teacher_forced,2,25,2,0.02590477466583252,0.04433530569076538,0.18546593189239502,0.08214402198791504,0.013601907528936863,nan,nan
rssm_teacher_forced,2,26,2,0.007661390583962202,0.07370166480541229,0.04923439025878906,0.024029016494750977,0.024644529446959496,nan,nan
rssm_teacher_forced,2,27,2,0.00010391967225586995,0.004547081887722015,0.0020688772201538086,0.04593014717102051,0.009920697659254074,nan,nan
rssm_teacher_forced,2,28,2,0.0031174495816230774,0.004832744598388672,0.03230738639831543,0.25330376625061035,0.012065330520272255,nan,nan
rssm_teacher_forced,2,29,2,0.001258057076483965,0.007500886917114258,0.03171175718307495,0.11720812320709229,0.05269424244761467,nan,nan
rssm_teacher_forced,2,30,2,0.0035342713817954063,0.025824368000030518,0.05737346410751343,0.12198406457901001,0.09108022600412369,nan,nan
rssm_teacher_forced,2,31,2,0.0030414164066314697,0.01851654052734375,0.021106690168380737,0.25226283073425293,0.151739701628685,nan,nan
rssm_teacher_forced,2,0,3,0.011676141060888767,0.10157236456871033,0.015452027320861816,0.06281161308288574,0.03884659335017204,nan,nan
rssm_teacher_forced,2,1,3,0.0015970069216564298,0.029511094093322754,0.028652310371398926,0.045534610748291016,0.023038655519485474,nan,nan
rssm_teacher_forced,2,2,3,0.0029116941150277853,0.007194995880126953,0.06325142085552216,0.057524144649505615,0.09920070320367813,nan,nan
rssm_teacher_forced,2,3,3,0.005491865333169699,0.02490895986557007,0.05902296304702759,0.25597286224365234,0.12521480023860931,nan,nan
rssm_teacher_forced,2,4,3,0.008410371840000153,0.051302745938301086,0.08205598592758179,0.15689635276794434,0.04473252221941948,nan,nan
rssm_teacher_forced,2,5,3,0.024838915094733238,0.12166047096252441,0.10561096668243408,0.15709137916564941,0.23941963911056519,nan,nan
rssm_teacher_forced,2,6,3,0.00042384793050587177,0.007630050182342529,0.015104362741112709,0.07416057586669922,0.005646449513733387,nan,nan
rssm_teacher_forced,2,7,3,0.00026084284763783216,0.010096132755279541,0.006798893213272095,0.05616813898086548,0.02114422433078289,nan,nan
rssm_teacher_forced,2,8,3,0.011887668631970882,0.026460111141204834,0.06142926216125488,0.47991323471069336,0.08028721809387207,nan,nan
rssm_teacher_forced,2,9,3,0.004554382059723139,0.055803000926971436,0.04051816463470459,0.008125543594360352,0.061393167823553085,nan,nan
rssm_teacher_forced,2,10,3,0.002724774880334735,0.0171126127243042,0.05682724714279175,0.07287931442260742,0.01781451143324375,nan,nan
rssm_teacher_forced,2,11,3,0.003698442131280899,0.03368663787841797,0.048101991415023804,0.15301963686943054,0.015025517903268337,nan,nan
rssm_teacher_forced,2,12,3,0.0038714802358299494,0.04607415199279785,0.03857219219207764,0.11804485321044922,0.08275986462831497,nan,nan
rssm_teacher_forced,2,13,3,0.00040514071588404477,0.019075751304626465,0.0021056830883026123,0.005686938762664795,0.002732844091951847,nan,nan
rssm_teacher_forced,2,14,3,0.003891930915415287,0.02144724130630493,0.01156914234161377,0.29805219173431396,0.014671088196337223,nan,nan
rssm_teacher_forced,2,15,3,0.012292690575122833,0.08579431474208832,0.07676392793655396,0.06549978256225586,0.004191321786493063,nan,nan
rssm_teacher_forced,2,16,3,0.007454118225723505,0.02950650453567505,0.004716217517852783,0.4180469512939453,0.11769835650920868,nan,nan
rssm_teacher_forced,2,17,3,0.011896644718945026,0.09900820255279541,0.014981210231781006,0.1594982147216797,0.06443049013614655,nan,nan
rssm_teacher_forced,2,18,3,0.004935343284159899,0.007665872573852539,0.04691809415817261,0.30136656761169434,0.07776055485010147,nan,nan
rssm_teacher_forced,2,19,3,0.008329921402037144,0.021051347255706787,0.06189447641372681,0.37542062997817993,0.21927082538604736,nan,nan
rssm_teacher_forced,2,20,3,0.00902512762695551,0.07344722747802734,0.03994792699813843,0.23178505897521973,0.048591211438179016,nan,nan
rssm_teacher_forced,2,21,3,0.0040789940394461155,0.02361196279525757,0.07100152969360352,0.02450275421142578,0.03180675581097603,nan,nan
rssm_teacher_forced,2,22,3,0.02483946830034256,0.14064061641693115,0.06452280282974243,0.07416749000549316,0.1008073091506958,nan,nan
rssm_teacher_forced,2,23,3,0.0037849415093660355,0.020265400409698486,0.049119412899017334,0.21317434310913086,0.0161290243268013,nan,nan
rssm_teacher_forced,2,24,3,0.006042649503797293,0.06414830684661865,0.006073415279388428,0.20004209876060486,0.0030136783607304096,nan,nan
rssm_teacher_forced,2,25,3,0.009739621542394161,0.08735659718513489,0.02483212947845459,0.15673303604125977,0.05937087908387184,nan,nan
rssm_teacher_forced,2,26,3,0.011091739870607853,0.08722388744354248,0.05677199363708496,0.11712265014648438,0.000226672796998173,nan,nan
rssm_teacher_forced,2,27,3,0.01083298772573471,0.08115238696336746,0.005315124988555908,0.309769868850708,0.015048088505864143,nan,nan
rssm_teacher_forced,2,28,3,0.005294933449476957,0.03143376111984253,0.05309519171714783,0.24804633855819702,0.08064538985490799,nan,nan
rssm_teacher_forced,2,29,3,0.0015893550589680672,0.02635812759399414,0.03426121175289154,0.024544477462768555,0.41273263096809387,nan,nan
rssm_teacher_forced,2,30,3,0.0017735006986185908,0.01846081018447876,0.03424191474914551,0.1269296407699585,0.03325766697525978,nan,nan
rssm_teacher_forced,2,31,3,0.0049040913581848145,0.01694190502166748,0.04295167326927185,0.29960155487060547,0.011291656643152237,nan,nan
rssm_teacher_forced,2,0,4,0.007444383110851049,0.06355184316635132,0.06582403182983398,0.031084299087524414,0.005305801052600145,nan,nan
rssm_teacher_forced,2,1,4,0.0019224410643801093,0.040696144104003906,0.010522007942199707,0.0244293212890625,0.08856989443302155,nan,nan
rssm_teacher_forced,2,2,4,0.0014862335519865155,0.02856987714767456,0.014941170811653137,0.1082526445388794,0.06212148815393448,nan,nan
rssm_teacher_forced,2,3,4,0.002465030876919627,0.010299921035766602,0.04335063695907593,0.16946983337402344,0.12881611287593842,nan,nan
rssm_teacher_forced,2,4,4,0.004068304784595966,0.05406993627548218,0.030844151973724365,0.07300090789794922,0.034839749336242676,nan,nan
rssm_teacher_forced,2,5,4,0.006160100921988487,0.06368279457092285,0.01021873950958252,0.20906710624694824,0.08861644566059113,nan,nan
rssm_teacher_forced,2,6,4,0.00022652966435998678,0.00030541419982910156,0.0009343624114990234,0.07804393768310547,0.035977818071842194,nan,nan
rssm_teacher_forced,2,7,4,0.005147108808159828,0.004366695880889893,0.022255312651395798,0.3593512773513794,0.0004969394067302346,nan,nan
rssm_teacher_forced,2,8,4,0.004307158757001162,0.021856486797332764,0.01639041304588318,0.31148815155029297,0.49944961071014404,nan,nan
rssm_teacher_forced,2,9,4,0.012694141827523708,0.02487313747406006,0.10289329290390015,0.3591679334640503,0.018814975395798683,nan,nan
rssm_teacher_forced,2,10,4,0.009455007500946522,0.02392345666885376,0.11285510659217834,0.058588266372680664,0.1402433067560196,nan,nan
rssm_teacher_forced,2,11,4,0.006268111988902092,0.027570784091949463,0.08912399411201477,0.01329028606414795,0.08704811334609985,nan,nan
rssm_teacher_forced,2,12,4,0.001995685277506709,0.0068631768226623535,0.0086459219455719,0.22594022750854492,0.0020185746252536774,nan,nan
rssm_teacher_forced,2,13,4,0.005365671124309301,0.03592950105667114,0.024426579475402832,0.3088161051273346,0.0724521279335022,nan,nan
rssm_teacher_forced,2,14,4,0.0007742700981907547,0.02538841962814331,0.006518155336380005,0.030765056610107422,0.08207540959119797,nan,nan
rssm_teacher_forced,2,15,4,0.0024700236972421408,0.011863462626934052,0.02374863624572754,0.22814273834228516,0.06036538630723953,nan,nan
rssm_teacher_forced,2,16,4,0.015967508777976036,0.09305581450462341,0.0848572850227356,0.20179224014282227,0.4874449372291565,nan,nan
rssm_teacher_forced,2,17,4,0.009421473369002342,0.07836085557937622,0.021122217178344727,0.25183892250061035,0.10491575300693512,nan,nan
rssm_teacher_forced,2,18,4,0.005921307485550642,0.0020345449447631836,0.011474847793579102,0.39642763137817383,0.05971948429942131,nan,nan
rssm_teacher_forced,2,19,4,0.0014592685038223863,0.03471028804779053,0.010632514953613281,0.03839677572250366,0.0032986190635710955,nan,nan
rssm_teacher_forced,2,20,4,0.003645476885139942,0.05734097957611084,0.004500478506088257,0.015637099742889404,0.003309178166091442,nan,nan
rssm_teacher_forced,2,21,4,0.017269758507609367,0.1202649474143982,0.032695889472961426,0.1276606321334839,0.02728394977748394,nan,nan
rssm_teacher_forced,2,22,4,0.016979269683361053,0.1122819185256958,0.0574069619178772,0.15039920806884766,0.06728434562683105,nan,nan
rssm_teacher_forced,2,23,4,0.012485009618103504,0.03412213921546936,0.07142049074172974,0.45627617835998535,0.0006038249121047556,nan,nan
rssm_teacher_forced,2,24,4,0.004625437781214714,0.021945297718048096,0.032311320304870605,0.3020150065422058,0.03323015198111534,nan,nan
rssm_teacher_forced,2,25,4,0.007474294397979975,0.061708711087703705,0.055502116680145264,0.1780393123626709,0.0077482908964157104,nan,nan
rssm_teacher_forced,2,26,4,0.01609158329665661,0.10412442684173584,0.07173091173171997,0.1306447982788086,0.10709381103515625,nan,nan
rssm_teacher_forced,2,27,4,0.010087743401527405,0.04654662311077118,0.03770822286605835,0.42603540420532227,0.004035329911857843,nan,nan
rssm_teacher_forced,2,28,4,0.0012649795971810818,0.02410072088241577,0.02928215265274048,0.032642871141433716,0.011852268129587173,nan,nan
rssm_teacher_forced,2,29,4,0.001815473660826683,0.013779640197753906,0.03603807091712952,0.13929474353790283,0.06372955441474915,nan,nan
rssm_teacher_forced,2,30,4,0.002029448514804244,0.010716736316680908,0.002587825059890747,0.22627398371696472,0.002444964600726962,nan,nan
rssm_teacher_forced,2,31,4,0.00161907693836838,0.03429192304611206,0.021665453910827637,0.008910596370697021,0.013139213435351849,nan,nan
rssm_teacher_forced,2,0,5,0.010320235975086689,0.0885123461484909,0.012460410594940186,0.20659685134887695,0.0036383753176778555,nan,nan
rssm_teacher_forced,2,1,5,6.970250979065895e-05,0.0024489760398864746,0.005606502294540405,0.03350830078125,0.041022997349500656,nan,nan
rssm_teacher_forced,2,2,5,0.01223745197057724,0.05556678771972656,0.09511357545852661,0.26774585247039795,0.054718613624572754,nan,nan
rssm_teacher_forced,2,3,5,0.007857837714254856,0.06777089834213257,0.0013457238674163818,0.27462589740753174,0.6211696267127991,nan,nan
rssm_teacher_forced,2,4,5,0.0005439296364784241,0.015272259712219238,0.01828169822692871,0.03979778289794922,0.003241195110604167,nan,nan
rssm_teacher_forced,2,5,5,0.0021357357036322355,0.04327569901943207,0.00861203670501709,0.024206161499023438,0.037328679114580154,nan,nan
rssm_teacher_forced,2,6,5,0.001988937146961689,0.0254327654838562,0.020003363490104675,0.16447854042053223,0.22244034707546234,nan,nan
rssm_teacher_forced,2,7,5,0.005286771804094315,0.006577670574188232,0.05697323754429817,0.2855188846588135,0.10048803687095642,nan,nan
rssm_teacher_forced,2,8,5,0.006695756688714027,0.016864538192749023,0.0949513167142868,0.0780479907989502,0.23348507285118103,nan,nan
rssm_teacher_forced,2,9,5,0.004265381954610348,0.0123634934425354,0.06827545166015625,0.15698766708374023,0.01774098351597786,nan,nan
rssm_teacher_forced,2,10,5,0.0002091899368679151,0.012392044067382812,0.007059827446937561,0.012684464454650879,0.024060998111963272,nan,nan
rssm_teacher_forced,2,11,5,0.004362870007753372,0.003421604633331299,0.079616978764534,0.024013042449951172,3.416484105400741e-05,nan,nan
rssm_teacher_forced,2,12,5,0.0010036722524091601,0.01727735996246338,0.009736046195030212,0.12827253341674805,0.0020413475576788187,nan,nan
rssm_teacher_forced,2,13,5,0.002365776104852557,0.02365189790725708,0.00142592191696167,0.21713227033615112,0.09746024757623672,nan,nan
rssm_teacher_forced,2,14,5,0.0004509934224188328,0.014924407005310059,0.005343258380889893,0.0708456039428711,0.10539750009775162,nan,nan
rssm_teacher_forced,2,15,5,0.009799330495297909,0.08206507563591003,0.0031723380088806152,0.2529566287994385,0.00026597644318826497,nan,nan
rssm_teacher_forced,2,16,5,0.008602526038885117,0.08793145418167114,0.0031387805938720703,0.04558372497558594,0.20961393415927887,nan,nan
rssm_teacher_forced,2,17,5,0.005704627837985754,0.06625348329544067,0.013063549995422363,0.14240407943725586,0.04507111385464668,nan,nan
rssm_teacher_forced,2,18,5,0.005053811240941286,0.0014067292213439941,0.03668081760406494,0.3338661193847656,0.057268716394901276,nan,nan
rssm_teacher_forced,2,19,5,0.004512445535510778,0.03026670217514038,0.05744123458862305,0.18361550569534302,0.00018284849647898227,nan,nan
rssm_teacher_forced,2,20,5,0.0010209741303697228,0.005163729190826416,0.03114217519760132,0.0942460298538208,7.22030526958406e-05,nan,nan
rssm_teacher_forced,2,21,5,0.004832073580473661,0.061190009117126465,0.028590142726898193,0.06332182884216309,0.0019608866423368454,nan,nan
rssm_teacher_forced,2,22,5,0.030288971960544586,0.16088980436325073,0.00928419828414917,0.21478271484375,0.446234792470932,nan,nan
rssm_teacher_forced,2,23,5,0.0014396901242434978,0.006189078092575073,0.002486109733581543,0.1938495635986328,0.08926276862621307,nan,nan
rssm_teacher_forced,2,24,5,0.010335507802665234,0.06847834587097168,0.051741182804107666,0.3001784086227417,0.08483467996120453,nan,nan
rssm_teacher_forced,2,25,5,0.011698242276906967,0.09531952440738678,0.045954883098602295,0.08140993118286133,0.07483457773923874,nan,nan
rssm_teacher_forced,2,26,5,0.01480834186077118,0.10868865251541138,0.0336875319480896,0.16570234298706055,0.3231825530529022,nan,nan
rssm_teacher_forced,2,27,5,0.003443767549470067,0.03892838954925537,0.0049253106117248535,0.21772289276123047,0.017286546528339386,nan,nan
rssm_teacher_forced,2,28,5,0.0002952435170300305,0.015696167945861816,0.005633354187011719,0.0075834691524505615,0.03158154338598251,nan,nan
rssm_teacher_forced,2,29,5,0.007131807506084442,0.07010775804519653,0.03673091158270836,0.14645302295684814,0.017886755988001823,nan,nan
rssm_teacher_forced,2,30,5,0.0031043693888932467,0.00067138671875,0.05878284573554993,0.1416826844215393,0.014205625280737877,nan,nan
rssm_teacher_forced,2,31,5,0.0026739612221717834,0.02251303195953369,0.054858654737472534,0.04038912057876587,0.004512084182351828,nan,nan
rssm_teacher_forced,2,0,6,0.0026190115604549646,0.04844263195991516,0.0039934515953063965,0.024704933166503906,0.06646949797868729,nan,nan
rssm_teacher_forced,2,1,6,0.006163155194371939,0.037578046321868896,0.07398116588592529,0.15317106246948242,0.29283618927001953,nan,nan
rssm_teacher_forced,2,2,6,0.0005801828810945153,0.022149264812469482,0.007621271535754204,0.0004087388515472412,4.354064003564417e-06,nan,nan
rssm_teacher_forced,2,3,6,0.0006580592598766088,0.011826157569885254,0.010229900479316711,0.10800504684448242,0.04293423146009445,nan,nan
rssm_teacher_forced,2,4,6,0.0021797551307827234,0.043509602546691895,0.011180579662322998,0.015286445617675781,0.09775879979133606,nan,nan
rssm_teacher_forced,2,5,6,0.004352837335318327,0.05491510033607483,0.013744533061981201,0.15591192245483398,0.1992824673652649,nan,nan
rssm_teacher_forced,2,6,6,0.0004494086606428027,0.0026317238807678223,0.01648041605949402,0.08314371109008789,0.017183881253004074,nan,nan
rssm_teacher_forced,2,7,6,0.008803204633295536,0.02381587028503418,0.09141982346773148,0.25816667079925537,0.006792956963181496,nan,nan
rssm_teacher_forced,2,8,6,0.002190781757235527,0.008452534675598145,0.022408217191696167,0.21844077110290527,0.0016275806119665504,nan,nan
rssm_teacher_forced,2,9,6,0.015314508229494095,0.05094149708747864,0.1035277247428894,0.37220239639282227,0.019956011325120926,nan,nan
rssm_teacher_forced,2,10,6,0.0060284496285021305,0.029766440391540527,0.05162806808948517,0.2952498197555542,0.012600135989487171,nan,nan
rssm_teacher_forced,2,11,6,0.013656280934810638,0.08741521835327148,0.05001947283744812,0.30850255489349365,0.3482239842414856,nan,nan
rssm_teacher_forced,2,12,6,0.0029913876205682755,0.003822028636932373,0.0006814226508140564,0.2832627296447754,0.0017091429326683283,nan,nan
rssm_teacher_forced,2,13,6,0.0070308540016412735,0.02642679214477539,0.014327704906463623,0.40631890296936035,0.07038448750972748,nan,nan
rssm_teacher_forced,2,14,6,0.0013515744358301163,0.03280121088027954,0.006404101848602295,0.061043739318847656,0.2315545678138733,nan,nan
rssm_teacher_forced,2,15,6,0.0004175947105977684,0.015703946352005005,0.014001309871673584,0.01800394058227539,0.0004938615602441132,nan,nan
rssm_teacher_forced,2,16,6,0.0005229312810115516,0.01267552375793457,0.0043735504150390625,0.09474849700927734,0.05425291508436203,nan,nan
rssm_teacher_forced,2,17,6,0.0016016331501305103,0.030512452125549316,0.0245513916015625,0.06656217575073242,0.0020283127669245005,nan,nan
rssm_teacher_forced,2,18,6,0.009805796667933464,0.018390178680419922,0.08089151978492737,0.365933895111084,0.27880802750587463,nan,nan
rssm_teacher_forced,2,19,6,0.00048643676564097404,0.015597701072692871,0.017549753189086914,0.014755547046661377,0.026970040053129196,nan,nan
rssm_teacher_forced,2,20,6,0.0021064819302409887,0.011152088642120361,0.039737313985824585,0.15503478050231934,0.001195850083604455,nan,nan
rssm_teacher_forced,2,21,6,0.0022158559877425432,0.04040968418121338,0.023580193519592285,0.03161191940307617,0.020608017221093178,nan,nan
rssm_teacher_forced,2,22,6,0.024842513725161552,0.10515309870243073,0.1154223084449768,0.30998659133911133,0.18938885629177094,nan,nan
rssm_teacher_forced,2,23,6,0.006696521770209074,0.07331499457359314,0.03098505735397339,0.05661773681640625,0.04351258650422096,nan,nan
rssm_teacher_forced,2,24,6,0.004222778137773275,0.06104534864425659,0.010123133659362793,0.0356212854385376,0.0403817743062973,nan,nan
rssm_teacher_forced,2,25,6,0.008214115165174007,0.08006918430328369,0.023006677627563477,0.14589452743530273,0.1741044521331787,nan,nan
rssm_teacher_forced,2,26,6,0.012255589477717876,0.08671289682388306,0.002214491367340088,0.32713794708251953,0.47280049324035645,nan,nan
rssm_teacher_forced,2,27,6,0.005792844574898481,0.042951762676239014,0.018397629261016846,0.3085184097290039,0.006117829121649265,nan,nan
rssm_teacher_forced,2,28,6,0.0005677065928466618,0.01142740249633789,0.01509922742843628,0.0850423276424408,0.04435894638299942,nan,nan
rssm_teacher_forced,2,29,6,0.003449414623901248,0.05369675159454346,0.0030608102679252625,0.08474266529083252,0.44607269763946533,nan,nan
rssm_teacher_forced,2,30,6,0.0018280800431966782,0.034161150455474854,0.02812972664833069,0.007348835468292236,0.11107148230075836,nan,nan
rssm_teacher_forced,2,31,6,0.004051871132105589,0.03353404998779297,0.019598007202148438,0.2622836232185364,0.03917509689927101,nan,nan
rssm_teacher_forced,2,0,7,0.004570475779473782,0.05977892875671387,0.025875568389892578,0.06891679763793945,0.01793512888252735,nan,nan
rssm_teacher_forced,2,1,7,0.0003701578825712204,0.013758540153503418,0.0017947480082511902,0.0655674934387207,0.01069752499461174,nan,nan
rssm_teacher_forced,2,2,7,0.003090763231739402,0.017863869667053223,0.03984101116657257,0.21129053831100464,0.011929951608181,nan,nan
rssm_teacher_forced,2,3,7,0.0022118871565908194,0.013160765171051025,0.03519710898399353,0.17802643775939941,0.011754977516829967,nan,nan
rssm_teacher_forced,2,4,7,0.007153726648539305,0.03945428133010864,0.08555114269256592,0.10903406143188477,0.2951030433177948,nan,nan
rssm_teacher_forced,2,5,7,0.0006604927475564182,0.018562138080596924,0.013804018497467041,0.0637655258178711,0.0044455802999436855,nan,nan
rssm_teacher_forced,2,6,7,0.004602100234478712,0.05185061693191528,0.036011338233947754,0.14264965057373047,0.11310756206512451,nan,nan
rssm_teacher_forced,2,7,7,0.0034637118224054575,0.013758659362792969,0.06411750614643097,0.10990405082702637,0.016665538772940636,nan,nan
rssm_teacher_forced,2,8,7,0.00386055582202971,0.05834990739822388,0.007600825279951096,0.0434269905090332,0.3200418949127197,nan,nan
rssm_teacher_forced,2,9,7,0.003671105718240142,0.03365007042884827,0.01622980833053589,0.24599599838256836,0.0031607213895767927,nan,nan
rssm_teacher_forced,2,10,7,0.004639173857867718,0.019773364067077637,0.0598953440785408,0.217789888381958,0.19585023820400238,nan,nan
rssm_teacher_forced,2,11,7,0.00042429487803019583,0.012875199317932129,0.017134923487901688,0.03331923484802246,0.10901327431201935,nan,nan
rssm_teacher_forced,2,12,7,0.008869794197380543,0.025827229022979736,0.06323543190956116,0.38178300857543945,0.003016228089109063,nan,nan
rssm_teacher_forced,2,13,7,0.0018356400541961193,0.03283601999282837,0.0245465487241745,0.07982683181762695,0.15006372332572937,nan,nan
rssm_teacher_forced,2,14,7,0.00413263076916337,0.013388276100158691,0.045680418610572815,0.26019716262817383,0.00015767899458296597,nan,nan
rssm_teacher_forced,2,15,7,0.006414439063519239,0.04138463735580444,0.013723969459533691,0.34444284439086914,0.010415335185825825,nan,nan
rssm_teacher_forced,2,16,7,0.005526222754269838,0.05122017860412598,0.054415300488471985,0.1286611557006836,0.9310228228569031,nan,nan
rssm_teacher_forced,2,17,7,0.0015869442140683532,0.03564070165157318,0.008495151996612549,0.061038970947265625,1.621200135559775e-05,nan,nan
rssm_teacher_forced,2,18,7,0.0028155853506177664,0.028663456439971924,0.050849705934524536,0.06247234344482422,0.2735905945301056,nan,nan
rssm_teacher_forced,2,19,7,0.003918244503438473,0.047037601470947266,0.04508119821548462,0.05001789331436157,0.1280839741230011,nan,nan
rssm_teacher_forced,2,20,7,0.030265504494309425,0.08820199966430664,0.16047099232673645,0.3329346179962158,5.056438749306835e-05,nan,nan
rssm_teacher_forced,2,21,7,0.012214246205985546,0.08194318413734436,0.0827062726020813,0.06258726119995117,0.14203183352947235,nan,nan
rssm_teacher_forced,2,22,7,0.004551715217530727,0.05828303098678589,0.006672024726867676,0.14492416381835938,0.12663955986499786,nan,nan
rssm_teacher_forced,2,23,7,0.0007551810704171658,0.009529411792755127,0.023639559745788574,0.0858907699584961,0.003203624626621604,nan,nan
rssm_teacher_forced,2,24,7,0.007779757026582956,0.014359474182128906,0.09494715929031372,0.19407927989959717,0.007889550179243088,nan,nan
rssm_teacher_forced,2,25,7,0.003980455920100212,0.04723554849624634,0.013043820858001709,0.19473505020141602,0.03645294904708862,nan,nan
rssm_teacher_forced,2,26,7,0.000496027700137347,0.011224985122680664,0.016994208097457886,0.0656895637512207,0.4027663767337799,nan,nan
rssm_teacher_forced,2,27,7,0.003973779734224081,0.007350921630859375,0.07567089796066284,0.010514259338378906,0.011260263621807098,nan,nan
rssm_teacher_forced,2,28,7,0.0010398513404652476,0.007242858409881592,0.03040534257888794,0.09726345539093018,0.040327128022909164,nan,nan
rssm_teacher_forced,2,29,7,0.00040819079731591046,0.016373753547668457,0.011790111660957336,0.02196347713470459,0.3274170160293579,nan,nan
rssm_teacher_forced,2,30,7,0.004788852762430906,0.047716379165649414,0.05776327848434448,0.007074713706970215,0.030720269307494164,nan,nan
rssm_teacher_forced,2,31,7,0.00128852273337543,0.026306569576263428,0.025063812732696533,0.05117271840572357,0.10111086070537567,nan,nan
rssm_teacher_forced,2,0,8,0.011080867610871792,0.08046799898147583,0.044087767601013184,0.26580333709716797,0.4728831350803375,nan,nan
rssm_teacher_forced,2,1,8,0.0003611236170399934,0.015390157699584961,0.006791472434997559,0.043035030364990234,0.13002857565879822,nan,nan
rssm_teacher_forced,2,2,8,0.005261085461825132,0.02415633201599121,0.022845961153507233,0.33903324604034424,0.0067979879677295685,nan,nan
rssm_teacher_forced,2,3,8,0.0001448509719921276,0.0009985566139221191,0.00017533451318740845,0.06226205825805664,0.0031071999110281467,nan,nan
rssm_teacher_forced,2,4,8,0.000510555983055383,0.011098265647888184,0.009980767965316772,0.09096908569335938,0.04111538082361221,nan,nan
rssm_teacher_forced,2,5,8,0.003602031385526061,0.041806817054748535,0.03946113586425781,0.12858295440673828,0.12025558203458786,nan,nan
rssm_teacher_forced,2,6,8,0.004810298327356577,0.057624876499176025,0.029926270246505737,0.1207045316696167,0.21918687224388123,nan,nan
rssm_teacher_forced,2,7,8,0.0004585257265716791,0.015559732913970947,0.0167369544506073,0.0036543607711791992,0.020692093297839165,nan,nan
rssm_teacher_forced,2,8,8,0.002225439064204693,0.014401018619537354,0.049247220158576965,0.09587311744689941,0.022004539147019386,nan,nan
rssm_teacher_forced,2,9,8,0.0011141422437503934,0.019319280982017517,0.0023293495178222656,0.13732671737670898,0.009234265424311161,nan,nan
rssm_teacher_forced,2,10,8,0.001160535728558898,0.011313855648040771,0.005331117659807205,0.16423630714416504,0.07716202735900879,nan,nan
rssm_teacher_forced,2,11,8,0.0035860231146216393,0.03213167190551758,0.012281423434615135,0.25151675939559937,0.5750316381454468,nan,nan
rssm_teacher_forced,2,12,8,0.007745716255158186,0.03863602876663208,0.0878559947013855,0.1496415138244629,0.2696729600429535,nan,nan
rssm_teacher_forced,2,13,8,0.0014163473388180137,0.01548159122467041,0.03832384943962097,0.06346535682678223,0.019720710813999176,nan,nan
rssm_teacher_forced,2,14,8,0.0058434163220226765,0.010614275932312012,0.0794425904750824,0.19498515129089355,0.029028896242380142,nan,nan
rssm_teacher_forced,2,15,8,0.005906660575419664,0.03298097848892212,0.008161067962646484,0.35462427139282227,0.03102826327085495,nan,nan
rssm_teacher_forced,2,16,8,0.0013521094806492329,0.029879212379455566,0.022660966962575912,0.021927833557128906,0.03534497320652008,nan,nan
rssm_teacher_forced,2,17,8,0.008029000833630562,0.0596158504486084,0.07202321290969849,0.12410116195678711,0.19921819865703583,nan,nan
rssm_teacher_forced,2,18,8,0.0002808326680678874,0.0017740130424499512,0.015482395887374878,0.055371761322021484,0.03592754527926445,nan,nan
rssm_teacher_forced,2,19,8,0.011618717573583126,0.02143627405166626,0.0073829591274261475,0.5465424060821533,0.006209471728652716,nan,nan
rssm_teacher_forced,2,20,8,0.013666140846908092,0.10494005680084229,0.04377639293670654,0.07780611515045166,0.06356074661016464,nan,nan
rssm_teacher_forced,2,21,8,0.007809001486748457,0.031732767820358276,0.040484607219696045,0.3879520893096924,0.08488788455724716,nan,nan
rssm_teacher_forced,2,22,8,0.016239691525697708,0.11670941114425659,0.038023412227630615,0.08132600784301758,0.2818264663219452,nan,nan
rssm_teacher_forced,2,23,8,0.00021266989642754197,0.012463271617889404,0.007796227931976318,0.0008111000061035156,0.010388198308646679,nan,nan
rssm_teacher_forced,2,24,8,0.01169395912438631,0.06415897607803345,0.04071754217147827,0.4031646251678467,0.034471940249204636,nan,nan
rssm_teacher_forced,2,25,8,0.002806326374411583,0.03914487361907959,0.04032805562019348,0.014216423034667969,0.3272205889225006,nan,nan
rssm_teacher_forced,2,26,8,0.010301084257662296,0.06964856386184692,0.08489887416362762,0.030527114868164062,1.5969220399856567,nan,nan
rssm_teacher_forced,2,27,8,0.005396779626607895,0.024528682231903076,0.07827509939670563,0.12179327011108398,0.004865704104304314,nan,nan
rssm_teacher_forced,2,28,8,0.0011263712076470256,0.012511789798736572,0.030988365411758423,0.08967439830303192,0.03359609842300415,nan,nan
rssm_teacher_forced,2,29,8,0.0008704179781489074,0.010628163814544678,0.03303952515125275,0.0038242340087890625,0.32178473472595215,nan,nan
rssm_teacher_forced,2,30,8,0.0016629626043140888,0.015344381332397461,0.030353903770446777,0.14451968669891357,0.00210618507117033,nan,nan
rssm_teacher_forced,2,31,8,0.003855665447190404,0.005827546119689941,0.06349721550941467,0.16948202252388,0.07870723307132721,nan,nan
rssm_teacher_forced,2,0,9,0.0025684316642582417,0.04700291156768799,0.010066688060760498,0.04191446304321289,0.6656599044799805,nan,nan
rssm_teacher_forced,2,1,9,0.0008600367582403123,0.0092543363571167,0.03127247095108032,0.05137443542480469,8.312199497595429e-07,nan,nan
rssm_teacher_forced,2,2,9,0.0015793557977303863,0.0028226375579833984,0.0479544997215271,0.00252687931060791,0.1441914290189743,nan,nan
rssm_teacher_forced,2,3,9,0.0001889882842078805,0.004839479923248291,0.0154409259557724,0.0031763315200805664,0.00027475759270600975,nan,nan
rssm_teacher_forced,2,4,9,0.008425597101449966,0.08051687479019165,0.027602553367614746,0.1434187889099121,0.453136146068573,nan,nan
rssm_teacher_forced,2,5,9,0.0024075210094451904,0.035928308963775635,0.03408688306808472,0.07193994522094727,0.2579277753829956,nan,nan
rssm_teacher_forced,2,6,9,0.0022179263178259134,0.03576314449310303,0.03237509727478027,0.05009007453918457,0.0023502674885094166,nan,nan
rssm_teacher_forced,2,7,9,0.003750976175069809,0.04852479696273804,0.029380500316619873,0.12368977069854736,0.01670101471245289,nan,nan
rssm_teacher_forced,2,8,9,0.0023079777602106333,0.0287896990776062,0.03327628970146179,0.13124299049377441,0.004278798121958971,nan,nan
rssm_teacher_forced,2,9,9,0.01321894209831953,0.08097121864557266,0.03563040494918823,0.3719143867492676,0.0005274110590107739,nan,nan
rssm_teacher_forced,2,10,9,0.000187018551514484,0.000989377498626709,0.010865606367588043,0.05329704284667969,0.0219349917024374,nan,nan
rssm_teacher_forced,2,11,9,0.0007718039560131729,0.021757960319519043,0.007815338671207428,0.07499152421951294,0.5472468733787537,nan,nan
rssm_teacher_forced,2,12,9,0.0017999419942498207,0.004547059535980225,0.03673291206359863,0.15192365646362305,0.007288943510502577,nan,nan
rssm_teacher_forced,2,13,9,0.002590661868453026,0.029361367225646973,0.024741288274526596,0.18160700798034668,0.0028215968050062656,nan,nan
rssm_teacher_forced,2,14,9,0.005081567447632551,0.04389357566833496,0.06380392611026764,0.0694739818572998,0.08644814789295197,nan,nan
rssm_teacher_forced,2,15,9,0.0003004742320626974,0.008966267108917236,0.015826106071472168,0.03319883346557617,0.04665953665971756,nan,nan
rssm_teacher_forced,2,16,9,0.010896369814872742,0.04474228620529175,0.11076506972312927,0.09184646606445312,0.1276065856218338,nan,nan
rssm_teacher_forced,2,17,9,0.0040823970921337605,0.06014275550842285,0.011266469955444336,0.016811847686767578,0.039391521364450455,nan,nan
rssm_teacher_forced,2,18,9,0.0017513820203021169,0.029555857181549072,0.02193872630596161,0.11141777038574219,0.019448451697826385,nan,nan
rssm_teacher_forced,2,19,9,0.003274226328358054,0.026797175407409668,0.03810949623584747,0.20055446028709412,0.015181398019194603,nan,nan
rssm_teacher_forced,2,20,9,0.0027519362047314644,0.010149538516998291,0.02224677801132202,0.24909019470214844,0.0021045878529548645,nan,nan
rssm_teacher_forced,2,21,9,0.00634677754715085,0.02197265625,0.015267372131347656,0.3905620574951172,0.10241246968507767,nan,nan
rssm_teacher_forced,2,22,9,0.00459118839353323,0.05505603551864624,0.04280799627304077,0.0022978782653808594,0.4392201900482178,nan,nan
rssm_teacher_forced,2,23,9,0.0016268264735117555,0.019380629062652588,0.028728723526000977,0.13234376907348633,0.05617690458893776,nan,nan
rssm_teacher_forced,2,24,9,0.024680519476532936,0.14127704501152039,0.032841622829437256,0.22955036163330078,0.1066514104604721,nan,nan
rssm_teacher_forced,2,25,9,0.006055727601051331,0.07382774353027344,0.006074115633964539,0.02614307403564453,1.2538678646087646,nan,nan
rssm_teacher_forced,2,26,9,0.008296449668705463,0.07737123966217041,0.04434065893292427,0.09831571578979492,0.005859392695128918,nan,nan
rssm_teacher_forced,2,27,9,0.0016818945296108723,0.025536835193634033,0.02299199253320694,0.12746667861938477,0.18397873640060425,nan,nan
rssm_teacher_forced,2,28,9,0.004479981958866119,0.03870058059692383,0.050670892000198364,0.17039811611175537,0.007983718067407608,nan,nan
rssm_teacher_forced,2,29,9,0.00228157383389771,0.009146630764007568,0.033257484436035156,0.1966702938079834,0.05284014344215393,nan,nan
rssm_teacher_forced,2,30,9,0.0009447350166738033,0.027815699577331543,0.004541248083114624,0.045926570892333984,0.0025654828641563654,nan,nan
rssm_teacher_forced,2,31,9,0.001583627425134182,0.0021548867225646973,0.02883279323577881,0.1651146411895752,0.01564706116914749,nan,nan
rssm_teacher_forced,2,0,10,0.0015206801472231746,0.015061438083648682,0.0379934087395668,0.08767890930175781,0.1519344300031662,nan,nan
rssm_teacher_forced,2,1,10,0.006480257958173752,0.02946603298187256,0.0573958158493042,0.2971625328063965,0.14537076652050018,nan,nan
rssm_teacher_forced,2,2,10,0.001799343153834343,0.015532135963439941,0.011690506711602211,0.19708888232707977,0.20179063081741333,nan,nan
rssm_teacher_forced,2,3,10,0.00360039621591568,0.027668654918670654,0.05878794193267822,0.10346877574920654,0.14665494859218597,nan,nan
rssm_teacher_forced,2,4,10,0.0012832001084461808,0.03167009353637695,0.01601320505142212,0.009049415588378906,0.030627069994807243,nan,nan
rssm_teacher_forced,2,5,10,9.652852895669639e-05,0.007649719715118408,0.00011374056339263916,0.029399394989013672,0.02832542173564434,nan,nan
rssm_teacher_forced,2,6,10,0.002974986331537366,0.05136805772781372,0.002693474292755127,0.0411679744720459,0.03580057993531227,nan,nan
rssm_teacher_forced,2,7,10,0.0007003997452557087,0.023916184902191162,0.009504437446594238,0.015161991119384766,0.013639193028211594,nan,nan
rssm_teacher_forced,2,8,10,0.0017454427434131503,0.0002471804618835449,0.05034962296485901,0.019606590270996094,1.3096723705530167e-08,nan,nan
rssm_teacher_forced,2,9,10,0.01797519065439701,0.12305688858032227,0.04335498809814453,0.01437520980834961,0.25671643018722534,nan,nan
rssm_teacher_forced,2,10,10,0.0048890202306210995,0.00706934928894043,0.06428803503513336,0.23293256759643555,0.036591097712516785,nan,nan
rssm_teacher_forced,2,11,10,0.008397616446018219,0.023735225200653076,0.07868955284357071,0.30936819314956665,0.3752113878726959,nan,nan
rssm_teacher_forced,2,12,10,0.00760253332555294,0.02449822425842285,0.0954139232635498,0.13979792594909668,0.01953432895243168,nan,nan
rssm_teacher_forced,2,13,10,0.0012774891220033169,0.01066124439239502,0.008322976529598236,0.1726316213607788,0.13535594940185547,nan,nan
rssm_teacher_forced,2,14,10,0.004592046141624451,0.009607315063476562,0.08077004551887512,0.030931472778320312,1.0322911293769721e-05,nan,nan
rssm_teacher_forced,2,15,10,0.003993337973952293,0.005042672157287598,0.07072080671787262,0.1217966079711914,0.029685763642191887,nan,nan
rssm_teacher_forced,2,16,10,0.0003144109796267003,0.008703529834747314,0.007396280765533447,0.07225942611694336,0.012629484757781029,nan,nan
rssm_teacher_forced,2,17,10,0.0024580059107393026,0.0032786130905151367,0.05955857038497925,0.02538156509399414,0.05755183473229408,nan,nan
rssm_teacher_forced,2,18,10,0.01335398480296135,0.08358007669448853,0.08818000555038452,0.09684133529663086,0.005468715913593769,nan,nan
rssm_teacher_forced,2,19,10,0.00030534874531440437,0.010588407516479492,0.002851441502571106,0.06895104050636292,0.020491743460297585,nan,nan
rssm_teacher_forced,2,20,10,0.005588877946138382,0.029121696949005127,0.044590771198272705,0.2981877326965332,0.058114729821681976,nan,nan
rssm_teacher_forced,2,21,10,0.002517322078347206,0.00906883180141449,0.046333909034729004,0.16096973419189453,0.050317615270614624,nan,nan
rssm_teacher_forced,2,22,10,0.0021961124148219824,0.020639240741729736,0.00022494792938232422,0.2158055305480957,0.3710613250732422,nan,nan
rssm_teacher_forced,2,23,10,0.0076722800731658936,0.018701255321502686,0.0874917060136795,0.23569774627685547,0.22381159663200378,nan,nan
rssm_teacher_forced,2,24,10,0.004453740548342466,0.045651793479919434,0.0019031763076782227,0.24109125137329102,0.0001431392738595605,nan,nan
rssm_teacher_forced,2,25,10,0.0006434319075196981,0.0013487935066223145,0.02592790126800537,0.07013273239135742,0.04048662260174751,nan,nan
rssm_teacher_forced,2,26,10,0.00023379670165013522,0.00790184736251831,0.014434218406677246,0.02476024627685547,0.0708584114909172,nan,nan
rssm_teacher_forced,2,27,10,0.0006560610490851104,0.007147490978240967,0.025634318590164185,0.0638279914855957,0.02518477849662304,nan,nan
rssm_teacher_forced,2,28,10,0.004189674276858568,0.007122695446014404,0.015340670943260193,0.32734906673431396,0.03691360354423523,nan,nan
rssm_teacher_forced,2,29,10,0.0039022520650178194,0.04095429182052612,0.021804064512252808,0.2159879207611084,0.11094439029693604,nan,nan
rssm_teacher_forced,2,30,10,0.002057508798316121,0.008974075317382812,0.042664170265197754,0.13991296291351318,0.0025824173353612423,nan,nan
rssm_teacher_forced,2,31,10,0.004412421490997076,0.0011962056159973145,0.07697364687919617,0.09920601546764374,0.0026205522008240223,nan,nan
rssm_teacher_forced,2,0,11,0.004286720417439938,0.05076098442077637,0.01900036633014679,0.18000125885009766,0.3716971278190613,nan,nan
rssm_teacher_forced,2,1,11,0.000936633616220206,0.022504746913909912,0.004089653491973877,0.0995187759399414,0.004120834171772003,nan,nan
rssm_teacher_forced,2,2,11,0.0009286399581469595,0.014146089553833008,0.028269410133361816,0.06619143486022949,0.018172314390540123,nan,nan
rssm_teacher_forced,2,3,11,0.0008579242858104408,0.018893003463745117,0.02580133080482483,0.01647663116455078,0.0742885023355484,nan,nan
rssm_teacher_forced,2,4,11,0.00431508244946599,0.05818146467208862,0.017476320266723633,0.10083198547363281,0.004660886246711016,nan,nan
rssm_teacher_forced,2,5,11,0.0034390685614198446,0.04757004976272583,0.026752948760986328,0.1110382080078125,0.03706180304288864,nan,nan
rssm_teacher_forced,2,6,11,0.007382893469184637,0.06836158037185669,0.016653597354888916,0.2348310947418213,0.13312111794948578,nan,nan
rssm_teacher_forced,2,7,11,0.005424037575721741,0.03679549694061279,0.06993609666824341,0.1264042854309082,0.005005933344364166,nan,nan
rssm_teacher_forced,2,8,11,0.005257642362266779,0.02728140354156494,0.07953858375549316,0.05630826950073242,0.041531216353178024,nan,nan
rssm_teacher_forced,2,9,11,0.007071611937135458,0.0760020911693573,0.01931971311569214,0.11048603057861328,0.10281312465667725,nan,nan
rssm_teacher_forced,2,10,11,0.0021548394579440355,0.01058107614517212,0.022272050380706787,0.21367061138153076,0.024018708616495132,nan,nan
rssm_teacher_forced,2,11,11,0.00022954268206376582,0.009749412536621094,0.004378139972686768,0.05489492416381836,0.02173994667828083,nan,nan
rssm_teacher_forced,2,12,11,0.012562650255858898,0.08183121681213379,0.07584547996520996,0.18410110473632812,0.17781199514865875,nan,nan
rssm_teacher_forced,2,13,11,0.00029770779656246305,0.006279945373535156,0.0009690597653388977,0.08270573616027832,0.012811044231057167,nan,nan
rssm_teacher_forced,2,14,11,0.004937344696372747,0.01977330446243286,0.08054929971694946,0.045278310775756836,0.03846502676606178,nan,nan
rssm_teacher_forced,2,15,11,0.001106823910959065,0.008395671844482422,0.016742274165153503,0.1503162384033203,0.09623926132917404,nan,nan
rssm_teacher_forced,2,16,11,0.0023016389459371567,0.016094982624053955,0.044999659061431885,0.1307082176208496,2.173797838622704e-06,nan,nan
rssm_teacher_forced,2,17,11,0.009441343136131763,0.01699984073638916,0.11271363496780396,0.10986948013305664,0.15649886429309845,nan,nan
rssm_teacher_forced,2,18,11,0.0028504503425210714,0.04305070638656616,0.009702801704406738,0.14167451858520508,0.0004797430883627385,nan,nan
rssm_teacher_forced,2,19,11,0.008232942782342434,0.0634492039680481,0.018960490822792053,0.3095158040523529,0.21291814744472504,nan,nan
rssm_teacher_forced,2,20,11,0.0011633881367743015,0.014274835586547852,0.02913874387741089,0.09841132164001465,0.015278405509889126,nan,nan
rssm_teacher_forced,2,21,11,0.008793900720775127,0.02955833077430725,0.05805760622024536,0.3861832618713379,0.06407573819160461,nan,nan
rssm_teacher_forced,2,22,11,0.003495701588690281,0.00762253999710083,0.06906208395957947,0.06864452362060547,0.2572424113750458,nan,nan
rssm_teacher_forced,2,23,11,0.02555309422314167,0.07745087146759033,0.16623106598854065,0.04484272003173828,1.1493465900421143,nan,nan
rssm_teacher_forced,2,24,11,0.005659626331180334,0.04819169640541077,0.0018941760063171387,0.289078950881958,0.006800622679293156,nan,nan
rssm_teacher_forced,2,25,11,0.0003198753693141043,0.016522109508514404,0.0017032623291015625,0.021497726440429688,0.019418936222791672,nan,nan
rssm_teacher_forced,2,26,11,0.015886342152953148,0.11020928621292114,0.05900537967681885,0.05847024917602539,0.511447548866272,nan,nan
rssm_teacher_forced,2,27,11,0.010926549322903156,0.030768096446990967,0.11496955156326294,0.1520705223083496,0.014975293539464474,nan,nan
rssm_teacher_forced,2,28,11,0.002440562704578042,0.024565517902374268,0.04026426374912262,0.13428795337677002,0.16923020780086517,nan,nan
rssm_teacher_forced,2,29,11,0.0019765833858400583,0.023955941200256348,0.038151443004608154,0.09720909595489502,0.0017076450167223811,nan,nan
rssm_teacher_forced,2,30,11,0.00355423497967422,0.003569304943084717,0.06763523817062378,0.10597646236419678,0.0006801732815802097,nan,nan
rssm_teacher_forced,2,31,11,0.003650998929515481,0.03533107042312622,0.057586222887039185,0.017369277775287628,0.09009140729904175,nan,nan
rssm_teacher_forced,2,0,12,0.003860012860968709,0.05566537380218506,0.02302148938179016,0.047638893127441406,0.11149460822343826,nan,nan
rssm_teacher_forced,2,1,12,0.0003481190651655197,0.01073184609413147,0.001394510269165039,0.0770120620727539,0.016244594007730484,nan,nan
rssm_teacher_forced,2,2,12,0.001646100077778101,0.037020206451416016,0.006272077560424805,0.054289042949676514,0.16832830011844635,nan,nan
rssm_teacher_forced,2,3,12,0.007920739240944386,0.03312152624130249,0.0981178879737854,0.06101655960083008,0.07405837625265121,nan,nan
rssm_teacher_forced,2,4,12,0.0031514849979430437,0.04893812537193298,0.020943641662597656,0.07584810256958008,0.018784835934638977,nan,nan
rssm_teacher_forced,2,5,12,0.004680637735873461,0.01472395658493042,0.05955660343170166,0.23339271545410156,0.2645970582962036,nan,nan
rssm_teacher_forced,2,6,12,0.014899355359375477,0.09275734424591064,0.08565515279769897,0.10513508319854736,0.1544918268918991,nan,nan
rssm_teacher_forced,2,7,12,0.004188927356153727,0.008144676685333252,0.07702440023422241,0.041729748249053955,0.05677499994635582,nan,nan
rssm_teacher_forced,2,8,12,0.002716089366003871,0.0391765832901001,0.0013626813888549805,0.16617357730865479,0.0015926811611279845,nan,nan
rssm_teacher_forced,2,9,12,0.002158742630854249,0.025745093822479248,0.02403920888900757,0.16698598861694336,0.00398640800267458,nan,nan
rssm_teacher_forced,2,10,12,0.0014091209741309285,0.01004016399383545,0.018063068389892578,0.17029571533203125,0.017042407765984535,nan,nan
rssm_teacher_forced,2,11,12,0.0043315947987139225,0.05056262016296387,0.043485209345817566,0.07765400409698486,0.056621719151735306,nan,nan
rssm_teacher_forced,2,12,12,0.00032621517311781645,0.013284295797348022,0.009130537509918213,0.04493260383605957,0.0014221303863450885,nan,nan
rssm_teacher_forced,2,13,12,0.002779443981125951,0.016313612461090088,0.0535157173871994,0.1196216344833374,0.10339341312646866,nan,nan
rssm_teacher_forced,2,14,12,0.007545456290245056,0.009160757064819336,0.10439246892929077,0.017436504364013672,0.0396239198744297,nan,nan
rssm_teacher_forced,2,15,12,0.01364003773778677,0.10114175081253052,0.009108275175094604,0.24975347518920898,0.2120336890220642,nan,nan
rssm_teacher_forced,2,16,12,0.004215697292238474,0.02886277437210083,0.06795698404312134,0.06238222122192383,0.019615987315773964,nan,nan
rssm_teacher_forced,2,17,12,0.002260049805045128,0.02118295431137085,0.03202163055539131,0.16951894760131836,0.21098367869853973,nan,nan
rssm_teacher_forced,2,18,12,0.006124075967818499,0.07269978523254395,0.019243836402893066,0.03601694107055664,0.06322138011455536,nan,nan
rssm_teacher_forced,2,19,12,0.0028662506956607103,0.04439568519592285,0.013174325227737427,0.12466025352478027,0.1863161027431488,nan,nan
rssm_teacher_forced,2,20,12,0.003797052660956979,0.030320584774017334,0.007404327392578125,0.27217936515808105,0.0889209732413292,nan,nan
rssm_teacher_forced,2,21,12,0.0026140890549868345,0.010214418172836304,0.022352397441864014,0.24125099182128906,0.019154977053403854,nan,nan
rssm_teacher_forced,2,22,12,0.0030748385470360518,0.027284562587738037,0.057368069887161255,0.013991832733154297,0.03659364953637123,nan,nan
rssm_teacher_forced,2,23,12,0.00820845179259777,0.03859442472457886,0.09764894843101501,0.038865089416503906,0.05972810834646225,nan,nan
rssm_teacher_forced,2,24,12,0.01030715275555849,0.06524443626403809,0.0004715919494628906,0.389223575592041,0.129575714468956,nan,nan
rssm_teacher_forced,2,25,12,0.0023934722412377596,0.02740478515625,0.043716251850128174,0.08389997482299805,0.16441665589809418,nan,nan
rssm_teacher_forced,2,26,12,0.0024928206112235785,0.005024850368499756,0.05975651741027832,0.026783466339111328,0.0007859704201109707,nan,nan
rssm_teacher_forced,2,27,12,0.00493486737832427,0.05999612808227539,0.015270531177520752,0.14778709411621094,0.1099887266755104,nan,nan
rssm_teacher_forced,2,28,12,0.0051659028977155685,0.05892455577850342,0.023129671812057495,0.16217488050460815,0.31695687770843506,nan,nan
rssm_teacher_forced,2,29,12,0.0028103345539420843,0.04492908716201782,0.012630164623260498,0.11346745491027832,0.08825314790010452,nan,nan
rssm_teacher_forced,2,30,12,0.002923378022387624,0.024231255054473877,0.03753656893968582,0.1882774829864502,0.048208124935626984,nan,nan
rssm_teacher_forced,2,31,12,0.00546630984172225,0.01683831214904785,0.06423112750053406,0.25104212760925293,0.00267966091632843,nan,nan
rssm_teacher_forced,2,0,13,0.0031413778197020292,0.03415900468826294,0.025892674922943115,0.19417762756347656,0.008155569434165955,nan,nan
rssm_teacher_forced,2,1,13,0.00524313747882843,0.009300649166107178,0.08498501777648926,0.07630300521850586,0.0020322659984230995,nan,nan
rssm_teacher_forced,2,2,13,0.0005703774513676763,0.015088677406311035,0.020974263548851013,0.022717714309692383,0.03091648407280445,nan,nan
rssm_teacher_forced,2,3,13,0.0024462544824928045,0.03413122892379761,0.02607467770576477,0.13725531101226807,0.10807476937770844,nan,nan
rssm_teacher_forced,2,4,13,0.010451551526784897,0.05182673782110214,0.0880734920501709,0.24332714080810547,0.040536340326070786,nan,nan
rssm_teacher_forced,2,5,13,0.0013857153244316578,0.006708502769470215,0.0024938583374023438,0.1895313262939453,0.008060593158006668,nan,nan
rssm_teacher_forced,2,6,13,0.0007675618398934603,0.0010316967964172363,0.021135568618774414,0.11154764890670776,0.0012641837820410728,nan,nan
rssm_teacher_forced,2,7,13,0.009640774689614773,0.02339547872543335,0.10043063759803772,0.24081312119960785,0.07108910381793976,nan,nan
rssm_teacher_forced,2,8,13,0.0021655240561813116,0.02754300832748413,0.036634743213653564,0.10557091236114502,0.007679064758121967,nan,nan
rssm_teacher_forced,2,9,13,0.0026963267009705305,0.004739522933959961,0.056163012981414795,0.11815595626831055,0.15298974514007568,nan,nan
rssm_teacher_forced,2,10,13,0.0026171270292252302,0.036249399185180664,0.0413820743560791,4.112720489501953e-05,0.06501752138137817,nan,nan
rssm_teacher_forced,2,11,13,0.007320532109588385,0.049464285373687744,0.07162407040596008,0.1739368438720703,0.05127786099910736,nan,nan
rssm_teacher_forced,2,12,13,0.01118260994553566,0.023161888122558594,0.08039915561676025,0.40818166732788086,0.026684580370783806,nan,nan
rssm_teacher_forced,2,13,13,0.002569016069173813,0.022972404956817627,0.0399702787399292,0.15550768375396729,0.10461564362049103,nan,nan
rssm_teacher_forced,2,14,13,0.0008415429037995636,0.002754807472229004,0.03122889995574951,0.06715726852416992,0.001386145013384521,nan,nan
rssm_teacher_forced,2,15,13,0.005304068326950073,0.06531322002410889,0.016333281993865967,0.10668277740478516,0.12103932350873947,nan,nan
rssm_teacher_forced,2,16,13,0.008069205097854137,0.037418439984321594,0.0893365740776062,0.17040348052978516,0.0005511731724254787,nan,nan
rssm_teacher_forced,2,17,13,0.0006975301075726748,0.0023185014724731445,0.028889179229736328,0.057291507720947266,0.006011330056935549,nan,nan
rssm_teacher_forced,2,18,13,0.0010621676919981837,0.021148741245269775,0.007092714309692383,0.12012600898742676,0.08009034395217896,nan,nan
rssm_teacher_forced,2,19,13,0.0013471225975081325,0.029159247875213623,0.023639895021915436,0.027832061052322388,0.0002515875385142863,nan,nan
rssm_teacher_forced,2,20,13,0.002881443127989769,0.021767228841781616,0.04029524326324463,0.18365979194641113,0.011328523978590965,nan,nan
rssm_teacher_forced,2,21,13,0.006218018475919962,0.06820070743560791,0.023162841796875,0.14002656936645508,0.012492246925830841,nan,nan
rssm_teacher_forced,2,22,13,0.010770395398139954,0.007354080677032471,0.10893183946609497,0.26520824432373047,0.11334342509508133,nan,nan
rssm_teacher_forced,2,23,13,0.012901756912469864,0.0436098575592041,0.08963912725448608,0.37877511978149414,0.47649431228637695,nan,nan
rssm_teacher_forced,2,24,13,0.0020400986541062593,0.00046712346374988556,0.054141879081726074,0.032074928283691406,0.02878616377711296,nan,nan
rssm_teacher_forced,2,25,13,0.00401283148676157,0.014225959777832031,0.06768155097961426,0.13360071182250977,1.430194970453158e-06,nan,nan
rssm_teacher_forced,2,26,13,0.006483024451881647,0.02486780285835266,0.06960135698318481,0.2593374252319336,0.008810622617602348,nan,nan
rssm_teacher_forced,2,27,13,0.0064874985255301,0.014627993106842041,0.09343349933624268,0.08850860595703125,0.0009267879067920148,nan,nan
rssm_teacher_forced,2,28,13,0.002649802016094327,0.030197441577911377,0.04085424542427063,0.11674892902374268,0.0753842294216156,nan,nan
rssm_teacher_forced,2,29,13,0.0029489665757864714,0.0366663932800293,0.026804327964782715,0.1623377799987793,0.04227205738425255,nan,nan
rssm_teacher_forced,2,30,13,0.006724528968334198,0.0696905255317688,0.031396202743053436,0.1374434232711792,0.1580623835325241,nan,nan
rssm_teacher_forced,2,31,13,0.0015045460313558578,0.013335347175598145,0.015135973691940308,0.17628157138824463,0.08253970742225647,nan,nan
rssm_teacher_forced,2,0,14,0.0033221107441931963,0.05247777700424194,0.015433788299560547,0.058130741119384766,0.09652378410100937,nan,nan
rssm_teacher_forced,2,1,14,0.005177871789783239,0.030466176569461823,0.04361569881439209,0.27755022048950195,0.17188970744609833,nan,nan
rssm_teacher_forced,2,2,14,0.0018832390196621418,0.0014019012451171875,0.04108612984418869,0.1401578187942505,0.0010760093573480844,nan,nan
rssm_teacher_forced,2,3,14,0.0014993101358413696,0.014101028442382812,0.0318659245967865,0.12580668926239014,3.55669399141334e-05,nan,nan
rssm_teacher_forced,2,4,14,0.0016692521749064326,0.028991729021072388,0.03207290172576904,0.03315401077270508,0.036137357354164124,nan,nan
rssm_teacher_forced,2,5,14,0.0038452818989753723,0.02162235975265503,0.06751590967178345,0.07657432556152344,0.06605241447687149,nan,nan
rssm_teacher_forced,2,6,14,0.0009558362071402371,0.004685342311859131,0.03672128915786743,0.017096787691116333,0.00956899393349886,nan,nan
rssm_teacher_forced,2,7,14,0.012819056399166584,0.05078530311584473,0.09308129549026489,0.3309520184993744,0.07223999500274658,nan,nan
rssm_teacher_forced,2,8,14,0.0055875410325825214,0.03727078437805176,0.07509922981262207,0.07449889183044434,0.007931738160550594,nan,nan
rssm_teacher_forced,2,9,14,0.0026554742362350225,0.029711782932281494,0.048875048756599426,0.03732013702392578,0.06321202963590622,nan,nan
rssm_teacher_forced,2,10,14,0.0011946019949391484,0.018068432807922363,0.013695478439331055,0.13807177543640137,0.006470140535384417,nan,nan
rssm_teacher_forced,2,11,14,0.003779955441132188,0.04501587152481079,0.0023503005504608154,0.20403599739074707,0.024912189692258835,nan,nan
rssm_teacher_forced,2,12,14,0.005343196447938681,0.014227107167243958,0.07606899738311768,0.17754817008972168,1.711114805402758e-07,nan,nan
rssm_teacher_forced,2,13,14,0.006239777896553278,0.0729939341545105,0.002613276243209839,0.09919190406799316,0.3839494287967682,nan,nan
rssm_teacher_forced,2,14,14,0.003037121845409274,0.023204326629638672,0.04254913330078125,0.18047237396240234,0.0005604813923127949,nan,nan
rssm_teacher_forced,2,15,14,0.00202743336558342,0.024394333362579346,0.02418309450149536,0.16194915771484375,0.003452364820986986,nan,nan
rssm_teacher_forced,2,16,14,0.005993682891130447,0.02496868371963501,0.08677619695663452,0.06665992736816406,0.10686704516410828,nan,nan
rssm_teacher_forced,2,17,14,0.0010493214940652251,0.020930349826812744,0.02817392349243164,0.02577066421508789,0.006371790077537298,nan,nan
rssm_teacher_forced,2,18,14,0.00363164278678596,0.010856837034225464,0.06036454439163208,0.16533279418945312,0.12138031423091888,nan,nan
rssm_teacher_forced,2,19,14,0.0014065232826396823,0.008646905422210693,0.041945233941078186,0.05752909183502197,0.08511358499526978,nan,nan
rssm_teacher_forced,2,20,14,0.001341810915619135,0.019813477993011475,0.0023035407066345215,0.15629005432128906,0.0042485338635742664,nan,nan
rssm_teacher_forced,2,21,14,0.01024976372718811,0.010835886001586914,0.10958847403526306,0.22752761840820312,0.42533963918685913,nan,nan
rssm_teacher_forced,2,22,14,0.005405439529567957,0.05152338743209839,0.02583223581314087,0.23369836807250977,0.009907213971018791,nan,nan
rssm_teacher_forced,2,23,14,0.0024608762469142675,0.016567647457122803,0.012515425682067871,0.23522472381591797,0.1925649791955948,nan,nan
rssm_teacher_forced,2,24,14,0.00046195616596378386,0.010721400380134583,0.016014814376831055,0.06572675704956055,6.5710992203094065e-09,nan,nan
rssm_teacher_forced,2,25,14,0.008774325251579285,0.07439841330051422,0.04934936761856079,0.1652851104736328,0.02016540989279747,nan,nan
rssm_teacher_forced,2,26,14,0.002723456360399723,0.016764171421527863,0.02950131893157959,0.2215256690979004,0.00015106756472960114,nan,nan
rssm_teacher_forced,2,27,14,0.0021507267374545336,0.03862947225570679,0.002706170082092285,0.1163167953491211,0.037092652171850204,nan,nan
rssm_teacher_forced,2,28,14,0.0016340658767148852,0.012066781520843506,0.045462414622306824,0.04098248481750488,0.15786528587341309,nan,nan
rssm_teacher_forced,2,29,14,0.0008090119226835668,0.02536916732788086,0.011731982231140137,0.012651443481445312,0.04976731166243553,nan,nan
rssm_teacher_forced,2,30,14,0.003086357144638896,0.03933495283126831,0.04039648547768593,0.0849103331565857,0.2950543463230133,nan,nan
rssm_teacher_forced,2,31,14,0.005670945625752211,0.004023611545562744,0.07649356126785278,0.2114325761795044,0.08429700881242752,nan,nan
rssm_teacher_forced,2,0,15,0.0013854722492396832,0.008046656847000122,0.0437813401222229,0.011858463287353516,0.018649274483323097,nan,nan
rssm_teacher_forced,2,1,15,0.0020688350778073072,0.00836571678519249,0.050438880920410156,0.08284378051757812,0.000260968750808388,nan,nan
rssm_teacher_forced,2,2,15,0.003915654495358467,0.013581514358520508,0.06915305554866791,0.10978299379348755,0.0005739499465562403,nan,nan
rssm_teacher_forced,2,3,15,0.005693584680557251,0.06096833944320679,0.01569807529449463,0.1963818073272705,0.20599132776260376,nan,nan
rssm_teacher_forced,2,4,15,0.023580610752105713,0.14033854007720947,0.04756659269332886,0.09526300430297852,0.13387952744960785,nan,nan
rssm_teacher_forced,2,5,15,0.009015505202114582,0.08876949548721313,0.021829545497894287,0.014863014221191406,0.2683384418487549,nan,nan
rssm_teacher_forced,2,6,15,0.006333436816930771,0.050433576107025146,0.0710139274597168,0.04854580760002136,0.0715034082531929,nan,nan
rssm_teacher_forced,2,7,15,0.013941642828285694,0.0008016228675842285,0.08597874641418457,0.4897458553314209,0.0004943702952004969,nan,nan
rssm_teacher_forced,2,8,15,0.004488329868763685,0.054102420806884766,0.0397106409072876,0.0709342360496521,0.07186829298734665,nan,nan
rssm_teacher_forced,2,9,15,0.006331220734864473,0.0277785062789917,0.0760316550731659,0.20337343215942383,0.10561929643154144,nan,nan
rssm_teacher_forced,2,10,15,0.00032540407846681774,0.003748297691345215,0.011895596981048584,0.07584702968597412,9.232799493474886e-05,nan,nan
rssm_teacher_forced,2,11,15,0.0027660124469548464,0.04550004005432129,0.026146024465560913,0.022197604179382324,0.0657581314444542,nan,nan
rssm_teacher_forced,2,12,15,0.008741376921534538,0.08611622452735901,0.008678078651428223,0.11834477633237839,0.10922828316688538,nan,nan
rssm_teacher_forced,2,13,15,0.0030138723086565733,0.041495561599731445,0.008317023515701294,0.16984188556671143,0.15855035185813904,nan,nan
rssm_teacher_forced,2,14,15,0.0018311458406969905,0.02985239028930664,0.01634448766708374,0.13411235809326172,0.013728775084018707,nan,nan
rssm_teacher_forced,2,15,15,3.122870475635864e-05,0.005260080099105835,0.0006635785102844238,0.003460407257080078,0.03746515139937401,nan,nan
rssm_teacher_forced,2,16,15,0.006175898481160402,0.028322547674179077,0.08727443218231201,0.04949593544006348,0.015950389206409454,nan,nan
rssm_teacher_forced,2,17,15,0.00191460398491472,0.033101677894592285,0.004797697067260742,0.1365823745727539,0.049820300191640854,nan,nan
rssm_teacher_forced,2,18,15,0.0027580137830227613,0.022623509168624878,0.04690253734588623,0.13660645484924316,0.0651627779006958,nan,nan
rssm_teacher_forced,2,19,15,0.004287485498934984,0.018581807613372803,0.07562819868326187,0.00599023699760437,0.10874516516923904,nan,nan
rssm_teacher_forced,2,20,15,0.002612639218568802,0.010694194585084915,0.011866748332977295,0.25391578674316406,0.01583671197295189,nan,nan
rssm_teacher_forced,2,21,15,0.001730057061649859,0.018621623516082764,0.03155545890331268,0.1342301368713379,0.25409260392189026,nan,nan
rssm_teacher_forced,2,22,15,0.00554300332441926,0.03270581364631653,0.04214346408843994,0.2915530204772949,4.876292223343626e-06,nan,nan
rssm_teacher_forced,2,23,15,0.00768273463472724,0.05281949043273926,0.0756184458732605,0.13781499862670898,0.047855526208877563,nan,nan
rssm_teacher_forced,2,24,15,0.008460606448352337,0.08102190494537354,0.006509184837341309,0.17983579635620117,0.08632145076990128,nan,nan
rssm_teacher_forced,2,25,15,0.011350467801094055,0.08186985552310944,0.07572692632675171,0.036641597747802734,0.2942778170108795,nan,nan
rssm_teacher_forced,2,26,15,0.004411228466778994,0.06225866079330444,0.004087507724761963,0.05903887748718262,0.12778550386428833,nan,nan
rssm_teacher_forced,2,27,15,0.00572489807382226,0.06500150263309479,0.03534287214279175,0.07646036148071289,0.1853165179491043,nan,nan
rssm_teacher_forced,2,28,15,0.0032148316968232393,0.0349617600440979,0.04131586104631424,0.13764524459838867,0.29319238662719727,nan,nan
rssm_teacher_forced,2,29,15,0.00479443185031414,0.030173659324645996,0.07171249389648438,0.08683502674102783,0.007068921811878681,nan,nan
rssm_teacher_forced,2,30,15,0.000552116020116955,0.015002429485321045,0.019842270761728287,0.03084886074066162,0.07284669578075409,nan,nan
rssm_teacher_forced,2,31,15,0.0019025959772989154,0.0144730806350708,0.017739057540893555,0.1982288956642151,0.15451020002365112,nan,nan
mlp_recursive,0,0,1,0.00019408523803576827,0.01253730058670044,0.00032716989517211914,0.023704051971435547,nan,nan,nan
mlp_recursive,0,1,1,3.6265537346480414e-05,0.004851981997489929,0.0024632811546325684,0.012915372848510742,nan,nan,nan
mlp_recursive,0,2,1,7.170910248532891e-05,0.000657200813293457,0.008573219180107117,0.023823022842407227,nan,nan,nan
mlp_recursive,0,3,1,0.00048514423542656004,0.01839357614517212,0.003976911306381226,0.05234527587890625,nan,nan,nan
mlp_recursive,0,4,1,0.00024269764253403991,0.01422351598739624,0.004081428050994873,0.01507568359375,nan,nan,nan
mlp_recursive,0,5,1,8.43223460833542e-05,0.004540443420410156,0.002674698829650879,0.039113759994506836,nan,nan,nan
mlp_recursive,0,6,1,5.81925742153544e-05,0.0015193819999694824,0.008017107844352722,0.01780843734741211,nan,nan,nan
mlp_recursive,0,7,1,6.967821536818519e-05,0.0008153915405273438,0.008567765355110168,0.022529125213623047,nan,nan,nan
mlp_recursive,0,8,1,0.00015743158292025328,0.0008104443550109863,0.013235688209533691,0.031624555587768555,nan,nan,nan
mlp_recursive,0,9,1,1.8338439986109734e-05,0.0007512569427490234,0.004924654960632324,0.0055828094482421875,nan,nan,nan
mlp_recursive,0,10,1,0.00033942272420972586,0.012689471244812012,0.014448404312133789,0.022910594940185547,nan,nan,nan
mlp_recursive,0,11,1,0.00022736017126590014,0.00986790657043457,0.012862920761108398,0.013830423355102539,nan,nan,nan
mlp_recursive,0,12,1,0.00017828172713052481,0.005406022071838379,0.010775208473205566,0.04244542121887207,nan,nan,nan
mlp_recursive,0,13,1,0.0003199920756742358,0.01216191053390503,0.01361897587776184,0.02862127125263214,nan,nan,nan
mlp_recursive,0,14,1,0.00028578293859027326,0.008419513702392578,0.014342665672302246,0.04257512092590332,nan,nan,nan
mlp_recursive,0,15,1,0.00020333274733275175,0.01293104887008667,0.0028663277626037598,0.019077777862548828,nan,nan,nan
mlp_recursive,0,16,1,0.00019943423103541136,0.011148393154144287,0.003308534622192383,0.03852367401123047,nan,nan,nan
mlp_recursive,0,17,1,0.00011137838009744883,0.006807208061218262,0.0012829899787902832,0.03995871543884277,nan,nan,nan
mlp_recursive,0,18,1,0.00016310795035678893,0.007750809192657471,0.007817387580871582,0.038580894470214844,nan,nan,nan
mlp_recursive,0,19,1,0.00045413043699227273,0.017646491527557373,0.012173980474472046,0.016289710998535156,nan,nan,nan
mlp_recursive,0,20,1,0.000302432308671996,0.00929325819015503,0.0038547366857528687,0.07291662693023682,nan,nan,nan
mlp_recursive,0,21,1,2.1702804588130675e-05,0.002233147621154785,0.001488327980041504,0.01990872621536255,nan,nan,nan
mlp_recursive,0,22,1,0.00012935300765093416,0.010011911392211914,0.003912746906280518,0.015105247497558594,nan,nan,nan
mlp_recursive,0,23,1,8.861962123773992e-05,0.00866156816482544,0.0026335716247558594,0.005750894546508789,nan,nan,nan
mlp_recursive,0,24,1,3.8332411349983886e-05,0.002545773983001709,0.0029106438159942627,0.026177167892456055,nan,nan,nan
mlp_recursive,0,25,1,0.00014408175775315613,0.010330557823181152,0.003539443016052246,0.022000789642333984,nan,nan,nan
mlp_recursive,0,26,1,0.00028758516418747604,0.013820081949234009,0.0005933046340942383,0.04554605484008789,nan,nan,nan
mlp_recursive,0,27,1,0.00038682171725668013,0.01754552125930786,0.0022057294845581055,0.0345766544342041,nan,nan,nan
mlp_recursive,0,28,1,0.00033982296008616686,0.013153135776519775,0.013501614332199097,0.025826483964920044,nan,nan,nan
mlp_recursive,0,29,1,3.9985588955460116e-05,0.002104818820953369,0.003437548875808716,0.027003049850463867,nan,nan,nan
mlp_recursive,0,30,1,0.00039558892603963614,0.01545780897140503,0.013345032930374146,0.017002344131469727,nan,nan,nan
mlp_recursive,0,31,1,0.00014154963719192892,0.007572591304779053,0.01070527732372284,0.0017352104187011719,nan,nan,nan
mlp_recursive,0,0,2,0.0008172089583240449,0.025686293840408325,0.0033299922943115234,0.04723095893859863,nan,nan,nan
mlp_recursive,0,1,2,0.0001774710399331525,0.009687423706054688,0.007359981536865234,0.031625986099243164,nan,nan,nan
mlp_recursive,0,2,2,0.0007993732579052448,0.01909804344177246,0.020609036087989807,0.05384248495101929,nan,nan,nan
mlp_recursive,0,3,2,0.00041362689808011055,0.012960970401763916,0.00915217399597168,0.06798076629638672,nan,nan,nan
mlp_recursive,0,4,2,0.0008215318084694445,0.02454376220703125,0.011090278625488281,0.04462838172912598,nan,nan,nan
mlp_recursive,0,5,2,0.000383024918846786,0.011871129274368286,0.004885613918304443,0.07552015781402588,nan,nan,nan
mlp_recursive,0,6,2,0.0003676496271509677,0.009667813777923584,0.017548643052577972,0.038297176361083984,nan,nan,nan
mlp_recursive,0,7,2,0.0008055306971073151,0.019698381423950195,0.020522907376289368,0.049378395080566406,nan,nan,nan
mlp_recursive,0,8,2,0.0006872105877846479,0.008454501628875732,0.023951411247253418,0.07645320892333984,nan,nan,nan
mlp_recursive,0,9,2,7.568262662971392e-05,0.000364840030670166,0.010498285293579102,0.002721548080444336,nan,nan,nan
mlp_recursive,0,10,2,0.0009920921875163913,0.02181023359298706,0.023655980825424194,0.04812300205230713,nan,nan,nan
mlp_recursive,0,11,2,0.0003721312677953392,0.008601486682891846,0.01996472477912903,0.02229708433151245,nan,nan,nan
mlp_recursive,0,12,2,0.00048198000877164304,0.015600264072418213,0.01730334758758545,0.015915870666503906,nan,nan,nan
mlp_recursive,0,13,2,0.0009253277094103396,0.019437134265899658,0.02291133999824524,0.06373731791973114,nan,nan,nan
mlp_recursive,0,14,2,0.000909006514120847,0.015594661235809326,0.02335190773010254,0.0851283073425293,nan,nan,nan
mlp_recursive,0,15,2,0.000761385599616915,0.024042069911956787,0.007959604263305664,0.04682111740112305,nan,nan,nan
mlp_recursive,0,16,2,0.0007066242978908122,0.02041684463620186,0.01035076379776001,0.06854367256164551,nan,nan,nan
mlp_recursive,0,17,2,0.0003398145781829953,0.01621091365814209,0.000664830207824707,0.03671395778656006,nan,nan,nan
mlp_recursive,0,18,2,0.0005701169138774276,0.012662753462791443,0.015332579612731934,0.07925963401794434,nan,nan,nan
mlp_recursive,0,19,2,0.0005774282035417855,0.015942156314849854,0.019790321588516235,0.02842801809310913,nan,nan,nan
mlp_recursive,0,20,2,0.0003520120808389038,0.005542159080505371,0.0005622506141662598,0.09260416030883789,nan,nan,nan
mlp_recursive,0,21,2,8.906817674869671e-05,0.0014527440071105957,0.003480195999145508,0.046005070209503174,nan,nan,nan
mlp_recursive,0,22,2,0.0006536322762258351,0.0230865478515625,0.004027366638183594,0.03863024711608887,nan,nan,nan
mlp_recursive,0,23,2,0.00047860725317150354,0.020309746265411377,0.004499673843383789,0.016683578491210938,nan,nan,nan
mlp_recursive,0,24,2,0.0001499959616921842,0.004475295543670654,0.00575140118598938,0.05330243706703186,nan,nan,nan
mlp_recursive,0,25,2,0.0006421742145903409,0.021369099617004395,0.009676575660705566,0.0450136661529541,nan,nan,nan
mlp_recursive,0,26,2,0.0015373561764135957,0.03254975378513336,0.0019037127494812012,0.09956884384155273,nan,nan,nan
mlp_recursive,0,27,2,0.0009904374601319432,0.029445908963680267,0.006878197193145752,0.008745908737182617,nan,nan,nan
mlp_recursive,0,28,2,0.0009659412899054587,0.021139144897460938,0.022616565227508545,0.0579034686088562,nan,nan,nan
mlp_recursive,0,29,2,0.00018205982632935047,0.0028774142265319824,0.011239379644393921,0.048349976539611816,nan,nan,nan
mlp_recursive,0,30,2,0.0010142287937924266,0.022252976894378662,0.023942410945892334,0.04562962055206299,nan,nan,nan
mlp_recursive,0,31,2,0.00024883472360670567,0.0016632080078125,0.01883465051651001,0.009777337312698364,nan,nan,nan
mlp_recursive,0,0,3,0.0016724640736356378,0.0357796847820282,0.008800148963928223,0.07510113716125488,nan,nan,nan
mlp_recursive,0,1,3,0.00048738779150880873,0.013664007186889648,0.01487511396408081,0.059346675872802734,nan,nan,nan
mlp_recursive,0,2,3,0.000878424383699894,0.011460542678833008,0.030073300004005432,0.05596506595611572,nan,nan,nan
mlp_recursive,0,3,3,0.0005694802384823561,0.009933710098266602,0.01713740825653076,0.08377385139465332,nan,nan,nan
mlp_recursive,0,4,3,0.0017025712877511978,0.03635777533054352,0.01493769884109497,0.05029630661010742,nan,nan,nan
mlp_recursive,0,5,3,0.0011558374390006065,0.02402326464653015,0.009082138538360596,0.11182785034179688,nan,nan,nan
mlp_recursive,0,6,3,0.0005870943423360586,0.006939113140106201,0.02693718485534191,0.03224384784698486,nan,nan,nan
mlp_recursive,0,7,3,0.0008166407351382077,0.011135518550872803,0.029197797179222107,0.05137789249420166,nan,nan,nan
mlp_recursive,0,8,3,0.0014282591873779893,0.018678605556488037,0.028160840272903442,0.11639714241027832,nan,nan,nan
mlp_recursive,0,9,3,0.00018461543368175626,0.0037074685096740723,0.015683889389038086,0.006354331970214844,nan,nan,nan
mlp_recursive,0,10,3,0.0015919767320156097,0.027117550373077393,0.02907264232635498,0.07428717613220215,nan,nan,nan
mlp_recursive,0,11,3,0.0011487065348774195,0.020843088626861572,0.02904406189918518,0.05035865306854248,nan,nan,nan
mlp_recursive,0,12,3,0.0010355174308642745,0.021527409553527832,0.027725160121917725,0.0007414817810058594,nan,nan,nan
mlp_recursive,0,13,3,0.0010240814881399274,0.014473915100097656,0.028194695711135864,0.0821848213672638,nan,nan,nan
mlp_recursive,0,14,3,0.000804962357506156,0.008596539497375488,0.02348443865776062,0.09673142433166504,nan,nan,nan
mlp_recursive,0,15,3,0.0015090530505403876,0.030792787671089172,0.015522956848144531,0.08992481231689453,nan,nan,nan
mlp_recursive,0,16,3,0.0014236456481739879,0.028779760003089905,0.018531739711761475,0.08636760711669922,nan,nan,nan
mlp_recursive,0,17,3,0.001202693791128695,0.0298079252243042,0.0023508071899414062,0.07702827453613281,nan,nan,nan
mlp_recursive,0,18,3,0.0010991484159603715,0.016277849674224854,0.022057175636291504,0.11318516731262207,nan,nan,nan
mlp_recursive,0,19,3,0.0009990487014874816,0.01876765489578247,0.02714937925338745,0.053882896900177,nan,nan,nan
mlp_recursive,0,20,3,0.0005125485477037728,0.0023325681686401367,0.005164474248886108,0.11476492881774902,nan,nan,nan
mlp_recursive,0,21,3,0.00012980580504518002,0.0007451176643371582,0.0026636719703674316,0.05791205167770386,nan,nan,nan
mlp_recursive,0,22,3,0.0014200032455846667,0.03326219320297241,0.009110093116760254,0.062400102615356445,nan,nan,nan
mlp_recursive,0,23,3,0.0013821981847286224,0.03499263525009155,0.005363047122955322,0.0190582275390625,nan,nan,nan
mlp_recursive,0,24,3,0.00031487035448662937,0.005466341972351074,0.008313745260238647,0.0795702338218689,nan,nan,nan
mlp_recursive,0,25,3,0.0014201834565028548,0.03133472800254822,0.014970600605010986,0.07070565223693848,nan,nan,nan
mlp_recursive,0,26,3,0.002783442148938775,0.04492047056555748,0.008733987808227539,0.11707091331481934,nan,nan,nan
mlp_recursive,0,27,3,0.0017569991759955883,0.036919258534908295,0.018696725368499756,0.021130800247192383,nan,nan,nan
mlp_recursive,0,28,3,0.0016409425297752023,0.026319444179534912,0.028300762176513672,0.09445729851722717,nan,nan,nan
mlp_recursive,0,29,3,0.0004670238995458931,0.003587484359741211,0.021627485752105713,0.059990525245666504,nan,nan,nan
mlp_recursive,0,30,3,0.0009167483658529818,0.012158632278442383,0.029833495616912842,0.06277221441268921,nan,nan,nan
mlp_recursive,0,31,3,0.0009198462939821184,0.015417695045471191,0.029345273971557617,0.043421268463134766,nan,nan,nan
mlp_recursive,0,0,4,0.003079604357481003,0.047935664653778076,0.014870524406433105,0.1034691333770752,nan,nan,nan
mlp_recursive,0,1,4,0.0008727014646865427,0.016056716442108154,0.024760723114013672,0.06771039962768555,nan,nan,nan
mlp_recursive,0,2,4,0.001236570649780333,0.01067739725112915,0.03899049013853073,0.04432034492492676,nan,nan,nan
mlp_recursive,0,3,4,0.0009851474314928055,0.010699808597564697,0.027330517768859863,0.09701144695281982,nan,nan,nan
mlp_recursive,0,4,4,0.003861077828332782,0.05503600835800171,0.027638792991638184,0.0077724456787109375,nan,nan,nan
mlp_recursive,0,5,4,0.0023242069873958826,0.03678494691848755,0.01374906301498413,0.13782358169555664,nan,nan,nan
mlp_recursive,0,6,4,0.0016643780982121825,0.023247480392456055,0.03890465199947357,0.030886173248291016,nan,nan,nan
mlp_recursive,0,7,4,0.0011066586012020707,0.008039414882659912,0.037704210728406906,0.04176771640777588,nan,nan,nan
mlp_recursive,0,8,4,0.0023261213209480047,0.029449760913848877,0.027366727590560913,0.15222382545471191,nan,nan,nan
mlp_recursive,0,9,4,0.00038499082438647747,0.009299039840698242,0.020020484924316406,0.020781874656677246,nan,nan,nan
mlp_recursive,0,10,4,0.0008646847563795745,0.015945017337799072,0.022699490189552307,0.0792238712310791,nan,nan,nan
mlp_recursive,0,11,4,0.0008855874184519053,0.011945784091949463,0.02847076952457428,0.06867086887359619,nan,nan,nan
mlp_recursive,0,12,4,0.0012150747934356332,0.006371855735778809,0.03952521085739136,0.052845001220703125,nan,nan,nan
mlp_recursive,0,13,4,0.0018196175806224346,0.021439313888549805,0.03335106372833252,0.12219858169555664,nan,nan,nan
mlp_recursive,0,14,4,0.0011510364711284637,0.010897696018218994,0.025891005992889404,0.12316417694091797,nan,nan,nan
mlp_recursive,0,15,4,0.0032091382890939713,0.04993457347154617,0.02001965045928955,0.07125568389892578,nan,nan,nan
mlp_recursive,0,16,4,0.0033634130377322435,0.04362446069717407,0.03130728006362915,0.12692928314208984,nan,nan,nan
mlp_recursive,0,17,4,0.0028162633534520864,0.04899975657463074,0.00037938356399536133,0.06788420677185059,nan,nan,nan
mlp_recursive,0,18,4,0.0017217373242601752,0.01659223437309265,0.02854740619659424,0.15246844291687012,nan,nan,nan
mlp_recursive,0,19,4,0.001655595377087593,0.02288341522216797,0.03345033526420593,0.09211158752441406,nan,nan,nan
mlp_recursive,0,20,4,0.0007885852828621864,0.00014543533325195312,0.009940743446350098,0.13945692777633667,nan,nan,nan
mlp_recursive,0,21,4,0.0001597026566741988,0.002073824405670166,0.0011345148086547852,0.06446564197540283,nan,nan,nan
mlp_recursive,0,22,4,0.002921162871643901,0.04706704616546631,0.016755104064941406,0.08824396133422852,nan,nan,nan
mlp_recursive,0,23,4,0.0028601204976439476,0.050707727670669556,0.005847334861755371,0.010178804397583008,nan,nan,nan
mlp_recursive,0,24,4,0.0005057229427620769,0.005070388317108154,0.010485410690307617,0.10416793823242188,nan,nan,nan
mlp_recursive,0,25,4,0.0032372644636780024,0.046988047659397125,0.02252143621444702,0.11118507385253906,nan,nan,nan
mlp_recursive,0,26,4,0.004236928652971983,0.055891603231430054,0.01967555284500122,0.11965131759643555,nan,nan,nan
mlp_recursive,0,27,4,0.0026948286686092615,0.04203072190284729,0.031233787536621094,0.04711580276489258,nan,nan,nan
mlp_recursive,0,28,4,0.0018925374606624246,0.025004267692565918,0.03078848123550415,0.12250056862831116,nan,nan,nan
mlp_recursive,0,29,4,0.0008827044512145221,0.007180452346801758,0.0314449816942215,0.0637514591217041,nan,nan,nan
mlp_recursive,0,30,4,0.001683108159340918,0.017936408519744873,0.036436498165130615,0.10669398307800293,nan,nan,nan
mlp_recursive,0,31,4,0.0013981849187985063,0.017327189445495605,0.03535890579223633,0.07590946555137634,nan,nan,nan
mlp_recursive,0,0,5,0.006313671823590994,0.06747613847255707,0.025752604007720947,0.15091514587402344,nan,nan,nan
mlp_recursive,0,1,5,0.001535317744128406,0.019038379192352295,0.03649356961250305,0.07816743850708008,nan,nan,nan
mlp_recursive,0,2,5,0.001571729313582182,0.004961609840393066,0.04675818607211113,0.0373193621635437,nan,nan,nan
mlp_recursive,0,3,5,0.0015301137464120984,0.008650600910186768,0.04008495807647705,0.09721899032592773,nan,nan,nan
mlp_recursive,0,4,5,0.004749723244458437,0.05312854051589966,0.047821044921875,0.045934200286865234,nan,nan,nan
mlp_recursive,0,5,5,0.004565973300486803,0.05249278247356415,0.025061070919036865,0.17233777046203613,nan,nan,nan
mlp_recursive,0,6,5,0.0016002083430066705,0.011172115802764893,0.046279177069664,0.0020455121994018555,nan,nan,nan
mlp_recursive,0,7,5,0.002500419272109866,0.028012216091156006,0.04854391887784004,0.026836514472961426,nan,nan,nan
mlp_recursive,0,8,5,0.003259808523580432,0.03908723592758179,0.02290332317352295,0.18127083778381348,nan,nan,nan
mlp_recursive,0,9,5,0.000759150309022516,0.017369568347930908,0.0231056809425354,0.04095292091369629,nan,nan,nan
mlp_recursive,0,10,5,0.0018451465293765068,0.029657959938049316,0.026739373803138733,0.10227048397064209,nan,nan,nan
mlp_recursive,0,11,5,0.0009971909457817674,0.01200026273727417,0.029689818620681763,0.07988214492797852,nan,nan,nan
mlp_recursive,0,12,5,0.0011471909238025546,0.001275777816772461,0.039239197969436646,0.05034589767456055,nan,nan,nan
mlp_recursive,0,13,5,0.0014359885826706886,0.01082909107208252,0.029604166746139526,0.13821709156036377,nan,nan,nan
mlp_recursive,0,14,5,0.002104975050315261,0.02464616298675537,0.027670711278915405,0.15691137313842773,nan,nan,nan
mlp_recursive,0,15,5,0.0042745191603899,0.05343127250671387,0.03337979316711426,0.09965848922729492,nan,nan,nan
mlp_recursive,0,16,5,0.004182452801615,0.04411661624908447,0.04804486036300659,0.11160945892333984,nan,nan,nan
mlp_recursive,0,17,5,0.00529913604259491,0.06837522983551025,0.0058446526527404785,0.05803632736206055,nan,nan,nan
mlp_recursive,0,18,5,0.002391597256064415,0.01026374101638794,0.0330965518951416,0.20297527313232422,nan,nan,nan
mlp_recursive,0,19,5,0.00157734879758209,0.014849305152893066,0.034893929958343506,0.11647012829780579,nan,nan,nan
mlp_recursive,0,20,5,0.0012818091781809926,0.0014355778694152832,0.014558970928192139,0.17494702339172363,nan,nan,nan
mlp_recursive,0,21,5,0.0004026750393677503,0.008818864822387695,0.0025333166122436523,0.09182190895080566,nan,nan,nan
mlp_recursive,0,22,5,0.005031561944633722,0.06084199994802475,0.02601301670074463,0.1150813102722168,nan,nan,nan
mlp_recursive,0,23,5,0.006005515810102224,0.07198235392570496,0.020411014556884766,0.018208026885986328,nan,nan,nan
mlp_recursive,0,24,5,0.0006432178779505193,0.003078937530517578,0.011141419410705566,0.12157416343688965,nan,nan,nan
mlp_recursive,0,25,5,0.004835228435695171,0.05815650522708893,0.03125888109207153,0.10913848876953125,nan,nan,nan
mlp_recursive,0,26,5,0.005762979853898287,0.06173163652420044,0.03767627477645874,0.12668609619140625,nan,nan,nan
mlp_recursive,0,27,5,0.0035675037652254105,0.0415574312210083,0.044788897037506104,0.08918046951293945,nan,nan,nan
mlp_recursive,0,28,5,0.002676940755918622,0.030111491680145264,0.032128989696502686,0.1620016098022461,nan,nan,nan
mlp_recursive,0,29,5,0.0013161752140149474,0.005922257900238037,0.041659947484731674,0.049916863441467285,nan,nan,nan
mlp_recursive,0,30,5,0.0017386371036991477,0.009214401245117188,0.038439810276031494,0.13097919523715973,nan,nan,nan
mlp_recursive,0,31,5,0.0022776497062295675,0.02326488494873047,0.04035964608192444,0.12388020753860474,nan,nan,nan
mlp_recursive,0,0,6,0.008950679562985897,0.07904699444770813,0.04179739952087402,0.15348243713378906,nan,nan,nan
mlp_recursive,0,1,6,0.0027514223475009203,0.02223914861679077,0.05353011190891266,0.0820779800415039,nan,nan,nan
mlp_recursive,0,2,6,0.001995877595618367,0.000887453556060791,0.053682126104831696,0.027059167623519897,nan,nan,nan
mlp_recursive,0,3,6,0.002170279622077942,0.009817361831665039,0.05133386701345444,0.08448207378387451,nan,nan,nan
mlp_recursive,0,4,6,0.005595713388174772,0.046109139919281006,0.06771737337112427,0.057346343994140625,nan,nan,nan
mlp_recursive,0,5,6,0.009069382213056087,0.07410404086112976,0.04454463720321655,0.21186065673828125,nan,nan,nan
mlp_recursive,0,6,6,0.0026084415148943663,0.019275188446044922,0.05618607997894287,0.034204721450805664,nan,nan,nan
mlp_recursive,0,7,6,0.0032745932694524527,0.02989041805267334,0.05791108310222626,0.001770615577697754,nan,nan,nan
mlp_recursive,0,8,6,0.004034414421766996,0.04688560962677002,0.014982637017965317,0.1983809471130371,nan,nan,nan
mlp_recursive,0,9,6,0.0014405719703063369,0.02804085612297058,0.02451413869857788,0.06648802757263184,nan,nan,nan
mlp_recursive,0,10,6,0.001949042547494173,0.030942678451538086,0.025110669434070587,0.11181795597076416,nan,nan,nan
mlp_recursive,0,11,6,0.0014994405210018158,0.01950126886367798,0.033137887716293335,0.09442377090454102,nan,nan,nan
mlp_recursive,0,12,6,0.002409448614344001,0.030522286891937256,0.03852909803390503,0.09980535507202148,nan,nan,nan
mlp_recursive,0,13,6,0.0016705015441402793,0.011922001838684082,0.029530197381973267,0.15738701820373535,nan,nan,nan
mlp_recursive,0,14,6,0.003100139321759343,0.03566688299179077,0.02506682276725769,0.18503808975219727,nan,nan,nan
mlp_recursive,0,15,6,0.005131494253873825,0.05035695433616638,0.04778337478637695,0.14489984512329102,nan,nan,nan
mlp_recursive,0,16,6,0.005036639980971813,0.03696095943450928,0.06890600919723511,0.08832311630249023,nan,nan,nan
mlp_recursive,0,17,6,0.008966458961367607,0.08874285221099854,0.012597978115081787,0.06994342803955078,nan,nan,nan
mlp_recursive,0,18,6,0.0028275877702981234,0.005118250846862793,0.032447993755340576,0.23683929443359375,nan,nan,nan
mlp_recursive,0,19,6,0.001552637666463852,0.003928184509277344,0.03379502892494202,0.14276835322380066,nan,nan,nan
mlp_recursive,0,20,6,0.001681764260865748,0.0020702481269836426,0.018080323934555054,0.19801688194274902,nan,nan,nan
mlp_recursive,0,21,6,0.0009074280969798565,0.02063894271850586,0.0024060606956481934,0.10821151733398438,nan,nan,nan
mlp_recursive,0,22,6,0.007681198883801699,0.07332731783390045,0.03963190317153931,0.1358804702758789,nan,nan,nan
mlp_recursive,0,23,6,0.008021587505936623,0.07950133085250854,0.039355337619781494,0.0028061866760253906,nan,nan,nan
mlp_recursive,0,24,6,0.001601655501872301,0.01106792688369751,0.012815535068511963,0.19113636016845703,nan,nan,nan
mlp_recursive,0,25,6,0.006401910912245512,0.06471395492553711,0.04581725597381592,0.0977621078491211,nan,nan,nan
mlp_recursive,0,26,6,0.007350757252424955,0.06119436025619507,0.06123405694961548,0.13386917114257812,nan,nan,nan
mlp_recursive,0,27,6,0.004347670823335648,0.03625994920730591,0.05654340982437134,0.13895130157470703,nan,nan,nan
mlp_recursive,0,28,6,0.003417275147512555,0.03383946418762207,0.030915111303329468,0.20133815705776215,nan,nan,nan
mlp_recursive,0,29,6,0.0017380351200699806,0.0017957687377929688,0.04987730830907822,0.031023859977722168,nan,nan,nan
mlp_recursive,0,30,6,0.002008082577958703,0.0035232901573181152,0.03960469365119934,0.1578051894903183,nan,nan,nan
mlp_recursive,0,31,6,0.0031635139603167772,0.026656270027160645,0.04240858554840088,0.176308274269104,nan,nan,nan
mlp_recursive,0,0,7,0.010783303529024124,0.08290669322013855,0.062190473079681396,0.12390613555908203,nan,nan,nan
mlp_recursive,0,1,7,0.0031380755826830864,0.005884051322937012,0.06705321371555328,0.028290748596191406,nan,nan,nan
mlp_recursive,0,2,7,0.002620779676362872,0.005985260009765625,0.06147313117980957,0.004641413688659668,nan,nan,nan
mlp_recursive,0,3,7,0.0028339677955955267,0.005952060222625732,0.06243579834699631,0.05988574028015137,nan,nan,nan
mlp_recursive,0,4,7,0.005757834762334824,0.0274696946144104,0.08171740174293518,0.09941816329956055,nan,nan,nan
mlp_recursive,0,5,7,0.011095485650002956,0.07652401924133301,0.06864112615585327,0.19613122940063477,nan,nan,nan
mlp_recursive,0,6,7,0.0035025449469685555,0.020131945610046387,0.06360393762588501,0.08897161483764648,nan,nan,nan
mlp_recursive,0,7,7,0.004244058858603239,0.03385424613952637,0.0654653012752533,0.038429856300354004,nan,nan,nan
mlp_recursive,0,8,7,0.0033893610816448927,0.042645156383514404,0.0034112296998500824,0.19276642799377441,nan,nan,nan
mlp_recursive,0,9,7,0.002267964417114854,0.041648298501968384,0.020806312561035156,0.04064607620239258,nan,nan,nan
mlp_recursive,0,10,7,0.002871685428544879,0.041987061500549316,0.023184705525636673,0.12315070629119873,nan,nan,nan
mlp_recursive,0,11,7,0.0025427055079489946,0.033362388610839844,0.03489820659160614,0.1143409013748169,nan,nan,nan
mlp_recursive,0,12,7,0.0015720794908702374,0.030800044536590576,0.020345598459243774,0.0811614990234375,nan,nan,nan
mlp_recursive,0,13,7,0.0021428384352475405,0.01800668239593506,0.02939261496067047,0.17957711219787598,nan,nan,nan
mlp_recursive,0,14,7,0.0019488740945234895,0.024127721786499023,0.011595077812671661,0.1810743808746338,nan,nan,nan
mlp_recursive,0,15,7,0.0061928159557282925,0.04790014028549194,0.05976229906082153,0.18184375762939453,nan,nan,nan
mlp_recursive,0,16,7,0.005601408425718546,0.020321249961853027,0.08635053038597107,0.03841114044189453,nan,nan,nan
mlp_recursive,0,17,7,0.014504910446703434,0.11079438030719757,0.031181275844573975,0.09238004684448242,nan,nan,nan
mlp_recursive,0,18,7,0.003626396646723151,0.01020270586013794,0.026626676321029663,0.28575563430786133,nan,nan,nan
mlp_recursive,0,19,7,0.0017743012867867947,1.7523765563964844e-05,0.032041579484939575,0.1701350212097168,nan,nan,nan
mlp_recursive,0,20,7,0.0021066691260784864,0.005005240440368652,0.020806491374969482,0.21931982040405273,nan,nan,nan
mlp_recursive,0,21,7,0.0019083902006968856,0.03694194555282593,0.00023895502090454102,0.10448431968688965,nan,nan,nan
mlp_recursive,0,22,7,0.010196776129305363,0.0833568274974823,0.054178476333618164,0.12033748626708984,nan,nan,nan
mlp_recursive,0,23,7,0.011311694048345089,0.08937668800354004,0.060593485832214355,0.00960397720336914,nan,nan,nan
mlp_recursive,0,24,7,0.0021788200829178095,0.023211002349853516,0.012045681476593018,0.20020771026611328,nan,nan,nan
mlp_recursive,0,25,7,0.008842356503009796,0.06871598958969116,0.06784701347351074,0.11572933197021484,nan,nan,nan
mlp_recursive,0,26,7,0.008104930631816387,0.04947775602340698,0.08619526028633118,0.09495878219604492,nan,nan,nan
mlp_recursive,0,27,7,0.0037409651558846235,0.021730244159698486,0.06068190932273865,0.13801002502441406,nan,nan,nan
mlp_recursive,0,28,7,0.00420022988691926,0.03751498460769653,0.027470707893371582,0.23992612957954407,nan,nan,nan
mlp_recursive,0,29,7,0.002880664309486747,0.018947482109069824,0.06032390892505646,0.0022873878479003906,nan,nan,nan
mlp_recursive,0,30,7,0.0030228060204535723,0.014169692993164062,0.04160395264625549,0.20900443196296692,nan,nan,nan
mlp_recursive,0,31,7,0.00318155693821609,0.020510613918304443,0.039894044399261475,0.2097533643245697,nan,nan,nan
mlp_recursive,0,0,8,0.01262931153178215,0.07718634605407715,0.09022057056427002,0.11693143844604492,nan,nan,nan
mlp_recursive,0,1,8,0.004056235309690237,0.0061179399490356445,0.07648906111717224,0.02313232421875,nan,nan,nan
mlp_recursive,0,2,8,0.003448356641456485,0.012560129165649414,0.06859061121940613,0.04085531830787659,nan,nan,nan
mlp_recursive,0,3,8,0.003875451162457466,0.012337982654571533,0.07335054129362106,0.030153274536132812,nan,nan,nan
mlp_recursive,0,4,8,0.006357502657920122,0.01485753059387207,0.08420725911855698,0.18523502349853516,nan,nan,nan
mlp_recursive,0,5,8,0.01397851761430502,0.07388538122177124,0.09812527894973755,0.19354724884033203,nan,nan,nan
mlp_recursive,0,6,8,0.004027053248137236,0.01515263319015503,0.0658806562423706,0.14783012866973877,nan,nan,nan
mlp_recursive,0,7,8,0.005158664658665657,0.035560786724090576,0.07092158496379852,0.09443962574005127,nan,nan,nan
mlp_recursive,0,8,8,0.0017210155492648482,0.02561873197555542,0.010291308164596558,0.15799951553344727,nan,nan,nan
mlp_recursive,0,9,8,0.003444151720032096,0.04860682785511017,0.029644787311553955,0.08062100410461426,nan,nan,nan
mlp_recursive,0,10,8,0.003561750054359436,0.0495266318321228,0.019390471279621124,0.12747550010681152,nan,nan,nan
mlp_recursive,0,11,8,0.003421342931687832,0.042594313621520996,0.03402329608798027,0.13055557012557983,nan,nan,nan
mlp_recursive,0,12,8,0.002838090993463993,0.04849892854690552,0.004966259002685547,0.07871723175048828,nan,nan,nan
mlp_recursive,0,13,8,0.001833920949138701,0.012492537498474121,0.020815357565879822,0.19195067882537842,nan,nan,nan
mlp_recursive,0,14,8,0.0025250688195228577,0.03296840190887451,0.006104093044996262,0.18740034103393555,nan,nan,nan
mlp_recursive,0,15,8,0.006252929102629423,0.025517046451568604,0.06819292902946472,0.25229406356811523,nan,nan,nan
mlp_recursive,0,16,8,0.0068472097627818584,0.0062645673751831055,0.09959225356578827,0.02886343002319336,nan,nan,nan
mlp_recursive,0,17,8,0.01723647676408291,0.1137256920337677,0.06462550163269043,0.060306549072265625,nan,nan,nan
mlp_recursive,0,18,8,0.004834378603845835,0.026554644107818604,0.013004913926124573,0.3260655403137207,nan,nan,nan
mlp_recursive,0,19,8,0.0026991423219442368,0.017284929752349854,0.03418828547000885,0.20589590072631836,nan,nan,nan
mlp_recursive,0,20,8,0.0026016023475676775,0.011026620864868164,0.022689104080200195,0.23890018463134766,nan,nan,nan
mlp_recursive,0,21,8,0.004589439835399389,0.058666735887527466,0.003605484962463379,0.14583373069763184,nan,nan,nan
mlp_recursive,0,22,8,0.017736971378326416,0.10742494463920593,0.07926779985427856,0.1404895782470703,nan,nan,nan
mlp_recursive,0,23,8,0.011593149043619633,0.07444930076599121,0.08746141195297241,0.08419561386108398,nan,nan,nan
mlp_recursive,0,24,8,0.0034261264372617006,0.03982788324356079,0.011537313461303711,0.2069242000579834,nan,nan,nan
mlp_recursive,0,25,8,0.01015112642198801,0.05940365791320801,0.09328490495681763,0.09303045272827148,nan,nan,nan
mlp_recursive,0,26,8,0.008577069267630577,0.026614904403686523,0.10661941766738892,0.03029155731201172,nan,nan,nan
mlp_recursive,0,27,8,0.004196038469672203,0.006322205066680908,0.06168699264526367,0.20469331741333008,nan,nan,nan
mlp_recursive,0,28,8,0.005000256467610598,0.04080855846405029,0.022096991539001465,0.2763732671737671,nan,nan,nan
mlp_recursive,0,29,8,0.00314936856739223,0.009492218494415283,0.06600695848464966,0.04494798183441162,nan,nan,nan
mlp_recursive,0,30,8,0.0031663086265325546,0.010671555995941162,0.03732535243034363,0.23739248514175415,nan,nan,nan
mlp_recursive,0,31,8,0.00302863703109324,0.009691178798675537,0.034798771142959595,0.2378895878791809,nan,nan,nan
mlp_recursive,0,0,9,0.013129784725606441,0.05604565143585205,0.11835187673568726,0.05296468734741211,nan,nan,nan
mlp_recursive,0,1,9,0.004864308517426252,0.02021712064743042,0.07826253771781921,0.07900285720825195,nan,nan,nan
mlp_recursive,0,2,9,0.0038517240900546312,0.0116349458694458,0.07086905092000961,0.08579835295677185,nan,nan,nan
mlp_recursive,0,3,9,0.004385915119200945,0.007080256938934326,0.07947136461734772,0.02197897434234619,nan,nan,nan
mlp_recursive,0,4,9,0.005603851284831762,0.03973180055618286,0.0607212632894516,0.19059085845947266,nan,nan,nan
mlp_recursive,0,5,9,0.014758549630641937,0.0505099892616272,0.12894335389137268,0.12658166885375977,nan,nan,nan
mlp_recursive,0,6,9,0.005020089913159609,0.015348255634307861,0.06436747312545776,0.22823107242584229,nan,nan,nan
mlp_recursive,0,7,9,0.004533194471150637,0.017479300498962402,0.0699901282787323,0.15154266357421875,nan,nan,nan
mlp_recursive,0,8,9,0.0011315937153995037,0.0165708065032959,0.019738972187042236,0.12322545051574707,nan,nan,nan
mlp_recursive,0,9,9,0.004487095400691032,0.05153461545705795,0.039627909660339355,0.11480307579040527,nan,nan,nan
mlp_recursive,0,10,9,0.0014144284650683403,0.02856534719467163,0.0094505175948143,0.11070799827575684,nan,nan,nan
mlp_recursive,0,11,9,0.002025051275268197,0.02745378017425537,0.02598336525261402,0.14066368341445923,nan,nan,nan
mlp_recursive,0,12,9,0.00477477116510272,0.06388181447982788,0.013946473598480225,0.06270551681518555,nan,nan,nan
mlp_recursive,0,13,9,0.0023265008348971605,0.02258765697479248,0.018013175576925278,0.2039874792098999,nan,nan,nan
mlp_recursive,0,14,9,0.002642005681991577,0.036914706230163574,0.0013132542371749878,0.1753063201904297,nan,nan,nan
mlp_recursive,0,15,9,0.006742242258042097,0.0021156668663024902,0.06368076801300049,0.3271450996398926,nan,nan,nan
mlp_recursive,0,16,9,0.008424920029938221,0.009148359298706055,0.10864497721195221,0.08570575714111328,nan,nan,nan
mlp_recursive,0,17,9,0.020566852763295174,0.11049318313598633,0.10189121961593628,0.026651859283447266,nan,nan,nan
mlp_recursive,0,18,9,0.006559381727129221,0.040835440158843994,0.006818585097789764,0.35567474365234375,nan,nan,nan
mlp_recursive,0,19,9,0.0037509857211261988,0.02857130765914917,0.032242342829704285,0.24034109711647034,nan,nan,nan
mlp_recursive,0,20,9,0.0033358559012413025,0.021241843700408936,0.023601114749908447,0.2574958801269531,nan,nan,nan
mlp_recursive,0,21,9,0.009823107160627842,0.08731043338775635,0.0041533708572387695,0.19518113136291504,nan,nan,nan
mlp_recursive,0,22,9,0.018123619258403778,0.09070581197738647,0.11341983079910278,0.0860280990600586,nan,nan,nan
mlp_recursive,0,23,9,0.011533142067492008,0.05283057689666748,0.10528653860092163,0.15478515625,nan,nan,nan
mlp_recursive,0,24,9,0.00588640570640564,0.06144857406616211,0.01093590259552002,0.21060729026794434,nan,nan,nan
mlp_recursive,0,25,9,0.01043881569057703,0.032554030418395996,0.1164826899766922,0.012655258178710938,nan,nan,nan
mlp_recursive,0,26,9,0.01034911535680294,0.010088443756103516,0.12227149307727814,0.02744293212890625,nan,nan,nan
mlp_recursive,0,27,9,0.004022102802991867,0.026034295558929443,0.047848694026470184,0.21487712860107422,nan,nan,nan
mlp_recursive,0,28,9,0.0037503307685256004,0.024033427238464355,0.00819435715675354,0.28766167163848877,nan,nan,nan
mlp_recursive,0,29,9,0.004213884472846985,0.01592200994491577,0.07212492823600769,0.10154378414154053,nan,nan,nan
mlp_recursive,0,30,9,0.003071266459301114,0.00505518913269043,0.028370976448059082,0.25932788848876953,nan,nan,nan
mlp_recursive,0,31,9,0.004209598060697317,0.02112734317779541,0.03250795602798462,0.28427040576934814,nan,nan,nan
mlp_recursive,0,0,10,0.013348303735256195,0.02310425043106079,0.13634376227855682,0.042179107666015625,nan,nan,nan
mlp_recursive,0,1,10,0.005130432080477476,0.02491837739944458,0.0740618109703064,0.13747167587280273,nan,nan,nan
mlp_recursive,0,2,10,0.004160341341048479,0.010351181030273438,0.070558562874794,0.13165290653705597,nan,nan,nan
mlp_recursive,0,3,10,0.004794855136424303,0.0016453862190246582,0.08195636421442032,0.07438826560974121,nan,nan,nan
mlp_recursive,0,4,10,0.003577849129214883,0.04501926898956299,0.02847236394882202,0.1460881233215332,nan,nan,nan
mlp_recursive,0,5,10,0.015097379684448242,0.015890300273895264,0.1471896916627884,0.025982379913330078,nan,nan,nan
mlp_recursive,0,6,10,0.0062139034271240234,0.017380118370056152,0.058556437492370605,0.3089780807495117,nan,nan,nan
mlp_recursive,0,7,10,0.004457962699234486,0.0010690689086914062,0.0660465657711029,0.1996532678604126,nan,nan,nan
mlp_recursive,0,8,10,0.0010185769060626626,0.015803635120391846,0.025786489248275757,0.08833885192871094,nan,nan,nan
mlp_recursive,0,9,10,0.005340543109923601,0.05066865682601929,0.05000495910644531,0.14730024337768555,nan,nan,nan
mlp_recursive,0,10,10,0.0005671105463989079,0.016183853149414062,0.0033646970987319946,0.08546328544616699,nan,nan,nan
mlp_recursive,0,11,10,0.0011676066787913442,0.01440507173538208,0.019177086651325226,0.136205792427063,nan,nan,nan
mlp_recursive,0,12,10,0.005609699059277773,0.06785553693771362,0.0280340313911438,0.0016956329345703125,nan,nan,nan
mlp_recursive,0,13,10,0.0033402994740754366,0.03777885437011719,0.01219482347369194,0.2119922637939453,nan,nan,nan
mlp_recursive,0,14,10,0.0012998530874028802,0.02112436294555664,0.014116823673248291,0.13463902473449707,nan,nan,nan
mlp_recursive,0,15,10,0.008111566305160522,0.02957439422607422,0.0471791997551918,0.3896031379699707,nan,nan,nan
mlp_recursive,0,16,10,0.009870843030512333,0.03103393316268921,0.10547655820846558,0.1808481216430664,nan,nan,nan
mlp_recursive,0,17,10,0.020717723295092583,0.08344465494155884,0.13800674676895142,0.03300189971923828,nan,nan,nan
mlp_recursive,0,18,10,0.006051679607480764,0.033435940742492676,0.03336915373802185,0.33089351654052734,nan,nan,nan
mlp_recursive,0,19,10,0.004720357712358236,0.03616452217102051,0.027474582195281982,0.273030549287796,nan,nan,nan
mlp_recursive,0,20,10,0.0049446034245193005,0.03725558519363403,0.025253653526306152,0.2834963798522949,nan,nan,nan
mlp_recursive,0,21,10,0.014107811264693737,0.10687263309955597,0.0255393385887146,0.17054033279418945,nan,nan,nan
mlp_recursive,0,22,10,0.017761006951332092,0.0578768253326416,0.14354068040847778,0.004321575164794922,nan,nan,nan
mlp_recursive,0,23,10,0.010899578221142292,0.0138358473777771,0.11151303350925446,0.24343061447143555,nan,nan,nan
mlp_recursive,0,24,10,0.010291176848113537,0.08826431632041931,0.009399175643920898,0.21079349517822266,nan,nan,nan
mlp_recursive,0,25,10,0.011110805906355381,0.00015562772750854492,0.12576496601104736,0.09144020080566406,nan,nan,nan
mlp_recursive,0,26,10,0.01197186391800642,0.023907959461212158,0.1251392662525177,0.13225650787353516,nan,nan,nan
mlp_recursive,0,27,10,0.0025366265326738358,0.03017038106918335,0.021437495946884155,0.18139028549194336,nan,nan,nan
mlp_recursive,0,28,10,0.004798958543688059,0.03505516052246094,0.003015488386154175,0.3045462369918823,nan,nan,nan
mlp_recursive,0,29,10,0.005234565585851669,0.01662975549697876,0.0751713216304779,0.16997313499450684,nan,nan,nan
mlp_recursive,0,30,10,0.004145380575209856,0.022302567958831787,0.02621397376060486,0.2904617190361023,nan,nan,nan
mlp_recursive,0,31,10,0.005461443215608597,0.029643356800079346,0.026947379112243652,0.3283505141735077,nan,nan,nan
mlp_recursive,0,0,11,0.014301939867436886,0.011510133743286133,0.13922908902168274,0.15741968154907227,nan,nan,nan
mlp_recursive,0,1,11,0.006193540990352631,0.03198927640914917,0.0670362114906311,0.2321023941040039,nan,nan,nan
mlp_recursive,0,2,11,0.00555958179756999,0.02895355224609375,0.0714978352189064,0.17574697732925415,nan,nan,nan
mlp_recursive,0,3,11,0.005887416657060385,0.011508405208587646,0.08564069867134094,0.1406174898147583,nan,nan,nan
mlp_recursive,0,4,11,0.0014650662196800113,0.034441471099853516,0.0015305280685424805,0.06497716903686523,nan,nan,nan
mlp_recursive,0,5,11,0.016323061659932137,0.019403815269470215,0.15104645490646362,0.0941472053527832,nan,nan,nan
mlp_recursive,0,6,11,0.0077616386115550995,0.02208024263381958,0.05012643337249756,0.3854529857635498,nan,nan,nan
mlp_recursive,0,7,11,0.004930084105581045,0.00911778211593628,0.06157544255256653,0.24630838632583618,nan,nan,nan
mlp_recursive,0,8,11,0.0007024886435829103,0.004609167575836182,0.031014323234558105,0.024492502212524414,nan,nan,nan
mlp_recursive,0,9,11,0.005993607919663191,0.04284846782684326,0.06003051996231079,0.20180463790893555,nan,nan,nan
mlp_recursive,0,10,11,0.00019465951481834054,0.008752405643463135,0.0009565651416778564,0.05437779426574707,nan,nan,nan
mlp_recursive,0,11,11,0.0008182348683476448,0.008097052574157715,0.014758095145225525,0.12692105770111084,nan,nan,nan
mlp_recursive,0,12,11,0.007276449352502823,0.07427367568016052,0.03679513931274414,0.08596110343933105,nan,nan,nan
mlp_recursive,0,13,11,0.00283868913538754,0.035088181495666504,0.0032196566462516785,0.1994640827178955,nan,nan,nan
mlp_recursive,0,14,11,0.0007360863382928073,0.009255468845367432,0.0234452486038208,0.08475637435913086,nan,nan,nan
mlp_recursive,0,15,11,0.010380356572568417,0.05042082071304321,0.01885254681110382,0.44483375549316406,nan,nan,nan
mlp_recursive,0,16,11,0.010864361189305782,0.047289490699768066,0.08783960342407227,0.29062557220458984,nan,nan,nan
mlp_recursive,0,17,11,0.018468236550688744,0.023986458778381348,0.15669934451580048,0.16962385177612305,nan,nan,nan
mlp_recursive,0,18,11,0.006865754723548889,0.03408020734786987,0.05557873845100403,0.30621981620788574,nan,nan,nan
mlp_recursive,0,19,11,0.005606528837233782,0.041509926319122314,0.020675063133239746,0.3035430312156677,nan,nan,nan
mlp_recursive,0,20,11,0.010333563201129436,0.06644213199615479,0.02044910192489624,0.3739292621612549,nan,nan,nan
mlp_recursive,0,21,11,0.018869753926992416,0.1208568662405014,0.05317002534866333,0.15109920501708984,nan,nan,nan
mlp_recursive,0,22,11,0.019207801669836044,0.02442830801010132,0.16322937607765198,0.09801244735717773,nan,nan,nan
mlp_recursive,0,23,11,0.010742675513029099,0.024877548217773438,0.09901152551174164,0.30132532119750977,nan,nan,nan
mlp_recursive,0,24,11,0.018884869292378426,0.12142547965049744,0.004255056381225586,0.26623034477233887,nan,nan,nan
mlp_recursive,0,25,11,0.012829114682972431,0.018770933151245117,0.13006910681724548,0.15477657318115234,nan,nan,nan
mlp_recursive,0,26,11,0.01289429422467947,0.04114729166030884,0.11704224348068237,0.2125091552734375,nan,nan,nan
mlp_recursive,0,27,11,0.004055865574628115,0.049794673919677734,0.004612445831298828,0.18793249130249023,nan,nan,nan
mlp_recursive,0,28,11,0.004241498652845621,0.0287553071975708,0.008517757058143616,0.29747265577316284,nan,nan,nan
mlp_recursive,0,29,11,0.006339976564049721,0.015911340713500977,0.07421737909317017,0.2490464448928833,nan,nan,nan
mlp_recursive,0,30,11,0.003917410038411617,0.019775450229644775,0.014752641320228577,0.3000447750091553,nan,nan,nan
mlp_recursive,0,31,11,0.006742449011653662,0.0365375280380249,0.018898338079452515,0.3682420253753662,nan,nan,nan
mlp_recursive,0,0,12,0.015563380904495716,0.030184805393218994,0.13564422726631165,0.2319779396057129,nan,nan,nan
mlp_recursive,0,1,12,0.009171484969556332,0.04820871353149414,0.05604773759841919,0.34705352783203125,nan,nan,nan
mlp_recursive,0,2,12,0.006811813917011023,0.038399696350097656,0.0690155103802681,0.2284272313117981,nan,nan,nan
mlp_recursive,0,3,12,0.0070316665805876255,0.016483187675476074,0.08561992645263672,0.2157829999923706,nan,nan,nan
mlp_recursive,0,4,12,0.001355482847429812,0.03271642327308655,0.01600778102874756,0.005718708038330078,nan,nan,nan
mlp_recursive,0,5,12,0.01798509806394577,0.04788416624069214,0.14304310083389282,0.20023298263549805,nan,nan,nan
mlp_recursive,0,6,12,0.009418856352567673,0.02583777904510498,0.03821682929992676,0.45529985427856445,nan,nan,nan
mlp_recursive,0,7,12,0.006047448143362999,0.0060768723487854,0.05903753638267517,0.3127536177635193,nan,nan,nan
mlp_recursive,0,8,12,0.0010652084602043033,0.020727336406707764,0.029277145862579346,0.01328885555267334,nan,nan,nan
mlp_recursive,0,9,12,0.006384674459695816,0.02629774808883667,0.06553101539611816,0.26936864852905273,nan,nan,nan
mlp_recursive,0,10,12,0.00033263853401876986,0.015885591506958008,0.0005789101123809814,0.03829646110534668,nan,nan,nan
mlp_recursive,0,11,12,0.0005292054847814143,0.0039823055267333984,0.010499849915504456,0.10849618911743164,nan,nan,nan
mlp_recursive,0,12,12,0.007885030470788479,0.06839589774608612,0.03925544023513794,0.21278166770935059,nan,nan,nan
mlp_recursive,0,13,12,0.0027573045808821917,0.03662198781967163,0.002919405698776245,0.18535494804382324,nan,nan,nan
mlp_recursive,0,14,12,0.000734479574020952,0.011663079261779785,0.02675369381904602,0.05084228515625,nan,nan,nan
mlp_recursive,0,15,12,0.007515133824199438,0.03292679786682129,0.017261862754821777,0.40618371963500977,nan,nan,nan
mlp_recursive,0,16,12,0.012443828396499157,0.05412837862968445,0.06625622510910034,0.40952110290527344,nan,nan,nan
mlp_recursive,0,17,12,0.019316313788294792,0.03869909048080444,0.14555151760578156,0.2937626838684082,nan,nan,nan
mlp_recursive,0,18,12,0.005885230842977762,0.019251704216003418,0.07086050510406494,0.23502850532531738,nan,nan,nan
mlp_recursive,0,19,12,0.004748248495161533,0.030953526496887207,0.007983803749084473,0.31371885538101196,nan,nan,nan
mlp_recursive,0,20,12,0.01990591175854206,0.103910893201828,0.01521676778793335,0.4601774215698242,nan,nan,nan
mlp_recursive,0,21,12,0.025255218148231506,0.13048136234283447,0.09065389633178711,0.15453338623046875,nan,nan,nan
mlp_recursive,0,22,12,0.021619362756609917,0.015445709228515625,0.17033125460147858,0.20411348342895508,nan,nan,nan
mlp_recursive,0,23,12,0.013185488991439342,0.06340926885604858,0.06841161847114563,0.38723325729370117,nan,nan,nan
mlp_recursive,0,24,12,0.02692565508186817,0.14874157309532166,0.017097413539886475,0.2517890930175781,nan,nan,nan
mlp_recursive,0,25,12,0.014551348984241486,0.04622602462768555,0.11773151159286499,0.271451473236084,nan,nan,nan
mlp_recursive,0,26,12,0.013710714876651764,0.057510554790496826,0.09620088338851929,0.3179001808166504,nan,nan,nan
mlp_recursive,0,27,12,0.0017940591787919402,0.031110525131225586,0.026008546352386475,0.08466625213623047,nan,nan,nan
mlp_recursive,0,28,12,0.005028476472944021,0.038665711879730225,0.014020830392837524,0.2959326505661011,nan,nan,nan
mlp_recursive,0,29,12,0.007058754563331604,0.013166606426239014,0.0673050582408905,0.3190591335296631,nan,nan,nan
mlp_recursive,0,30,12,0.0046800593845546246,0.03106600046157837,0.008150212466716766,0.31036055088043213,nan,nan,nan
mlp_recursive,0,31,12,0.006065183784812689,0.025225043296813965,0.004533886909484863,0.3798641562461853,nan,nan,nan
mlp_recursive,0,0,13,0.016311833634972572,0.048231542110443115,0.11979109048843384,0.3263874053955078,nan,nan,nan
mlp_recursive,0,1,13,0.011189497075974941,0.04792386293411255,0.04900169372558594,0.43510890007019043,nan,nan,nan
mlp_recursive,0,2,13,0.006365263368934393,0.027431845664978027,0.06109107658267021,0.28386515378952026,nan,nan,nan
mlp_recursive,0,3,13,0.008206762373447418,0.017766356468200684,0.08218839764595032,0.29589736461639404,nan,nan,nan
mlp_recursive,0,4,13,0.0015068229986354709,0.027476944029331207,0.017240941524505615,0.11283206939697266,nan,nan,nan
mlp_recursive,0,5,13,0.017861327156424522,0.05865812301635742,0.1262231469154358,0.29335784912109375,nan,nan,nan
mlp_recursive,0,6,13,0.011947440914809704,0.037110984325408936,0.02835792303085327,0.5162338614463806,nan,nan,nan
mlp_recursive,0,7,13,0.006418528500944376,0.0017704963684082031,0.04975709319114685,0.3569633662700653,nan,nan,nan
mlp_recursive,0,8,13,0.0013490073615685105,0.02581113576889038,0.025797605514526367,0.06580185890197754,nan,nan,nan
mlp_recursive,0,9,13,0.0068254112266004086,0.004549622535705566,0.060940951108932495,0.33922481536865234,nan,nan,nan
mlp_recursive,0,10,13,0.00027408546884544194,0.01531994342803955,0.0025886595249176025,0.017165780067443848,nan,nan,nan
mlp_recursive,0,11,13,0.00046558165922760963,0.007510244846343994,0.008273422718048096,0.0980837345123291,nan,nan,nan
mlp_recursive,0,12,13,0.013588721863925457,0.08842244744300842,0.03728300333023071,0.3294961452484131,nan,nan,nan
mlp_recursive,0,13,13,0.0012905538314953446,0.018475830554962158,0.013612121343612671,0.14577805995941162,nan,nan,nan
mlp_recursive,0,14,13,0.0005389234283939004,0.003885924816131592,0.02742791175842285,0.015206098556518555,nan,nan,nan
mlp_recursive,0,15,13,0.005354550201445818,0.009121060371398926,0.041709065437316895,0.33151912689208984,nan,nan,nan
mlp_recursive,0,16,13,0.014583430252969265,0.05140598118305206,0.04775857925415039,0.5222973823547363,nan,nan,nan
mlp_recursive,0,17,13,0.01694699190557003,0.07137250900268555,0.10298404097557068,0.33222436904907227,nan,nan,nan
mlp_recursive,0,18,13,0.004666161257773638,0.01196664571762085,0.07713121175765991,0.10966062545776367,nan,nan,nan
mlp_recursive,0,19,13,0.005742731969803572,0.03975021839141846,0.0007021874189376831,0.32851889729499817,nan,nan,nan
mlp_recursive,0,20,13,0.0312606543302536,0.14596226811408997,0.0014043450355529785,0.45826101303100586,nan,nan,nan
mlp_recursive,0,21,13,0.025987857952713966,0.11139571666717529,0.1335749626159668,0.059716224670410156,nan,nan,nan
mlp_recursive,0,22,13,0.024377062916755676,0.05550581216812134,0.15903595089912415,0.31638193130493164,nan,nan,nan
mlp_recursive,0,23,13,0.010095648467540741,0.06277155876159668,0.026496171951293945,0.37718915939331055,nan,nan,nan
mlp_recursive,0,24,13,0.03532390668988228,0.16930443048477173,0.05005437135696411,0.23411226272583008,nan,nan,nan
mlp_recursive,0,25,13,0.015314213000237942,0.06060820817947388,0.0936356782913208,0.3773651123046875,nan,nan,nan
mlp_recursive,0,26,13,0.017138129100203514,0.07396537065505981,0.07289671897888184,0.44921207427978516,nan,nan,nan
mlp_recursive,0,27,13,0.0012581683695316315,0.020287752151489258,0.03342640399932861,0.033539772033691406,nan,nan,nan
mlp_recursive,0,28,13,0.003887791186571121,0.02174454927444458,0.028051771223545074,0.2762502431869507,nan,nan,nan
mlp_recursive,0,29,13,0.008090412244200706,0.015696048736572266,0.05736231803894043,0.38766372203826904,nan,nan,nan
mlp_recursive,0,30,13,0.005375716835260391,0.0401650071144104,0.00077022984623909,0.31151098012924194,nan,nan,nan
mlp_recursive,0,31,13,0.007478315383195877,0.037020206451416016,0.0044713616371154785,0.40075385570526123,nan,nan,nan
mlp_recursive,0,0,14,0.01991274021565914,0.07539898157119751,0.09383100271224976,0.45384931564331055,nan,nan,nan
mlp_recursive,0,1,14,0.012571972794830799,0.0345800444483757,0.04979145526885986,0.5078225135803223,nan,nan,nan
mlp_recursive,0,2,14,0.006612733472138643,0.024510502815246582,0.05280330032110214,0.3303753137588501,nan,nan,nan
mlp_recursive,0,3,14,0.00951801985502243,0.01836293935775757,0.0752873420715332,0.37722110748291016,nan,nan,nan
mlp_recursive,0,4,14,0.0034016717690974474,0.032175153493881226,0.017963528633117676,0.23460674285888672,nan,nan,nan
mlp_recursive,0,5,14,0.01856706477701664,0.06995928287506104,0.10181164741516113,0.40549373626708984,nan,nan,nan
mlp_recursive,0,6,14,0.015203758142888546,0.05087918043136597,0.017701923847198486,0.5721567869186401,nan,nan,nan
mlp_recursive,0,7,14,0.007870248518884182,0.016026854515075684,0.04181891679763794,0.415242075920105,nan,nan,nan
mlp_recursive,0,8,14,0.0013326973421499133,0.01656430959701538,0.020845234394073486,0.14066970348358154,nan,nan,nan
mlp_recursive,0,9,14,0.006016857922077179,0.008194029331207275,0.044660791754722595,0.35149621963500977,nan,nan,nan
mlp_recursive,0,10,14,0.00015527017239946872,0.010722517967224121,0.002850830554962158,0.024932503700256348,nan,nan,nan
mlp_recursive,0,11,14,0.000212179496884346,0.004007160663604736,0.0038392245769500732,0.07052695751190186,nan,nan,nan
mlp_recursive,0,12,14,0.021796608343720436,0.11308608949184418,0.035674095153808594,0.429440975189209,nan,nan,nan
mlp_recursive,0,13,14,0.001593557302840054,0.027811884880065918,0.015707790851593018,0.12429988384246826,nan,nan,nan
mlp_recursive,0,14,14,0.0010382408509030938,0.021872878074645996,0.022908389568328857,0.06418967247009277,nan,nan,nan
mlp_recursive,0,15,14,0.004427799489349127,0.007569611072540283,0.055413782596588135,0.2473149299621582,nan,nan,nan
mlp_recursive,0,16,14,0.016795689240098,0.04216945171356201,0.03941279649734497,0.6095438003540039,nan,nan,nan
mlp_recursive,0,17,14,0.014504346065223217,0.08700090646743774,0.05408644676208496,0.33525562286376953,nan,nan,nan
mlp_recursive,0,18,14,0.004154076334089041,0.012777864933013916,0.07628786563873291,0.0007188320159912109,nan,nan,nan
mlp_recursive,0,19,14,0.006650066468864679,0.04582267999649048,0.007585659623146057,0.34044718742370605,nan,nan,nan
mlp_recursive,0,20,14,0.04451686516404152,0.18289241194725037,0.025878489017486572,0.4408547878265381,nan,nan,nan
mlp_recursive,0,21,14,0.023428820073604584,0.06731116771697998,0.16350069642066956,0.0701146125793457,nan,nan,nan
mlp_recursive,0,22,14,0.027635900303721428,0.08973991870880127,0.12431198358535767,0.470578670501709,nan,nan,nan
mlp_recursive,0,23,14,0.008461943827569485,0.06065851449966431,0.010426700115203857,0.3418874740600586,nan,nan,nan
mlp_recursive,0,24,14,0.046352460980415344,0.18707509338855743,0.09346193075180054,0.2221078872680664,nan,nan,nan
mlp_recursive,0,25,14,0.016826363280415535,0.06326285004615784,0.06747961044311523,0.5010299682617188,nan,nan,nan
mlp_recursive,0,26,14,0.018477480858564377,0.06591946631669998,0.05337792634963989,0.5628089904785156,nan,nan,nan
mlp_recursive,0,27,14,0.002158617600798607,0.018419504165649414,0.0328715443611145,0.16803932189941406,nan,nan,nan
mlp_recursive,0,28,14,0.0034137237817049026,0.011703073978424072,0.03742685168981552,0.24940454959869385,nan,nan,nan
mlp_recursive,0,29,14,0.008754388429224491,0.010574519634246826,0.04535943269729614,0.44147175550460815,nan,nan,nan
mlp_recursive,0,30,14,0.0057377382181584835,0.04546600580215454,0.010376565158367157,0.30222874879837036,nan,nan,nan
mlp_recursive,0,31,14,0.008802522905170918,0.045526087284088135,0.01534852385520935,0.4141063690185547,nan,nan,nan
mlp_recursive,0,0,15,0.02098686993122101,0.0725591778755188,0.06613194942474365,0.5736198425292969,nan,nan,nan
mlp_recursive,0,1,15,0.01463919784873724,0.019269589334726334,0.05293416976928711,0.5763610601425171,nan,nan,nan
mlp_recursive,0,2,15,0.008022284135222435,0.03451526165008545,0.04423822462558746,0.3806896209716797,nan,nan,nan
mlp_recursive,0,3,15,0.011248447000980377,0.022064566612243652,0.0643579363822937,0.4611177444458008,nan,nan,nan
mlp_recursive,0,4,15,0.0060053300112485886,0.03414887189865112,0.012473583221435547,0.35277605056762695,nan,nan,nan
mlp_recursive,0,5,15,0.019144974648952484,0.06560736894607544,0.08013629913330078,0.5197863578796387,nan,nan,nan
mlp_recursive,0,6,15,0.016996031627058983,0.05797296762466431,0.0007815361022949219,0.5987629890441895,nan,nan,nan
mlp_recursive,0,7,15,0.00957138929516077,0.027196049690246582,0.030427217483520508,0.4681018888950348,nan,nan,nan
mlp_recursive,0,8,15,0.0019905578810721636,0.013540267944335938,0.012353479862213135,0.21313953399658203,nan,nan,nan
mlp_recursive,0,9,15,0.007531346753239632,0.033777475357055664,0.02551930397748947,0.39652252197265625,nan,nan,nan
mlp_recursive,0,10,15,0.0003825121093541384,0.015369117259979248,0.00012683868408203125,0.05742216110229492,nan,nan,nan
mlp_recursive,0,11,15,6.165492959553376e-05,0.002448856830596924,0.0014199614524841309,0.03804671764373779,nan,nan,nan
mlp_recursive,0,12,15,0.033562593162059784,0.14405199885368347,0.03133440017700195,0.5201002359390259,nan,nan,nan
mlp_recursive,0,13,15,0.000712319219019264,0.012122094631195068,0.02202749252319336,0.07686984539031982,nan,nan,nan
mlp_recursive,0,14,15,0.0011620541336014867,0.014513134956359863,0.01772540807723999,0.138910174369812,nan,nan,nan
mlp_recursive,0,15,15,0.0035785215441137552,0.030888617038726807,0.05552440881729126,0.10669469833374023,nan,nan,nan
mlp_recursive,0,16,15,0.017574695870280266,0.04030546545982361,0.03179401159286499,0.6380548477172852,nan,nan,nan
mlp_recursive,0,17,15,0.009362823329865932,0.07643640041351318,0.01147991418838501,0.27655553817749023,nan,nan,nan
mlp_recursive,0,18,15,0.0046281395480036736,0.02787923812866211,0.06743311882019043,0.13408994674682617,nan,nan,nan
mlp_recursive,0,19,15,0.00572977215051651,0.034992992877960205,0.02041459083557129,0.3323771357536316,nan,nan,nan
mlp_recursive,0,20,15,0.059536632150411606,0.21238206326961517,0.06768578290939331,0.4254732131958008,nan,nan,nan
mlp_recursive,0,21,15,0.020916618406772614,0.015208303928375244,0.16993173956871033,0.15946340560913086,nan,nan,nan
mlp_recursive,0,22,15,0.03538749739527702,0.12246707081794739,0.08106613159179688,0.6226711273193359,nan,nan,nan
mlp_recursive,0,23,15,0.004268050659447908,0.03749367594718933,0.03289157152175903,0.23111629486083984,nan,nan,nan
mlp_recursive,0,24,15,0.05136033892631531,0.17850637435913086,0.15061849355697632,0.14333868026733398,nan,nan,nan
mlp_recursive,0,25,15,0.018905622884631157,0.056052371859550476,0.04812169075012207,0.6114654541015625,nan,nan,nan
mlp_recursive,0,26,15,0.020091993734240532,0.05155324935913086,0.04572683572769165,0.6514699459075928,nan,nan,nan
mlp_recursive,0,27,15,0.004902697168290615,0.02368210256099701,0.031816720962524414,0.31132030487060547,nan,nan,nan
mlp_recursive,0,28,15,0.0036286041140556335,0.02680426836013794,0.03976889327168465,0.2176891565322876,nan,nan,nan
mlp_recursive,0,29,15,0.010982108302414417,0.024862170219421387,0.0336078405380249,0.5069782733917236,nan,nan,nan
mlp_recursive,0,30,15,0.0044388496316969395,0.03334540128707886,0.02341160550713539,0.2767379879951477,nan,nan,nan
mlp_recursive,0,31,15,0.009882082231342793,0.05118173360824585,0.027032792568206787,0.4186021685600281,nan,nan,nan
mlp_recursive,1,0,1,1.8412456483929418e-05,0.0037432312965393066,0.001072525978088379,0.007684230804443359,nan,nan,nan
mlp_recursive,1,1,1,0.0005830070585943758,0.022578224539756775,0.005000412464141846,0.010744810104370117,nan,nan,nan
mlp_recursive,1,2,1,0.0002904062857851386,0.0106583833694458,0.010874718427658081,0.04773634672164917,nan,nan,nan
mlp_recursive,1,3,1,0.00023200603027362376,0.014352917671203613,0.0005921423435211182,0.011374235153198242,nan,nan,nan
mlp_recursive,1,4,1,0.0012648116098716855,0.026148319244384766,0.021410763263702393,0.07316160202026367,nan,nan,nan
mlp_recursive,1,5,1,0.0001928319106809795,0.012628495693206787,0.0035216808319091797,0.01527857780456543,nan,nan,nan
mlp_recursive,1,6,1,0.0002600552106741816,0.011656224727630615,0.010916724801063538,0.027957916259765625,nan,nan,nan
mlp_recursive,1,7,1,0.00027043180307373405,0.010041117668151855,0.01099330186843872,0.04551863670349121,nan,nan,nan
mlp_recursive,1,8,1,0.00045961569412611425,0.01175159215927124,0.012061715126037598,0.0749204158782959,nan,nan,nan
mlp_recursive,1,9,1,0.0008055800572037697,0.02221226692199707,0.017412841320037842,0.03849315643310547,nan,nan,nan
mlp_recursive,1,10,1,0.00018364196876063943,0.004247784614562988,0.01088780164718628,0.047260165214538574,nan,nan,nan
mlp_recursive,1,11,1,0.00012449912901502103,0.001992344856262207,0.009194284677505493,0.04102411866188049,nan,nan,nan
mlp_recursive,1,12,1,0.0006284734699875116,0.01537710428237915,0.015009641647338867,0.07599234580993652,nan,nan,nan
mlp_recursive,1,13,1,0.00012049984070472419,0.0019042491912841797,0.010548889636993408,0.03305681794881821,nan,nan,nan
mlp_recursive,1,14,1,0.0003138153115287423,0.008381426334381104,0.013119935989379883,0.056622982025146484,nan,nan,nan
mlp_recursive,1,15,1,0.00097442272817716,0.022275805473327637,0.020982444286346436,0.05854344367980957,nan,nan,nan
mlp_recursive,1,16,1,0.00029743975028395653,0.01626497507095337,0.0026737451553344727,0.005415916442871094,nan,nan,nan
mlp_recursive,1,17,1,0.0008118899422697723,0.021635770797729492,0.019193828105926514,0.03467440605163574,nan,nan,nan
mlp_recursive,1,18,1,0.0012916458072140813,0.025800645351409912,0.019824683666229248,0.08841729164123535,nan,nan,nan
mlp_recursive,1,19,1,4.587699368130416e-05,0.0017504096031188965,0.007006019353866577,0.015565574169158936,nan,nan,nan
mlp_recursive,1,20,1,0.00014769019617233425,0.002607882022857666,0.007392510771751404,0.05267578363418579,nan,nan,nan
mlp_recursive,1,21,1,0.0006288762087933719,0.020877480506896973,0.01414114236831665,0.018063724040985107,nan,nan,nan
mlp_recursive,1,22,1,7.958881906233728e-05,0.008402228355407715,0.0006145238876342773,0.006464362144470215,nan,nan,nan
mlp_recursive,1,23,1,0.0009515005513094366,0.02274543046951294,0.02107137441635132,0.04595589637756348,nan,nan,nan
mlp_recursive,1,24,1,0.000502897659316659,0.019400417804718018,0.011036276817321777,0.011668369174003601,nan,nan,nan
mlp_recursive,1,25,1,5.428721851785667e-05,0.006686866283416748,0.0005333423614501953,0.011411905288696289,nan,nan,nan
mlp_recursive,1,26,1,0.00015297716890927404,0.009756654500961304,0.0050771236419677734,0.02867913246154785,nan,nan,nan
mlp_recursive,1,27,1,0.0008478742092847824,0.021718919277191162,0.017457008361816406,0.05690431594848633,nan,nan,nan
mlp_recursive,1,28,1,0.00010980331717291847,0.0006208419799804688,0.009533047676086426,0.03572501242160797,nan,nan,nan
mlp_recursive,1,29,1,0.0003743364941328764,0.016429364681243896,0.00580933690071106,0.03812742233276367,nan,nan,nan
mlp_recursive,1,30,1,5.453302583191544e-05,0.0011286139488220215,0.008489936590194702,0.010268330574035645,nan,nan,nan
mlp_recursive,1,31,1,7.952513988129795e-05,0.0048462748527526855,0.007761344313621521,0.018371522426605225,nan,nan,nan
mlp_recursive,1,0,2,0.00014675087004434317,0.011303752660751343,0.0017284154891967773,0.010299921035766602,nan,nan,nan
mlp_recursive,1,1,2,0.0026930205058306456,0.048308730125427246,0.012650489807128906,0.018375635147094727,nan,nan,nan
mlp_recursive,1,2,2,0.00046736840158700943,0.01563858985900879,0.01278086006641388,0.048264384269714355,nan,nan,nan
mlp_recursive,1,3,2,0.0008148043998517096,0.025017082691192627,0.0046499669551849365,0.05459117889404297,nan,nan,nan
mlp_recursive,1,4,2,0.005833340808749199,0.05912673473358154,0.03732502460479736,0.16669559478759766,nan,nan,nan
mlp_recursive,1,5,2,0.0009048543288372457,0.027720361948013306,0.006714880466461182,0.02720940113067627,nan,nan,nan
mlp_recursive,1,6,2,0.0006055064150132239,0.02006477117538452,0.014433197677135468,0.023044586181640625,nan,nan,nan
mlp_recursive,1,7,2,0.0004384008061606437,0.014631986618041992,0.013103723526000977,0.04795515537261963,nan,nan,nan
mlp_recursive,1,8,2,0.001413797028362751,0.018256723880767822,0.017630815505981445,0.15000653266906738,nan,nan,nan
mlp_recursive,1,9,2,0.0037927571684122086,0.047665536403656006,0.03771871328353882,0.09261608123779297,nan,nan,nan
mlp_recursive,1,10,2,0.0006053397082723677,0.005812346935272217,0.017339259386062622,0.09892141819000244,nan,nan,nan
mlp_recursive,1,11,2,0.0006145290681160986,0.0041266679763793945,0.016777127981185913,0.10432809591293335,nan,nan,nan
mlp_recursive,1,12,2,0.0021199004258960485,0.029141604900360107,0.020213186740875244,0.15625405311584473,nan,nan,nan
mlp_recursive,1,13,2,0.0004487029218580574,0.002441227436065674,0.018465638160705566,0.0751321017742157,nan,nan,nan
mlp_recursive,1,14,2,0.0010502369841560721,0.013766646385192871,0.020505249500274658,0.12227106094360352,nan,nan,nan
mlp_recursive,1,15,2,0.004459510091692209,0.04972320795059204,0.038268089294433594,0.14084386825561523,nan,nan,nan
mlp_recursive,1,16,2,0.001523454673588276,0.03647367283701897,0.00884157419204712,0.010853052139282227,nan,nan,nan
mlp_recursive,1,17,2,0.0039217169396579266,0.0476764440536499,0.04002779722213745,0.09337353706359863,nan,nan,nan
mlp_recursive,1,18,2,0.005466680973768234,0.05570463836193085,0.030364036560058594,0.19558477401733398,nan,nan,nan
mlp_recursive,1,19,2,0.0002553902450017631,0.00632244348526001,0.014028310775756836,0.04556131362915039,nan,nan,nan
mlp_recursive,1,20,2,0.0008787763654254377,0.01911616325378418,0.017001718282699585,0.08671092987060547,nan,nan,nan
mlp_recursive,1,21,2,0.0028540464118123055,0.043924033641815186,0.030122876167297363,0.05416309833526611,nan,nan,nan
mlp_recursive,1,22,2,0.00021705077961087227,0.013795614242553711,0.0014712214469909668,0.012600183486938477,nan,nan,nan
mlp_recursive,1,23,2,0.004430628847330809,0.050262242555618286,0.041379570960998535,0.11354398727416992,nan,nan,nan
mlp_recursive,1,24,2,0.002186990575864911,0.04002493619918823,0.023575812578201294,0.03382587432861328,nan,nan,nan
mlp_recursive,1,25,2,0.0003258073702454567,0.016825079917907715,0.002325296401977539,0.01660633087158203,nan,nan,nan
mlp_recursive,1,26,2,0.0007772684912197292,0.022716745734214783,0.012163758277893066,0.05388808250427246,nan,nan,nan
mlp_recursive,1,27,2,0.004651166964322329,0.05301270633935928,0.03249233961105347,0.14996981620788574,nan,nan,nan
mlp_recursive,1,28,2,0.0004139987286180258,0.00036156177520751953,0.016461580991744995,0.07855692505836487,nan,nan,nan
mlp_recursive,1,29,2,0.0008952674106694758,0.023989558219909668,0.012225508689880371,0.06551480293273926,nan,nan,nan
mlp_recursive,1,30,2,0.0002271132543683052,0.002947211265563965,0.016790181398391724,0.0259857177734375,nan,nan,nan
mlp_recursive,1,31,2,0.00046666242997162044,0.007720828056335449,0.01650005578994751,0.07616251707077026,nan,nan,nan
mlp_recursive,1,0,3,0.0006710840971209109,0.024205893278121948,0.005753993988037109,0.008882522583007812,nan,nan,nan
mlp_recursive,1,1,3,0.006238952279090881,0.07256346940994263,0.025265097618103027,0.006932258605957031,nan,nan,nan
mlp_recursive,1,2,3,0.001022864948026836,0.019728422164916992,0.020455390214920044,0.0911903977394104,nan,nan,nan
mlp_recursive,1,3,3,0.0013780392473563552,0.03086310625076294,0.008866965770721436,0.0861043930053711,nan,nan,nan
mlp_recursive,1,4,3,0.01376440841704607,0.09528221189975739,0.0400465726852417,0.2681858539581299,nan,nan,nan
mlp_recursive,1,5,3,0.0024013558868318796,0.045658379793167114,0.010200560092926025,0.030046701431274414,nan,nan,nan
mlp_recursive,1,6,3,0.0009343217243440449,0.02226358652114868,0.02189020626246929,0.04056072235107422,nan,nan,nan
mlp_recursive,1,7,3,0.00098912522662431,0.01882725954055786,0.020298317074775696,0.09249895811080933,nan,nan,nan
mlp_recursive,1,8,3,0.002489869948476553,0.02061253786087036,0.01754659414291382,0.221038818359375,nan,nan,nan
mlp_recursive,1,9,3,0.010205059312283993,0.07810443639755249,0.06024456024169922,0.16468584537506104,nan,nan,nan
mlp_recursive,1,10,3,0.001187190762721002,0.005391597747802734,0.01983875036239624,0.1546192169189453,nan,nan,nan
mlp_recursive,1,11,3,0.0011032429756596684,0.0031926631927490234,0.01826062798500061,0.1526801586151123,nan,nan,nan
mlp_recursive,1,12,3,0.004024648107588291,0.0393977165222168,0.014832913875579834,0.24160385131835938,nan,nan,nan
mlp_recursive,1,13,3,0.0012023908784613013,0.002923905849456787,0.02561977505683899,0.1417277753353119,nan,nan,nan
mlp_recursive,1,14,3,0.002468822291120887,0.01842939853668213,0.02485927939414978,0.2123957872390747,nan,nan,nan
mlp_recursive,1,15,3,0.011538471095263958,0.0833955854177475,0.04940164089202881,0.24410748481750488,nan,nan,nan
mlp_recursive,1,16,3,0.0043648057617247105,0.06096142530441284,0.01972883939743042,0.011069774627685547,nan,nan,nan
mlp_recursive,1,17,3,0.010609122924506664,0.08073627948760986,0.05885612964630127,0.1692410707473755,nan,nan,nan
mlp_recursive,1,18,3,0.012465384788811207,0.08737245202064514,0.02828824520111084,0.3076002597808838,nan,nan,nan
mlp_recursive,1,19,3,0.0005548264016397297,0.008343636989593506,0.019528597593307495,0.07662683725357056,nan,nan,nan
mlp_recursive,1,20,3,0.0026758688036352396,0.03714001178741455,0.028748825192451477,0.1263313889503479,nan,nan,nan
mlp_recursive,1,21,3,0.007326549384742975,0.06939250230789185,0.04879927635192871,0.10322344303131104,nan,nan,nan
mlp_recursive,1,22,3,0.0007432897109538317,0.02567976713180542,0.0036197900772094727,0.014490127563476562,nan,nan,nan
mlp_recursive,1,23,3,0.011702588759362698,0.08451247215270996,0.058344900608062744,0.20173001289367676,nan,nan,nan
mlp_recursive,1,24,3,0.00544311897829175,0.06233406066894531,0.03814944624900818,0.06738466024398804,nan,nan,nan
mlp_recursive,1,25,3,0.0011410427978262305,0.03146430850028992,0.007568717002868652,0.017362594604492188,nan,nan,nan
mlp_recursive,1,26,3,0.0021478061098605394,0.03991207852959633,0.02039128541946411,0.054167747497558594,nan,nan,nan
mlp_recursive,1,27,3,0.012508132494986057,0.09060315042734146,0.03764396905899048,0.25946903228759766,nan,nan,nan
mlp_recursive,1,28,3,0.0008846882847137749,2.6285648345947266e-05,0.020737051963806152,0.12625697255134583,nan,nan,nan
mlp_recursive,1,29,3,0.0013246983289718628,0.027437210083007812,0.017903178930282593,0.08634352684020996,nan,nan,nan
mlp_recursive,1,30,3,0.0007352530374191701,0.006044149398803711,0.026521235704421997,0.07609498500823975,nan,nan,nan
mlp_recursive,1,31,3,0.0007402565679512918,0.0072411298751831055,0.01957017183303833,0.10655295848846436,nan,nan,nan
mlp_recursive,1,0,4,0.0019061669008806348,0.04034024477005005,0.01276552677154541,0.007256031036376953,nan,nan,nan
mlp_recursive,1,1,4,0.008418119512498379,0.08196079730987549,0.03827965259552002,0.02098560333251953,nan,nan,nan
mlp_recursive,1,2,4,0.00154638581443578,0.02374166250228882,0.02249358594417572,0.1250569224357605,nan,nan,nan
mlp_recursive,1,3,4,0.0017768703401088715,0.034763216972351074,0.0102405846118927,0.10040771961212158,nan,nan,nan
mlp_recursive,1,4,4,0.026587732136249542,0.13828155398368835,0.027802109718322754,0.3669404983520508,nan,nan,nan
mlp_recursive,1,5,4,0.005232939030975103,0.06710651516914368,0.01809006929397583,0.035952091217041016,nan,nan,nan
mlp_recursive,1,6,4,0.0009810025803744793,0.02106320858001709,0.026531845331192017,0.017611980438232422,nan,nan,nan
mlp_recursive,1,7,4,0.001580707379616797,0.022477447986602783,0.023030314594507217,0.1336084008216858,nan,nan,nan
mlp_recursive,1,8,4,0.0035629291087388992,0.020640075206756592,0.01093718409538269,0.28501415252685547,nan,nan,nan
mlp_recursive,1,9,4,0.0219064150005579,0.1154710054397583,0.08369916677474976,0.2561204433441162,nan,nan,nan
mlp_recursive,1,10,4,0.002741199219599366,0.005546391010284424,0.021768808364868164,0.2535562515258789,nan,nan,nan
mlp_recursive,1,11,4,0.002404828555881977,0.00427323579788208,0.019934654235839844,0.23874425888061523,nan,nan,nan
mlp_recursive,1,12,4,0.00565442955121398,0.04395371675491333,0.0004334449768066406,0.30837202072143555,nan,nan,nan
mlp_recursive,1,13,4,0.001980724511668086,0.0034872889518737793,0.026822984218597412,0.19952356815338135,nan,nan,nan
mlp_recursive,1,14,4,0.004056802485138178,0.01958543062210083,0.02304518222808838,0.2970452308654785,nan,nan,nan
mlp_recursive,1,15,4,0.02245485782623291,0.12266772240400314,0.045807838439941406,0.34618043899536133,nan,nan,nan
mlp_recursive,1,16,4,0.007011575624346733,0.07432028651237488,0.03488129377365112,0.05065631866455078,nan,nan,nan
mlp_recursive,1,17,4,0.022987186908721924,0.12143594026565552,0.07622319459915161,0.2734494209289551,nan,nan,nan
mlp_recursive,1,18,4,0.020648175850510597,0.11503380537033081,0.010544776916503906,0.4020364284515381,nan,nan,nan
mlp_recursive,1,19,4,0.0009149117395281792,0.008811712265014648,0.023569226264953613,0.11017084121704102,nan,nan,nan
mlp_recursive,1,20,4,0.005967268254607916,0.057045698165893555,0.043186336755752563,0.17289388179779053,nan,nan,nan
mlp_recursive,1,21,4,0.01507543120533228,0.09834283590316772,0.0701676607131958,0.1689123511314392,nan,nan,nan
mlp_recursive,1,22,4,0.0016454526921734214,0.038011252880096436,0.008023500442504883,0.016095638275146484,nan,nan,nan
mlp_recursive,1,23,4,0.024060318246483803,0.12604138255119324,0.06779927015304565,0.3036355972290039,nan,nan,nan
mlp_recursive,1,24,4,0.010939088650047779,0.08718782663345337,0.05522105097770691,0.11395841836929321,nan,nan,nan
mlp_recursive,1,25,4,0.0031334906816482544,0.05162610858678818,0.016917943954467773,0.006500244140625,nan,nan,nan
mlp_recursive,1,26,4,0.004838737193495035,0.06074914336204529,0.031149566173553467,0.054505348205566406,nan,nan,nan
mlp_recursive,1,27,4,0.02406352013349533,0.12907937169075012,0.026825547218322754,0.3750424385070801,nan,nan,nan
mlp_recursive,1,28,4,0.0016102595254778862,0.0017063617706298828,0.023066312074661255,0.18315157294273376,nan,nan,nan
mlp_recursive,1,29,4,0.0015980839962139726,0.030730605125427246,0.01848585158586502,0.09351778030395508,nan,nan,nan
mlp_recursive,1,30,4,0.001213209587149322,0.006895780563354492,0.031105220317840576,0.11614108085632324,nan,nan,nan
mlp_recursive,1,31,4,0.00116044282913208,0.008571505546569824,0.022082418203353882,0.14189425110816956,nan,nan,nan
mlp_recursive,1,0,5,0.004371752496808767,0.05969719588756561,0.025352895259857178,0.013156414031982422,nan,nan,nan
mlp_recursive,1,1,5,0.009789401665329933,0.08280986547470093,0.051303207874298096,0.10853767395019531,nan,nan,nan
mlp_recursive,1,2,5,0.0022349574137479067,0.02437877655029297,0.025221150368452072,0.17579150199890137,nan,nan,nan
mlp_recursive,1,3,5,0.0019172956235706806,0.03391844034194946,0.014225706458091736,0.11746275424957275,nan,nan,nan
mlp_recursive,1,4,5,0.04239607974886894,0.17712953686714172,0.0053539276123046875,0.4589247703552246,nan,nan,nan
mlp_recursive,1,5,5,0.009417660534381866,0.08908267319202423,0.03076171875,0.027577877044677734,nan,nan,nan
mlp_recursive,1,6,5,0.0012974765850231051,0.021884143352508545,0.03276054561138153,0.03156328201293945,nan,nan,nan
mlp_recursive,1,7,5,0.0015373650239780545,0.020518600940704346,0.021192044019699097,0.143812894821167,nan,nan,nan
mlp_recursive,1,8,5,0.004663941450417042,0.01861584186553955,0.0007895827293395996,0.3398253917694092,nan,nan,nan
mlp_recursive,1,9,5,0.04148457571864128,0.16154605150222778,0.10617327690124512,0.36847078800201416,nan,nan,nan
mlp_recursive,1,10,5,0.0037684356793761253,0.0060395002365112305,0.013245627284049988,0.3119661808013916,nan,nan,nan
mlp_recursive,1,11,5,0.003840111894533038,0.006307065486907959,0.015691623091697693,0.3128167390823364,nan,nan,nan
mlp_recursive,1,12,5,0.007075827103108168,0.037733376026153564,0.015324592590332031,0.3797459602355957,nan,nan,nan
mlp_recursive,1,13,5,0.003815452801063657,0.004896283149719238,0.027999669313430786,0.2962343692779541,nan,nan,nan
mlp_recursive,1,14,5,0.005366082768887281,0.01997232437133789,0.01298755407333374,0.3602334260940552,nan,nan,nan
mlp_recursive,1,15,5,0.038410261273384094,0.16440501809120178,0.02836686372756958,0.4668600559234619,nan,nan,nan
mlp_recursive,1,16,5,0.009292655624449253,0.08222222328186035,0.047720491886138916,0.08830976486206055,nan,nan,nan
mlp_recursive,1,17,5,0.0430627204477787,0.17114382982254028,0.08568817377090454,0.3947618007659912,nan,nan,nan
mlp_recursive,1,18,5,0.028046080842614174,0.13300836086273193,0.02254122495651245,0.47049570083618164,nan,nan,nan
mlp_recursive,1,19,5,0.0016576774651184678,0.01059490442276001,0.027224600315093994,0.16650152206420898,nan,nan,nan
mlp_recursive,1,20,5,0.011429204605519772,0.0792967677116394,0.060068875551223755,0.2344144582748413,nan,nan,nan
mlp_recursive,1,21,5,0.028594397008419037,0.13548433780670166,0.09319603443145752,0.25650203227996826,nan,nan,nan
mlp_recursive,1,22,5,0.0035955619532614946,0.055484600365161896,0.016967177391052246,0.013892650604248047,nan,nan,nan
mlp_recursive,1,23,5,0.04429628327488899,0.1762891709804535,0.06796598434448242,0.43143773078918457,nan,nan,nan
mlp_recursive,1,24,5,0.01921357959508896,0.11356234550476074,0.07536658644676208,0.17427170276641846,nan,nan,nan
mlp_recursive,1,25,5,0.006864598020911217,0.07481588423252106,0.031934499740600586,0.005650043487548828,nan,nan,nan
mlp_recursive,1,26,5,0.008688058704137802,0.08035838603973389,0.04443001747131348,0.07798147201538086,nan,nan,nan
mlp_recursive,1,27,5,0.0367603674530983,0.16126376390457153,0.0030204057693481445,0.4674510955810547,nan,nan,nan
mlp_recursive,1,28,5,0.002377494238317013,0.0005910396575927734,0.02148100733757019,0.23582687973976135,nan,nan,nan
mlp_recursive,1,29,5,0.0016728993505239487,0.03015059232711792,0.02066168189048767,0.10121238231658936,nan,nan,nan
mlp_recursive,1,30,5,0.002251250436529517,0.007307887077331543,0.03618362545967102,0.18713118135929108,nan,nan,nan
mlp_recursive,1,31,5,0.0015609866240993142,0.00724029541015625,0.022524714469909668,0.17663270235061646,nan,nan,nan
mlp_recursive,1,0,6,0.008525699377059937,0.08149442076683044,0.04157984256744385,0.02744579315185547,nan,nan,nan
mlp_recursive,1,1,6,0.008751151151955128,0.06335049867630005,0.05724918842315674,0.2375011444091797,nan,nan,nan
mlp_recursive,1,2,6,0.0031087512616068125,0.02447718381881714,0.025340784341096878,0.23284196853637695,nan,nan,nan
mlp_recursive,1,3,6,0.001976318657398224,0.03411662578582764,0.013628870248794556,0.12367260456085205,nan,nan,nan
mlp_recursive,1,4,6,0.05496655032038689,0.1968356966972351,0.06307399272918701,0.5078582763671875,nan,nan,nan
mlp_recursive,1,5,6,0.013011712580919266,0.10109642148017883,0.05060744285583496,0.007830142974853516,nan,nan,nan
mlp_recursive,1,6,6,0.0014594461536034942,0.020758628845214844,0.03742656111717224,0.027554988861083984,nan,nan,nan
mlp_recursive,1,7,6,0.0016205169958993793,0.02083289623260498,0.020589161664247513,0.15166592597961426,nan,nan,nan
mlp_recursive,1,8,6,0.005907613784074783,0.014786362648010254,0.015665702521800995,0.3851191997528076,nan,nan,nan
mlp_recursive,1,9,6,0.07240548729896545,0.21814090013504028,0.12475264072418213,0.502174973487854,nan,nan,nan
mlp_recursive,1,10,6,0.005195483099669218,0.0020711421966552734,0.0034332275390625,0.3738746643066406,nan,nan,nan
mlp_recursive,1,11,6,0.005120981950312853,0.006823480129241943,0.00654853880405426,0.36870598793029785,nan,nan,nan
mlp_recursive,1,12,6,0.008399343118071556,0.03240758180618286,0.03593559190630913,0.41418027877807617,nan,nan,nan
mlp_recursive,1,13,6,0.005661494564265013,0.005046188831329346,0.022030800580978394,0.3781532049179077,nan,nan,nan
mlp_recursive,1,14,6,0.006706011947244406,0.018222033977508545,0.0017185509204864502,0.4134560823440552,nan,nan,nan
mlp_recursive,1,15,6,0.056160297244787216,0.20037448406219482,0.00819474458694458,0.5660221576690674,nan,nan,nan
mlp_recursive,1,16,6,0.010524717159569263,0.08164292573928833,0.05591806769371033,0.16793441772460938,nan,nan,nan
mlp_recursive,1,17,6,0.07186102122068405,0.22861045598983765,0.07946372032165527,0.5185031890869141,nan,nan,nan
mlp_recursive,1,18,6,0.032425250858068466,0.1330791711807251,0.0676608681678772,0.5137696266174316,nan,nan,nan
mlp_recursive,1,19,6,0.0031515229493379593,0.009266555309295654,0.029404431581497192,0.2579216957092285,nan,nan,nan
mlp_recursive,1,20,6,0.02022884227335453,0.10544329881668091,0.08188259601593018,0.30285221338272095,nan,nan,nan
mlp_recursive,1,21,6,0.05034427344799042,0.18059170246124268,0.11780941486358643,0.36481499671936035,nan,nan,nan
mlp_recursive,1,22,6,0.007271630223840475,0.07729180157184601,0.031745076179504395,0.006406307220458984,nan,nan,nan
mlp_recursive,1,23,6,0.07426044344902039,0.23567041754722595,0.04665780067443848,0.5588929653167725,nan,nan,nan
mlp_recursive,1,24,6,0.03132260590791702,0.1420115828514099,0.09602373838424683,0.27513277530670166,nan,nan,nan
mlp_recursive,1,25,6,0.011705967597663403,0.09500652551651001,0.05066239833831787,0.015145301818847656,nan,nan,nan
mlp_recursive,1,26,6,0.011647065170109272,0.08888357877731323,0.05789494514465332,0.13280963897705078,nan,nan,nan
mlp_recursive,1,27,6,0.04671293497085571,0.1768360137939453,0.05258899927139282,0.5288867950439453,nan,nan,nan
mlp_recursive,1,28,6,0.0032494140323251486,0.0006760358810424805,0.01727360486984253,0.2865844666957855,nan,nan,nan
mlp_recursive,1,29,6,0.0017635211115702987,0.02748584747314453,0.023182258009910583,0.12335574626922607,nan,nan,nan
mlp_recursive,1,30,6,0.003756566671654582,0.005780518054962158,0.0377824604511261,0.27209150791168213,nan,nan,nan
mlp_recursive,1,31,6,0.0020073382183909416,0.0056893229484558105,0.021781563758850098,0.21080780029296875,nan,nan,nan
mlp_recursive,1,0,7,0.012661024928092957,0.09551131725311279,0.06021541357040405,0.060184478759765625,nan,nan,nan
mlp_recursive,1,1,7,0.00802629068493843,0.04382932186126709,0.04153691977262497,0.35723447799682617,nan,nan,nan
mlp_recursive,1,2,7,0.003769220784306526,0.025704026222229004,0.020322471857070923,0.2727999687194824,nan,nan,nan
mlp_recursive,1,3,7,0.001970049226656556,0.03138643503189087,0.015159843489527702,0.14010095596313477,nan,nan,nan
mlp_recursive,1,4,7,0.06010716035962105,0.18248796463012695,0.13926979899406433,0.5237703323364258,nan,nan,nan
mlp_recursive,1,5,7,0.017142022028565407,0.11114615201950073,0.07101070880889893,0.04873991012573242,nan,nan,nan
mlp_recursive,1,6,7,0.0017016545170918107,0.021186113357543945,0.041444629430770874,0.030370235443115234,nan,nan,nan
mlp_recursive,1,7,7,0.0015193115686997771,0.018590211868286133,0.019896134734153748,0.15302598476409912,nan,nan,nan
mlp_recursive,1,8,7,0.007281776983290911,0.005682885646820068,0.028110645711421967,0.4253031015396118,nan,nan,nan
mlp_recursive,1,9,7,0.11828663945198059,0.2871211767196655,0.12928694486618042,0.6578314304351807,nan,nan,nan
mlp_recursive,1,10,7,0.006563518196344376,0.001441359519958496,0.011669665575027466,0.41767704486846924,nan,nan,nan
mlp_recursive,1,11,7,0.006223709788173437,0.004878878593444824,0.0070479027926921844,0.40772151947021484,nan,nan,nan
mlp_recursive,1,12,7,0.009685319848358631,0.014152109622955322,0.054955482482910156,0.4468193054199219,nan,nan,nan
mlp_recursive,1,13,7,0.00752897746860981,0.0049645304679870605,0.010475769639015198,0.4475597143173218,nan,nan,nan
mlp_recursive,1,14,7,0.009589201770722866,0.012874960899353027,0.015260323882102966,0.49941420555114746,nan,nan,nan
mlp_recursive,1,15,7,0.06846515089273453,0.21450960636138916,0.06948769092559814,0.6247372627258301,nan,nan,nan
mlp_recursive,1,16,7,0.009458287619054317,0.06560623645782471,0.05499342083930969,0.2673912048339844,nan,nan,nan
mlp_recursive,1,17,7,0.11044774204492569,0.2914770245552063,0.049285829067230225,0.6399540901184082,nan,nan,nan
mlp_recursive,1,18,7,0.03296840935945511,0.1145678162574768,0.11334854364395142,0.5123691558837891,nan,nan,nan
mlp_recursive,1,19,7,0.005136995110660791,0.0071266889572143555,0.02650362253189087,0.35228240489959717,nan,nan,nan
mlp_recursive,1,20,7,0.0337197445333004,0.13569962978363037,0.10763853788375854,0.3858402967453003,nan,nan,nan
mlp_recursive,1,21,7,0.08348164707422256,0.23407787084579468,0.14305353164672852,0.49647581577301025,nan,nan,nan
mlp_recursive,1,22,7,0.012355688028037548,0.09789669513702393,0.051254212856292725,0.008658409118652344,nan,nan,nan
mlp_recursive,1,23,7,0.10683455318212509,0.286213219165802,0.009319961071014404,0.6675243377685547,nan,nan,nan
mlp_recursive,1,24,7,0.051841091364622116,0.18133127689361572,0.12304109334945679,0.37722647190093994,nan,nan,nan
mlp_recursive,1,25,7,0.015027529560029507,0.10084444284439087,0.07211929559707642,0.08554601669311523,nan,nan,nan
mlp_recursive,1,26,7,0.011347274295985699,0.0798025131225586,0.06239521503448486,0.2123732566833496,nan,nan,nan
mlp_recursive,1,27,7,0.052558403462171555,0.1732165813446045,0.10968726873397827,0.551703929901123,nan,nan,nan
mlp_recursive,1,28,7,0.004176661837846041,0.0026363730430603027,0.010458797216415405,0.33230578899383545,nan,nan,nan
mlp_recursive,1,29,7,0.0014222153695300221,0.022477269172668457,0.023736700415611267,0.11387860774993896,nan,nan,nan
mlp_recursive,1,30,7,0.004891706630587578,0.0027446746826171875,0.03263998031616211,0.33479610085487366,nan,nan,nan
mlp_recursive,1,31,7,0.002677993616089225,0.005939900875091553,0.020847082138061523,0.25134673714637756,nan,nan,nan
mlp_recursive,1,0,8,0.015139606781303883,0.09730452299118042,0.07687467336654663,0.13466691970825195,nan,nan,nan
mlp_recursive,1,1,8,0.010582278482615948,0.03037083148956299,0.011758685111999512,0.5054283142089844,nan,nan,nan
mlp_recursive,1,2,8,0.004196377471089363,0.025623679161071777,0.013274810276925564,0.30070602893829346,nan,nan,nan
mlp_recursive,1,3,8,0.0016696840757504106,0.02846580743789673,0.014655806124210358,0.1303778886795044,nan,nan,nan
mlp_recursive,1,4,8,0.05619773268699646,0.1295883059501648,0.2085077464580536,0.4647336006164551,nan,nan,nan
mlp_recursive,1,5,8,0.018811875954270363,0.10572588443756104,0.09117397665977478,0.148712158203125,nan,nan,nan
mlp_recursive,1,6,8,0.00215210672467947,0.023666799068450928,0.04664337635040283,0.036481261253356934,nan,nan,nan
mlp_recursive,1,7,8,0.0013724900782108307,0.01531130075454712,0.019131332635879517,0.15267598628997803,nan,nan,nan
mlp_recursive,1,8,8,0.009980844333767891,0.004270017147064209,0.03755122423171997,0.49262571334838867,nan,nan,nan
mlp_recursive,1,9,8,0.18554092943668365,0.3698500990867615,0.11817830801010132,0.8259704113006592,nan,nan,nan
mlp_recursive,1,10,8,0.00791181344538927,0.0012145638465881348,0.02845412865281105,0.4454585909843445,nan,nan,nan
mlp_recursive,1,11,8,0.007274087052792311,0.004848361015319824,0.022283820435404778,0.4316764771938324,nan,nan,nan
mlp_recursive,1,12,8,0.011611703783273697,0.012331604957580566,0.07200971245765686,0.46168947219848633,nan,nan,nan
mlp_recursive,1,13,8,0.010898170061409473,0.004872798919677734,0.003265365958213806,0.5413237810134888,nan,nan,nan
mlp_recursive,1,14,8,0.011579140089452267,0.006179094314575195,0.03486248105764389,0.5373831987380981,nan,nan,nan
mlp_recursive,1,15,8,0.07616268843412399,0.20939266681671143,0.13909649848937988,0.6284523010253906,nan,nan,nan
mlp_recursive,1,16,8,0.009220288135111332,0.04345989227294922,0.040328990668058395,0.40323591232299805,nan,nan,nan
mlp_recursive,1,17,8,0.16041985154151917,0.3553769588470459,0.0034065842628479004,0.7573635578155518,nan,nan,nan
mlp_recursive,1,18,8,0.031117446720600128,0.0782543420791626,0.1520111858844757,0.4813675880432129,nan,nan,nan
mlp_recursive,1,19,8,0.006237326189875603,0.0032632946968078613,0.015286937355995178,0.4044821560382843,nan,nan,nan
mlp_recursive,1,20,8,0.05394287779927254,0.17106008529663086,0.13761171698570251,0.48640936613082886,nan,nan,nan
mlp_recursive,1,21,8,0.1334945261478424,0.30176782608032227,0.1600915789604187,0.6499476432800293,nan,nan,nan
mlp_recursive,1,22,8,0.014251244254410267,0.09341198205947876,0.07885068655014038,0.10279989242553711,nan,nan,nan
mlp_recursive,1,23,8,0.13838009536266327,0.3208279013633728,0.08795827627182007,0.7287745475769043,nan,nan,nan
mlp_recursive,1,24,8,0.08326397091150284,0.22961944341659546,0.1522805094718933,0.5018579959869385,nan,nan,nan
mlp_recursive,1,25,8,0.01590484380722046,0.09163129329681396,0.08849084377288818,0.1877422332763672,nan,nan,nan
mlp_recursive,1,26,8,0.010589870624244213,0.06330376863479614,0.058938294649124146,0.3202500343322754,nan,nan,nan
mlp_recursive,1,27,8,0.049807410687208176,0.13299661874771118,0.1734185367822647,0.5136651992797852,nan,nan,nan
mlp_recursive,1,28,8,0.005139939021319151,0.005028426647186279,0.00159493088722229,0.3712553381919861,nan,nan,nan
mlp_recursive,1,29,8,0.0015263175591826439,0.02138906717300415,0.025864437222480774,0.12349414825439453,nan,nan,nan
mlp_recursive,1,30,8,0.006885418202728033,0.0001958608627319336,0.02660191059112549,0.4155374765396118,nan,nan,nan
mlp_recursive,1,31,8,0.004312794655561447,0.0036187171936035156,0.019778549671173096,0.3297363221645355,nan,nan,nan
mlp_recursive,1,0,9,0.013694806955754757,0.07981264591217041,0.08186432719230652,0.23799562454223633,nan,nan,nan
mlp_recursive,1,1,9,0.017051393166184425,0.03826868534088135,0.025237679481506348,0.6361150741577148,nan,nan,nan
mlp_recursive,1,2,9,0.004867322742938995,0.025662541389465332,0.005652957130223513,0.3333434760570526,nan,nan,nan
mlp_recursive,1,3,9,0.0015830745687708259,0.02565079927444458,0.015197068452835083,0.13744699954986572,nan,nan,nan
mlp_recursive,1,4,9,0.04697879031300545,0.04659539461135864,0.2426857352256775,0.3432493209838867,nan,nan,nan
mlp_recursive,1,5,9,0.01711447723209858,0.0833401083946228,0.09763848781585693,0.28217458724975586,nan,nan,nan
mlp_recursive,1,6,9,0.002594518708065152,0.026133298873901367,0.049948811531066895,0.06109654903411865,nan,nan,nan
mlp_recursive,1,7,9,0.0016669490141794086,0.015074312686920166,0.020498663187026978,0.17455017566680908,nan,nan,nan
mlp_recursive,1,8,9,0.013193677179515362,0.019324958324432373,0.05000881850719452,0.5465234518051147,nan,nan,nan
mlp_recursive,1,9,9,0.2729635238647461,0.4591734707355499,0.08018046617507935,0.989161491394043,nan,nan,nan
mlp_recursive,1,10,9,0.010514355264604092,0.010372459888458252,0.03836393356323242,0.5032671093940735,nan,nan,nan
mlp_recursive,1,11,9,0.00925999041646719,0.012114524841308594,0.03363131359219551,0.4738752245903015,nan,nan,nan
mlp_recursive,1,12,9,0.014512899331748486,0.041840553283691406,0.0832662582397461,0.46012115478515625,nan,nan,nan
mlp_recursive,1,13,9,0.01329516340047121,0.0016307830810546875,0.02419387549161911,0.5896803140640259,nan,nan,nan
mlp_recursive,1,14,9,0.01351176667958498,0.00419008731842041,0.05324698984622955,0.5582872629165649,nan,nan,nan
mlp_recursive,1,15,9,0.07423999905586243,0.17215412855148315,0.2076365053653717,0.5723700523376465,nan,nan,nan
mlp_recursive,1,16,9,0.013207540847361088,0.027361690998077393,0.011752128601074219,0.5756983757019043,nan,nan,nan
mlp_recursive,1,17,9,0.20353738963603973,0.394987553358078,0.09926468133926392,0.8197798728942871,nan,nan,nan
mlp_recursive,1,18,9,0.02923995815217495,0.035418570041656494,0.17722156643867493,0.4158163070678711,nan,nan,nan
mlp_recursive,1,19,9,0.007361744064837694,7.420778274536133e-05,0.0015658438205718994,0.4455417990684509,nan,nan,nan
mlp_recursive,1,20,9,0.08372217416763306,0.2126975655555725,0.17191916704177856,0.6077612042427063,nan,nan,nan
mlp_recursive,1,21,9,0.20536643266677856,0.3824872672557831,0.16100263595581055,0.8451189994812012,nan,nan,nan
mlp_recursive,1,22,9,0.014540959149599075,0.08549672365188599,0.087796151638031,0.18167686462402344,nan,nan,nan
mlp_recursive,1,23,9,0.15379586815834045,0.3148895502090454,0.19158869981765747,0.7249288558959961,nan,nan,nan
mlp_recursive,1,24,9,0.13053977489471436,0.28921377658843994,0.18212085962295532,0.6514301300048828,nan,nan,nan
mlp_recursive,1,25,9,0.013650298118591309,0.06544303894042969,0.08836796879768372,0.3115687370300293,nan,nan,nan
mlp_recursive,1,26,9,0.011009679175913334,0.037307024002075195,0.040671393275260925,0.47446489334106445,nan,nan,nan
mlp_recursive,1,27,9,0.04251078888773918,0.06483906507492065,0.21382567286491394,0.423736572265625,nan,nan,nan
mlp_recursive,1,28,9,0.007601304445415735,0.006463527679443359,0.0058692097663879395,0.45070844888687134,nan,nan,nan
mlp_recursive,1,29,9,0.001387838157825172,0.017557621002197266,0.026852160692214966,0.12243819236755371,nan,nan,nan
mlp_recursive,1,30,9,0.010090627707540989,0.004814624786376953,0.01707613468170166,0.5158429741859436,nan,nan,nan
mlp_recursive,1,31,9,0.005299606826156378,0.0006685853004455566,0.01201784610748291,0.37451547384262085,nan,nan,nan
mlp_recursive,1,0,10,0.011892137117683887,0.05546921491622925,0.07341928035020828,0.36060285568237305,nan,nan,nan
mlp_recursive,1,1,10,0.024253560230135918,0.05910170078277588,0.05314570665359497,0.7059206962585449,nan,nan,nan
mlp_recursive,1,2,10,0.005596125964075327,0.02510547637939453,0.002980245277285576,0.36337268352508545,nan,nan,nan
mlp_recursive,1,3,10,0.001707400195300579,0.0222356915473938,0.016013920307159424,0.16320204734802246,nan,nan,nan
mlp_recursive,1,4,10,0.04438302293419838,0.0429459810256958,0.24478542804718018,0.19664478302001953,nan,nan,nan
mlp_recursive,1,5,10,0.01444795448333025,0.051573216915130615,0.08378521353006363,0.42584848403930664,nan,nan,nan
mlp_recursive,1,6,10,0.003025585552677512,0.027925193309783936,0.05213427543640137,0.09149682521820068,nan,nan,nan
mlp_recursive,1,7,10,0.0024680031929165125,0.013431906700134277,0.022127240896224976,0.22844171524047852,nan,nan,nan
mlp_recursive,1,8,10,0.01673492044210434,0.037408649921417236,0.0652015209197998,0.5757381916046143,nan,nan,nan
mlp_recursive,1,9,10,0.37538233399391174,0.5459102988243103,0.0069391727447509766,1.125946044921875,nan,nan,nan
mlp_recursive,1,10,10,0.01350038405507803,0.020353198051452637,0.05034150183200836,0.5523883104324341,nan,nan,nan
mlp_recursive,1,11,10,0.011900655925273895,0.017274916172027588,0.04483210667967796,0.5244863033294678,nan,nan,nan
mlp_recursive,1,12,10,0.019244322553277016,0.07763385772705078,0.08447301387786865,0.45663905143737793,nan,nan,nan
mlp_recursive,1,13,10,0.015571173280477524,0.0008178949356079102,0.049130529165267944,0.6127742528915405,nan,nan,nan
mlp_recursive,1,14,10,0.017217254266142845,0.02075016498565674,0.06796380877494812,0.6053910255432129,nan,nan,nan
mlp_recursive,1,15,10,0.06647652387619019,0.10660427808761597,0.2595546841621399,0.4631075859069824,nan,nan,nan
mlp_recursive,1,16,10,0.02110516093671322,0.0371403694152832,0.02472752332687378,0.7190089225769043,nan,nan,nan
mlp_recursive,1,17,10,0.22646673023700714,0.3903624713420868,0.226434588432312,0.7972226142883301,nan,nan,nan
mlp_recursive,1,18,10,0.027824319899082184,0.015488088130950928,0.1843605637550354,0.34253406524658203,nan,nan,nan
mlp_recursive,1,19,10,0.008457602001726627,0.0027822256088256836,0.01384386420249939,0.47365525364875793,nan,nan,nan
mlp_recursive,1,20,10,0.12834756076335907,0.26459580659866333,0.20995286107063293,0.7545799612998962,nan,nan,nan
mlp_recursive,1,21,10,0.3118998408317566,0.48416006565093994,0.14229339361190796,1.0361807346343994,nan,nan,nan
mlp_recursive,1,22,10,0.013187139295041561,0.06602197885513306,0.08796767890453339,0.28917407989501953,nan,nan,nan
mlp_recursive,1,23,10,0.15078474581241608,0.26236724853515625,0.29613134264945984,0.6373271942138672,nan,nan,nan
mlp_recursive,1,24,10,0.2002709060907364,0.3626641035079956,0.2096395492553711,0.8268738985061646,nan,nan,nan
mlp_recursive,1,25,10,0.012530180625617504,0.03897756338119507,0.06661038100719452,0.4594426155090332,nan,nan,nan
mlp_recursive,1,26,10,0.01581192947924137,0.03338688611984253,0.0019372999668121338,0.6271119117736816,nan,nan,nan
mlp_recursive,1,27,10,0.038589756935834885,0.008880376815795898,0.22635184228420258,0.307950496673584,nan,nan,nan
mlp_recursive,1,28,10,0.008910607546567917,0.009055912494659424,0.0209973007440567,0.47934335470199585,nan,nan,nan
mlp_recursive,1,29,10,0.001355568296276033,0.014859020709991455,0.02797839045524597,0.1248316764831543,nan,nan,nan
mlp_recursive,1,30,10,0.011996368877589703,0.008909225463867188,0.0019061565399169922,0.566680908203125,nan,nan,nan
mlp_recursive,1,31,10,0.006341942120343447,0.005154132843017578,0.0023901164531707764,0.4124963581562042,nan,nan,nan
mlp_recursive,1,0,11,0.012087921611964703,0.034745097160339355,0.04590575397014618,0.5013351440429688,nan,nan,nan
mlp_recursive,1,1,11,0.03356058523058891,0.09521269798278809,0.06986463069915771,0.7388350963592529,nan,nan,nan
mlp_recursive,1,2,11,0.005402904469519854,0.019000768661499023,0.014376364648342133,0.36219674348831177,nan,nan,nan
mlp_recursive,1,3,11,0.0014613528037443757,0.016294121742248535,0.01509547233581543,0.16531097888946533,nan,nan,nan
mlp_recursive,1,4,11,0.05070766434073448,0.1311071515083313,0.215654194355011,0.01763629913330078,nan,nan,nan
mlp_recursive,1,5,11,0.015109225176274776,0.028655290603637695,0.0496482253074646,0.5811290740966797,nan,nan,nan
mlp_recursive,1,6,11,0.003450575517490506,0.02833998203277588,0.05370563268661499,0.12679696083068848,nan,nan,nan
mlp_recursive,1,7,11,0.003860749304294586,0.010708391666412354,0.02198195457458496,0.3030197024345398,nan,nan,nan
mlp_recursive,1,8,11,0.022254740819334984,0.05991476774215698,0.08001282811164856,0.6129015684127808,nan,nan,nan
mlp_recursive,1,9,11,0.47836294770240784,0.6146291494369507,0.10635995864868164,1.2115836143493652,nan,nan,nan
mlp_recursive,1,10,11,0.017046304419636726,0.03300434350967407,0.06455749273300171,0.5921379327774048,nan,nan,nan
mlp_recursive,1,11,11,0.014666256494820118,0.02448403835296631,0.05752658098936081,0.5628493428230286,nan,nan,nan
mlp_recursive,1,12,11,0.02618570439517498,0.11380237340927124,0.08167010545730591,0.4456031322479248,nan,nan,nan
mlp_recursive,1,13,11,0.01774526946246624,0.011521339416503906,0.06963778287172318,0.6207633018493652,nan,nan,nan
mlp_recursive,1,14,11,0.022108465433120728,0.04202300310134888,0.08426815271377563,0.6426699161529541,nan,nan,nan
mlp_recursive,1,15,11,0.059913307428359985,0.03203105926513672,0.2840994596481323,0.31449222564697266,nan,nan,nan
mlp_recursive,1,16,11,0.03074079565703869,0.06638282537460327,0.05465090274810791,0.8019676208496094,nan,nan,nan
mlp_recursive,1,17,11,0.22706027328968048,0.3351976275444031,0.35504451394081116,0.6808915138244629,nan,nan,nan
mlp_recursive,1,18,11,0.029320495203137398,0.05825841426849365,0.18462979793548584,0.24925017356872559,nan,nan,nan
mlp_recursive,1,19,11,0.009480222128331661,0.005668342113494873,0.030097290873527527,0.4879055917263031,nan,nan,nan
mlp_recursive,1,20,11,0.19238753616809845,0.3252452611923218,0.24485072493553162,0.9701861143112183,nan,nan,nan
mlp_recursive,1,21,11,0.44682642817497253,0.5921997427940369,0.08928608894348145,1.2178833484649658,nan,nan,nan
mlp_recursive,1,22,11,0.012490689754486084,0.0361669659614563,0.07299181818962097,0.44709157943725586,nan,nan,nan
mlp_recursive,1,23,11,0.13282011449337006,0.1584622859954834,0.3766201138496399,0.4729952812194824,nan,nan,nan
mlp_recursive,1,24,11,0.29822492599487305,0.4517820477485657,0.22000598907470703,1.042494297027588,nan,nan,nan
mlp_recursive,1,25,11,0.017550110816955566,0.017220258712768555,0.03227108716964722,0.6673455238342285,nan,nan,nan
mlp_recursive,1,26,11,0.02570147067308426,0.04577440023422241,0.031771957874298096,0.7825198173522949,nan,nan,nan
mlp_recursive,1,27,11,0.041165176779031754,0.081184983253479,0.21956110000610352,0.16295146942138672,nan,nan,nan
mlp_recursive,1,28,11,0.010734637267887592,0.006977379322052002,0.035884395241737366,0.514159619808197,nan,nan,nan
mlp_recursive,1,29,11,0.0014243988553062081,0.012911975383758545,0.028981119394302368,0.13414251804351807,nan,nan,nan
mlp_recursive,1,30,11,0.014961753971874714,0.007717311382293701,0.021477684378623962,0.6271094679832458,nan,nan,nan
mlp_recursive,1,31,11,0.007411806378513575,0.009936511516571045,0.00860816240310669,0.44227179884910583,nan,nan,nan
mlp_recursive,1,0,12,0.01817922852933407,0.022083818912506104,0.011892527341842651,0.6879048347473145,nan,nan,nan
mlp_recursive,1,1,12,0.044558387249708176,0.13621264696121216,0.08301723003387451,0.7235403060913086,nan,nan,nan
mlp_recursive,1,2,12,0.005159994121640921,0.013358712196350098,0.024604126811027527,0.3503105640411377,nan,nan,nan
mlp_recursive,1,3,12,0.001318650902248919,0.011650383472442627,0.014876067638397217,0.16569888591766357,nan,nan,nan
mlp_recursive,1,4,12,0.061904896050691605,0.19794663786888123,0.1622982621192932,0.14199066162109375,nan,nan,nan
mlp_recursive,1,5,12,0.02085987664759159,0.024559974670410156,0.005552500486373901,0.7376432418823242,nan,nan,nan
mlp_recursive,1,6,12,0.0038516114000231028,0.022163987159729004,0.057853639125823975,0.1662520170211792,nan,nan,nan
mlp_recursive,1,7,12,0.004412500653415918,0.005701661109924316,0.015341222286224365,0.3372068405151367,nan,nan,nan
mlp_recursive,1,8,12,0.027033591642975807,0.07953709363937378,0.0996953547000885,0.5983986854553223,nan,nan,nan
mlp_recursive,1,9,12,0.5572413802146912,0.6442400217056274,0.257019579410553,1.216296672821045,nan,nan,nan
mlp_recursive,1,10,12,0.0200792383402586,0.04825860261917114,0.08114224672317505,0.5925275087356567,nan,nan,nan
mlp_recursive,1,11,12,0.01778455264866352,0.03375816345214844,0.07125133275985718,0.5935486555099487,nan,nan,nan
mlp_recursive,1,12,12,0.03668899089097977,0.1545339822769165,0.06662142276763916,0.44515371322631836,nan,nan,nan
mlp_recursive,1,13,12,0.019627345725893974,0.021707475185394287,0.08951393514871597,0.6064568758010864,nan,nan,nan
mlp_recursive,1,14,12,0.027553150430321693,0.0674508810043335,0.10108575224876404,0.6478755474090576,nan,nan,nan
mlp_recursive,1,15,12,0.05638756975531578,0.046881139278411865,0.2788275182247162,0.15378141403198242,nan,nan,nan
mlp_recursive,1,16,12,0.04242290183901787,0.1104629635810852,0.06772100925445557,0.8349418640136719,nan,nan,nan
mlp_recursive,1,17,12,0.20329731702804565,0.21683871746063232,0.45848339796066284,0.46306419372558594,nan,nan,nan
mlp_recursive,1,18,12,0.03257092460989952,0.10178917646408081,0.17064958810806274,0.18504691123962402,nan,nan,nan
mlp_recursive,1,19,12,0.010946459136903286,0.004073381423950195,0.04507571458816528,0.5072688460350037,nan,nan,nan
mlp_recursive,1,20,12,0.2949971854686737,0.41337496042251587,0.27493441104888916,1.219191312789917,nan,nan,nan
mlp_recursive,1,21,12,0.592914879322052,0.6896345615386963,0.022767961025238037,1.3598997592926025,nan,nan,nan
mlp_recursive,1,22,12,0.01640542782843113,0.01519864797592163,0.037287503480911255,0.6403107643127441,nan,nan,nan
mlp_recursive,1,23,12,0.11814702302217484,0.03360694646835327,0.41056305170059204,0.22017955780029297,nan,nan,nan
mlp_recursive,1,24,12,0.44368818402290344,0.5662562847137451,0.21452009677886963,1.261328935623169,nan,nan,nan
mlp_recursive,1,25,12,0.02580769546329975,0.02700638771057129,0.013506710529327393,0.8191604614257812,nan,nan,nan
mlp_recursive,1,26,12,0.03810472786426544,0.08033609390258789,0.05682438611984253,0.8811740875244141,nan,nan,nan
mlp_recursive,1,27,12,0.047208935022354126,0.14698737859725952,0.1850718855857849,0.020647048950195312,nan,nan,nan
mlp_recursive,1,28,12,0.011979896575212479,0.00887143611907959,0.05361427366733551,0.5175219178199768,nan,nan,nan
mlp_recursive,1,29,12,0.0016255510272458196,0.012089431285858154,0.032378554344177246,0.14209556579589844,nan,nan,nan
mlp_recursive,1,30,12,0.017185641452670097,0.0075814127922058105,0.04556708782911301,0.6508170366287231,nan,nan,nan
mlp_recursive,1,31,12,0.009814407676458359,0.01319277286529541,0.018357664346694946,0.5033136606216431,nan,nan,nan
mlp_recursive,1,0,13,0.02816532738506794,0.03755372762680054,0.02509361505508423,0.8403210639953613,nan,nan,nan
mlp_recursive,1,1,13,0.055482883006334305,0.17163127660751343,0.08988529443740845,0.6872284412384033,nan,nan,nan
mlp_recursive,1,2,13,0.00536390719935298,0.01152050495147705,0.03306633234024048,0.34725797176361084,nan,nan,nan
mlp_recursive,1,3,13,0.0012678448110818863,0.007884204387664795,0.015264332294464111,0.16750073432922363,nan,nan,nan
mlp_recursive,1,4,13,0.06907971203327179,0.23424872756004333,0.09390759468078613,0.2648801803588867,nan,nan,nan
mlp_recursive,1,5,13,0.029803307726979256,0.04123967885971069,0.03178906440734863,0.8571305274963379,nan,nan,nan
mlp_recursive,1,6,13,0.004564934875816107,0.017995893955230713,0.05949753522872925,0.21977216005325317,nan,nan,nan
mlp_recursive,1,7,13,0.005965722259134054,0.0023658275604248047,0.009941697120666504,0.3986404240131378,nan,nan,nan
mlp_recursive,1,8,13,0.03331506624817848,0.1048017144203186,0.11604279279708862,0.5693427920341492,nan,nan,nan
mlp_recursive,1,9,13,0.5853224396705627,0.6132856607437134,0.4302562475204468,1.0957374572753906,nan,nan,nan
mlp_recursive,1,10,13,0.02427004463970661,0.0669550895690918,0.09647518396377563,0.5915662050247192,nan,nan,nan
mlp_recursive,1,11,13,0.02068212814629078,0.047137439250946045,0.08637568354606628,0.5952990651130676,nan,nan,nan
mlp_recursive,1,12,13,0.04806949570775032,0.1876128911972046,0.05956679582595825,0.43033063411712646,nan,nan,nan
mlp_recursive,1,13,13,0.022776586934924126,0.03658539056777954,0.10397322475910187,0.6127233505249023,nan,nan,nan
mlp_recursive,1,14,13,0.03521294519305229,0.09669768810272217,0.11466813087463379,0.6555180549621582,nan,nan,nan
mlp_recursive,1,15,13,0.058779120445251465,0.11976951360702515,0.25085708498954773,0.008044242858886719,nan,nan,nan
mlp_recursive,1,16,13,0.055413614958524704,0.15592782199382782,0.06800639629364014,0.8287875652313232,nan,nan,nan
mlp_recursive,1,17,13,0.17538928985595703,0.052371323108673096,0.5006698369979858,0.17940044403076172,nan,nan,nan
mlp_recursive,1,18,13,0.03706584498286247,0.14027607440948486,0.14717549085617065,0.12665462493896484,nan,nan,nan
mlp_recursive,1,19,13,0.011821325868368149,0.007779181003570557,0.06178604066371918,0.4967136085033417,nan,nan,nan
mlp_recursive,1,20,13,0.45168066024780273,0.5310268402099609,0.2986721992492676,1.469638705253601,nan,nan,nan
mlp_recursive,1,21,13,0.7335636019706726,0.7589595317840576,0.1869778037071228,1.4227676391601562,nan,nan,nan
mlp_recursive,1,22,13,0.026638632640242577,0.02321314811706543,0.0059975385665893555,0.837730884552002,nan,nan,nan
mlp_recursive,1,23,13,0.11257908493280411,0.09192478656768799,0.3886907696723938,0.05227518081665039,nan,nan,nan
mlp_recursive,1,24,13,0.6355379819869995,0.6947219967842102,0.17958545684814453,1.4849908351898193,nan,nan,nan
mlp_recursive,1,25,13,0.03717539831995964,0.060766398906707764,0.04437100887298584,0.9255633354187012,nan,nan,nan
mlp_recursive,1,26,13,0.05115349963307381,0.12525087594985962,0.07500994205474854,0.8999218940734863,nan,nan,nan
mlp_recursive,1,27,13,0.05475517734885216,0.19461065530776978,0.13643860816955566,0.09230852127075195,nan,nan,nan
mlp_recursive,1,28,13,0.01478483248502016,0.006154239177703857,0.06787344813346863,0.5592753291130066,nan,nan,nan
mlp_recursive,1,29,13,0.001963763264939189,0.010525941848754883,0.03568422794342041,0.16192567348480225,nan,nan,nan
mlp_recursive,1,30,13,0.019145511090755463,0.006289064884185791,0.07096333801746368,0.6499611735343933,nan,nan,nan
mlp_recursive,1,31,13,0.0112718241289258,0.017748653888702393,0.034089118242263794,0.5227312445640564,nan,nan,nan
mlp_recursive,1,0,14,0.0395021066069603,0.07808458805084229,0.059685707092285156,0.9047737121582031,nan,nan,nan
mlp_recursive,1,1,14,0.06528758257627487,0.2018921673297882,0.0928182601928711,0.6252809762954712,nan,nan,nan
mlp_recursive,1,2,14,0.005334673915058374,0.007858633995056152,0.0409650057554245,0.3333747982978821,nan,nan,nan
mlp_recursive,1,3,14,0.0013172667240723968,0.004678785800933838,0.015971213579177856,0.1737222671508789,nan,nan,nan
mlp_recursive,1,4,14,0.07038290053606033,0.24385800957679749,0.02923297882080078,0.33980417251586914,nan,nan,nan
mlp_recursive,1,5,14,0.039286479353904724,0.07486718893051147,0.06666523218154907,0.90065598487854,nan,nan,nan
mlp_recursive,1,6,14,0.005464188754558563,0.012115895748138428,0.05911684036254883,0.2804397940635681,nan,nan,nan
mlp_recursive,1,7,14,0.006902929395437241,0.00338900089263916,0.00045934319496154785,0.4310835003852844,nan,nan,nan
mlp_recursive,1,8,14,0.04133753105998039,0.13190418481826782,0.12594014406204224,0.5529739856719971,nan,nan,nan
mlp_recursive,1,9,14,0.5505881905555725,0.49807581305503845,0.6072278618812561,0.8288812637329102,nan,nan,nan
mlp_recursive,1,10,14,0.029552781954407692,0.0865059494972229,0.11000001430511475,0.5931642055511475,nan,nan,nan
mlp_recursive,1,11,14,0.024667084217071533,0.062269628047943115,0.10092851519584656,0.6020467281341553,nan,nan,nan
mlp_recursive,1,12,14,0.06241090968251228,0.220652773976326,0.05636698007583618,0.421880841255188,nan,nan,nan
mlp_recursive,1,13,14,0.024699943140149117,0.04785531759262085,0.12186962366104126,0.5697250962257385,nan,nan,nan
mlp_recursive,1,14,14,0.04154952988028526,0.1200491189956665,0.1334434151649475,0.6036648154258728,nan,nan,nan
mlp_recursive,1,15,14,0.06249077618122101,0.17428988218307495,0.2034764289855957,0.14223957061767578,nan,nan,nan
mlp_recursive,1,16,14,0.0687108114361763,0.19512102007865906,0.058616816997528076,0.8115270137786865,nan,nan,nan
mlp_recursive,1,17,14,0.16754139959812164,0.11377078294754028,0.47201430797576904,0.1753215789794922,nan,nan,nan
mlp_recursive,1,18,14,0.04115690663456917,0.16336005926132202,0.13083302974700928,0.04216766357421875,nan,nan,nan
mlp_recursive,1,19,14,0.01247414294630289,0.01146787405014038,0.07724788784980774,0.4718360900878906,nan,nan,nan
mlp_recursive,1,20,14,0.6720878481864929,0.6720873117446899,0.3014528751373291,1.7408645153045654,nan,nan,nan
mlp_recursive,1,21,14,0.8232998847961426,0.7676641941070557,0.39155787229537964,1.3674116134643555,nan,nan,nan
mlp_recursive,1,22,14,0.039614271372556686,0.058664798736572266,0.039115071296691895,0.9684967994689941,nan,nan,nan
mlp_recursive,1,23,14,0.12005085498094559,0.19534951448440552,0.3296481668949127,0.3201589584350586,nan,nan,nan
mlp_recursive,1,24,14,0.8655169606208801,0.8275901675224304,0.09127229452133179,1.6846442222595215,nan,nan,nan
mlp_recursive,1,25,14,0.04815814271569252,0.10447600483894348,0.06423014402389526,0.9479107856750488,nan,nan,nan
mlp_recursive,1,26,14,0.06395051628351212,0.1695021688938141,0.07726514339447021,0.872408390045166,nan,nan,nan
mlp_recursive,1,27,14,0.0579163022339344,0.21749505400657654,0.08230161666870117,0.17786931991577148,nan,nan,nan
mlp_recursive,1,28,14,0.017592348158359528,0.0005829930305480957,0.0841115415096283,0.5866617560386658,nan,nan,nan
mlp_recursive,1,29,14,0.0029726941138505936,0.006155967712402344,0.038769662380218506,0.22664296627044678,nan,nan,nan
mlp_recursive,1,30,14,0.020757799968123436,0.0035350918769836426,0.09540492296218872,0.6259769797325134,nan,nan,nan
mlp_recursive,1,31,14,0.012634359300136566,0.021878421306610107,0.050397127866744995,0.5289216637611389,nan,nan,nan
mlp_recursive,1,0,15,0.052410852164030075,0.12582027912139893,0.07323074340820312,0.9189019203186035,nan,nan,nan
mlp_recursive,1,1,15,0.07502508163452148,0.22966626286506653,0.09366738796234131,0.5426920652389526,nan,nan,nan
mlp_recursive,1,2,15,0.005021322052925825,0.00040853023529052734,0.047955453395843506,0.3050727844238281,nan,nan,nan
mlp_recursive,1,3,15,0.001463329535908997,0.001577913761138916,0.01651465892791748,0.18539214134216309,nan,nan,nan
mlp_recursive,1,4,15,0.06968844681978226,0.24024683237075806,0.030010104179382324,0.38449621200561523,nan,nan,nan
mlp_recursive,1,5,15,0.04911785200238228,0.11549454927444458,0.08872091770172119,0.8851022720336914,nan,nan,nan
mlp_recursive,1,6,15,0.007159568835049868,0.002037942409515381,0.05836421251296997,0.36088716983795166,nan,nan,nan
mlp_recursive,1,7,15,0.007868525572121143,0.009420275688171387,0.011869341135025024,0.45496097207069397,nan,nan,nan
mlp_recursive,1,8,15,0.04956169053912163,0.15630489587783813,0.13532161712646484,0.522950291633606,nan,nan,nan
mlp_recursive,1,9,15,0.4901916980743408,0.32371091842651367,0.7340503931045532,0.42797136306762695,nan,nan,nan
mlp_recursive,1,10,15,0.035033393651247025,0.10755312442779541,0.124015212059021,0.5638135671615601,nan,nan,nan
mlp_recursive,1,11,15,0.029470672830939293,0.08044630289077759,0.11475244164466858,0.6000162363052368,nan,nan,nan
mlp_recursive,1,12,15,0.07877518981695175,0.25254184007644653,0.060803890228271484,0.4017074704170227,nan,nan,nan
mlp_recursive,1,13,15,0.02782398648560047,0.06525814533233643,0.13342899084091187,0.5440573692321777,nan,nan,nan
mlp_recursive,1,14,15,0.050966110080480576,0.1503821611404419,0.14196336269378662,0.575684666633606,nan,nan,nan
mlp_recursive,1,15,15,0.0676150768995285,0.21345913410186768,0.14854151010513306,0.25156259536743164,nan,nan,nan
mlp_recursive,1,16,15,0.0853891372680664,0.23411908745765686,0.042442917823791504,0.800678014755249,nan,nan,nan
mlp_recursive,1,17,15,0.1813417673110962,0.2497149109840393,0.3881179988384247,0.5134525299072266,nan,nan,nan
mlp_recursive,1,18,15,0.046338003128767014,0.18856561183929443,0.10240602493286133,0.006261587142944336,nan,nan,nan
mlp_recursive,1,19,15,0.013170179910957813,0.010102570056915283,0.08956350386142731,0.45215103030204773,nan,nan,nan
mlp_recursive,1,20,15,0.966215193271637,0.8335391283035278,0.2698417901992798,2.018085241317749,nan,nan,nan
mlp_recursive,1,21,15,0.8121969699859619,0.6724997758865356,0.624219536781311,1.135908603668213,nan,nan,nan
mlp_recursive,1,22,15,0.054778143763542175,0.11557114124298096,0.057331621646881104,1.0099396705627441,nan,nan,nan
mlp_recursive,1,23,15,0.12923094630241394,0.26450270414352417,0.2451331615447998,0.5475540161132812,nan,nan,nan
mlp_recursive,1,24,15,1.1109752655029297,0.9455840587615967,0.06176215410232544,1.8232510089874268,nan,nan,nan
mlp_recursive,1,25,15,0.059598159044981,0.1492331624031067,0.06981611251831055,0.925128698348999,nan,nan,nan
mlp_recursive,1,26,15,0.07734932750463486,0.20888802409172058,0.070320725440979,0.835759162902832,nan,nan,nan
mlp_recursive,1,27,15,0.057207200676202774,0.22252194583415985,0.03120356798171997,0.23152446746826172,nan,nan,nan
mlp_recursive,1,28,15,0.019146328791975975,0.0041062235832214355,0.10547850281000137,0.5576600432395935,nan,nan,nan
mlp_recursive,1,29,15,0.0037896595895290375,0.0009453296661376953,0.037269771099090576,0.2767695486545563,nan,nan,nan
mlp_recursive,1,30,15,0.022416600957512856,0.005894124507904053,0.11580496281385422,0.5971350073814392,nan,nan,nan
mlp_recursive,1,31,15,0.013815771788358688,0.025333762168884277,0.06625410914421082,0.522213339805603,nan,nan,nan
mlp_recursive,2,0,1,3.5781111364485696e-05,0.003988206386566162,9.876489639282227e-05,0.0221860408782959,nan,nan,nan
mlp_recursive,2,1,1,5.876980139873922e-06,0.00040687620639801025,0.0015872716903686523,0.01035308837890625,nan,nan,nan
mlp_recursive,2,2,1,0.0001694990205578506,0.010352253913879395,0.008209466934204102,0.012070655822753906,nan,nan,nan
mlp_recursive,2,3,1,0.000556204526219517,0.022134721279144287,0.0030100643634796143,0.016597390174865723,nan,nan,nan
mlp_recursive,2,4,1,0.00023652309027966112,0.008311569690704346,0.011854469776153564,0.041692256927490234,nan,nan,nan
mlp_recursive,2,5,1,4.3498508603079244e-05,0.0045934319496154785,0.005437374114990234,0.0013015270233154297,nan,nan,nan
mlp_recursive,2,6,1,0.00020300624601077288,0.013013303279876709,0.004742234945297241,0.0053730010986328125,nan,nan,nan
mlp_recursive,2,7,1,0.00017950765322893858,0.010643482208251953,0.008482962846755981,0.012241899967193604,nan,nan,nan
mlp_recursive,2,8,1,0.0005940717528574169,0.01749098300933838,0.006685614585876465,0.0781564712524414,nan,nan,nan
mlp_recursive,2,9,1,0.00013276452955324203,0.0037224292755126953,0.013000071048736572,0.007512331008911133,nan,nan,nan
mlp_recursive,2,10,1,0.0006795853842049837,0.022066831588745117,0.005384683609008789,0.05766451358795166,nan,nan,nan
mlp_recursive,2,11,1,0.0005831075250171125,0.019831538200378418,0.007513374090194702,0.054776281118392944,nan,nan,nan
mlp_recursive,2,12,1,0.0005809958674944937,0.01842150092124939,0.0008701682090759277,0.07464599609375,nan,nan,nan
mlp_recursive,2,13,1,0.000635084172245115,0.02152407169342041,0.003435850143432617,0.056076742708683014,nan,nan,nan
mlp_recursive,2,14,1,0.0006221699295565486,0.020875751972198486,0.0034521818161010742,0.06009209156036377,nan,nan,nan
mlp_recursive,2,15,1,0.0002638306759763509,0.007883846759796143,0.012341856956481934,0.04963266849517822,nan,nan,nan
mlp_recursive,2,16,1,0.00014949223259463906,0.009063005447387695,0.002921164035797119,0.03786826133728027,nan,nan,nan
mlp_recursive,2,17,1,0.00021896387625019997,0.0070563554763793945,0.015298128128051758,0.01075899600982666,nan,nan,nan
mlp_recursive,2,18,1,0.00040523638017475605,0.014693677425384521,0.006654083728790283,0.060814619064331055,nan,nan,nan
mlp_recursive,2,19,1,0.0006167785613797605,0.022349298000335693,0.0006264746189117432,0.042251765727996826,nan,nan,nan
mlp_recursive,2,20,1,0.0006533295381814241,0.023876607418060303,0.006072700023651123,0.0010517239570617676,nan,nan,nan
mlp_recursive,2,21,1,0.00015571345284115523,0.00028443336486816406,0.014969289302825928,0.008386969566345215,nan,nan,nan
mlp_recursive,2,22,1,5.9024201618740335e-05,0.006599068641662598,0.003970980644226074,0.0027338266372680664,nan,nan,nan
mlp_recursive,2,23,1,0.000228520788368769,0.005529940128326416,0.015955865383148193,0.023786544799804688,nan,nan,nan
mlp_recursive,2,24,1,0.00014648317301180214,0.0009909272193908691,0.014341622591018677,0.011552199721336365,nan,nan,nan
mlp_recursive,2,25,1,2.7296911866869777e-05,0.002875685691833496,0.003531932830810547,0.016147375106811523,nan,nan,nan
mlp_recursive,2,26,1,0.000283410627162084,0.012668639421463013,0.0008412599563598633,0.05349421501159668,nan,nan,nan
mlp_recursive,2,27,1,0.0001351277605863288,0.007016897201538086,0.005979299545288086,0.039025068283081055,nan,nan,nan
mlp_recursive,2,28,1,0.0006264023249968886,0.021255433559417725,0.0034797489643096924,0.05697675049304962,nan,nan,nan
mlp_recursive,2,29,1,0.00012954050907865167,0.010731756687164307,0.001965820789337158,0.0005452632904052734,nan,nan,nan
mlp_recursive,2,30,1,0.0006174747250042856,0.022365033626556396,0.0009977519512176514,0.04209482669830322,nan,nan,nan
mlp_recursive,2,31,1,0.00044451121357269585,0.01852947473526001,0.007089823484420776,0.0293349027633667,nan,nan,nan
mlp_recursive,2,0,2,0.0001470712450100109,0.008089691400527954,0.0021009445190429688,0.044053077697753906,nan,nan,nan
mlp_recursive,2,1,2,7.340456795645878e-05,0.0059223473072052,0.004339933395385742,0.024303197860717773,nan,nan,nan
mlp_recursive,2,2,2,0.0008722504717297852,0.026317477226257324,0.011809498071670532,0.019379138946533203,nan,nan,nan
mlp_recursive,2,3,2,0.0009024398750625551,0.02717822790145874,0.011375784873962402,0.0025870800018310547,nan,nan,nan
mlp_recursive,2,4,2,0.0010766432387754321,0.021506309509277344,0.019601941108703613,0.09064936637878418,nan,nan,nan
mlp_recursive,2,5,2,0.000140511489007622,0.008613616228103638,0.009275853633880615,0.0005731582641601562,nan,nan,nan
mlp_recursive,2,6,2,0.0006236392073333263,0.02304905652999878,0.007208175957202911,0.008749008178710938,nan,nan,nan
mlp_recursive,2,7,2,0.0009326481376774609,0.027203798294067383,0.011927098035812378,0.023313164710998535,nan,nan,nan
mlp_recursive,2,8,2,0.0021865752059966326,0.03604167699813843,0.004205584526062012,0.14158964157104492,nan,nan,nan
mlp_recursive,2,9,2,0.0005166959599591792,0.007605254650115967,0.025656163692474365,0.009690165519714355,nan,nan,nan
mlp_recursive,2,10,2,0.002097924007102847,0.037713825702667236,0.005024224519729614,0.11769723892211914,nan,nan,nan
mlp_recursive,2,11,2,0.0014346422394737601,0.028587043285369873,0.01164141297340393,0.10914909839630127,nan,nan,nan
mlp_recursive,2,12,2,0.0011448337463662028,0.025574088096618652,0.002015352249145508,0.10661816596984863,nan,nan,nan
mlp_recursive,2,13,2,0.0020786530803889036,0.03797942399978638,0.002316594123840332,0.11446208506822586,nan,nan,nan
mlp_recursive,2,14,2,0.0021426507737487555,0.03828006982803345,0.0017780661582946777,0.11910903453826904,nan,nan,nan
mlp_recursive,2,15,2,0.0010518489871174097,0.019899606704711914,0.020587027072906494,0.093788743019104,nan,nan,nan
mlp_recursive,2,16,2,0.0005034397472627461,0.01614241674542427,0.007621467113494873,0.0690305233001709,nan,nan,nan
mlp_recursive,2,17,2,0.0006321012624539435,0.002451300621032715,0.0298728346824646,0.02083885669708252,nan,nan,nan
mlp_recursive,2,18,2,0.0019771880470216274,0.03422574698925018,0.013754487037658691,0.12261080741882324,nan,nan,nan
mlp_recursive,2,19,2,0.0014516875380650163,0.032731473445892334,0.00591006875038147,0.0816965103149414,nan,nan,nan
mlp_recursive,2,20,2,0.0007974604959599674,0.025159001350402832,0.01167343556880951,0.01375877857208252,nan,nan,nan
mlp_recursive,2,21,2,0.0007081528310663998,0.0038698315620422363,0.031818389892578125,0.002906978130340576,nan,nan,nan
mlp_recursive,2,22,2,3.401948561077006e-05,0.002846956253051758,0.003957390785217285,0.019704103469848633,nan,nan,nan
mlp_recursive,2,23,2,0.0008277340675704181,0.011207610368728638,0.030108511447906494,0.043546199798583984,nan,nan,nan
mlp_recursive,2,24,2,0.0005707155796699226,0.002023637294769287,0.02868404984474182,0.010843038558959961,nan,nan,nan
mlp_recursive,2,25,2,8.755008457228541e-05,0.004024505615234375,0.008507728576660156,0.023386478424072266,nan,nan,nan
mlp_recursive,2,26,2,0.0013789208605885506,0.02930445969104767,0.0007929801940917969,0.1079857349395752,nan,nan,nan
mlp_recursive,2,27,2,0.000504124560393393,0.006809808313846588,0.012127518653869629,0.0975186824798584,nan,nan,nan
mlp_recursive,2,28,2,0.001986193237826228,0.036693453788757324,0.002310246229171753,0.11602529883384705,nan,nan,nan
mlp_recursive,2,29,2,0.00045949124614708126,0.01954174041748047,0.007356524467468262,0.0069582462310791016,nan,nan,nan
mlp_recursive,2,30,2,0.0018620813498273492,0.03776317834854126,0.0004659593105316162,0.0885549783706665,nan,nan,nan
mlp_recursive,2,31,2,0.0011275993892922997,0.02564990520477295,0.01395350694656372,0.08530014753341675,nan,nan,nan
mlp_recursive,2,0,3,0.00013648591993842274,0.006414324045181274,0.004776120185852051,0.04514884948730469,nan,nan,nan
mlp_recursive,2,1,3,0.0004068502748850733,0.016223490238189697,0.009323656558990479,0.03938150405883789,nan,nan,nan
mlp_recursive,2,2,3,0.0011974991066381335,0.02788722515106201,0.01959669589996338,0.045989930629730225,nan,nan,nan
mlp_recursive,2,3,3,0.0013057724572718143,0.030759215354919434,0.018741488456726074,0.02518165111541748,nan,nan,nan
mlp_recursive,2,4,3,0.002489363308995962,0.03214143216609955,0.027447760105133057,0.1502223014831543,nan,nan,nan
mlp_recursive,2,5,3,0.0001898583141155541,0.00862470269203186,0.012133657932281494,0.014096736907958984,nan,nan,nan
mlp_recursive,2,6,3,0.0010046592215076089,0.028179705142974854,0.013767427764832973,0.002950906753540039,nan,nan,nan
mlp_recursive,2,7,3,0.001264282502233982,0.028606832027435303,0.01965746283531189,0.05161696672439575,nan,nan,nan
mlp_recursive,2,8,3,0.004198145586997271,0.049521028995513916,0.0031884312629699707,0.20042014122009277,nan,nan,nan
mlp_recursive,2,9,3,0.0011463694972917438,0.011109530925750732,0.038432538509368896,0.006879210472106934,nan,nan,nan
mlp_recursive,2,10,3,0.003678280860185623,0.04797708988189697,0.0013010799884796143,0.17543137073516846,nan,nan,nan
mlp_recursive,2,11,3,0.002937671495601535,0.04061424732208252,0.006946533918380737,0.17125031352043152,nan,nan,nan
mlp_recursive,2,12,3,0.0021967042703181505,0.03512156009674072,0.0056334733963012695,0.14835023880004883,nan,nan,nan
mlp_recursive,2,13,3,0.0033955650869756937,0.046680450439453125,0.002796679735183716,0.16335660219192505,nan,nan,nan
mlp_recursive,2,14,3,0.0035146649461239576,0.04561901092529297,0.0005202889442443848,0.18151557445526123,nan,nan,nan
mlp_recursive,2,15,3,0.0027130080852657557,0.03707896173000336,0.026385903358459473,0.13962578773498535,nan,nan,nan
mlp_recursive,2,16,3,0.0009905946208164096,0.023235276341438293,0.012963533401489258,0.08705949783325195,nan,nan,nan
mlp_recursive,2,17,3,0.001274578389711678,0.009440064430236816,0.04120278358459473,0.021485090255737305,nan,nan,nan
mlp_recursive,2,18,3,0.0051799253560602665,0.05729478597640991,0.024126887321472168,0.17731165885925293,nan,nan,nan
mlp_recursive,2,19,3,0.002615673467516899,0.042154908180236816,0.006521016359329224,0.13022422790527344,nan,nan,nan
mlp_recursive,2,20,3,0.0010283018928021193,0.026093125343322754,0.019156932830810547,0.027265071868896484,nan,nan,nan
mlp_recursive,2,21,3,0.001504230429418385,0.0036289095878601074,0.04649674892425537,0.019011855125427246,nan,nan,nan
mlp_recursive,2,22,3,8.6331827333197e-05,0.006672382354736328,0.00642549991607666,0.0156552791595459,nan,nan,nan
mlp_recursive,2,23,3,0.0016229640459641814,0.016675174236297607,0.0414423942565918,0.062277793884277344,nan,nan,nan
mlp_recursive,2,24,3,0.001300067058764398,0.0034574270248413086,0.04340878129005432,0.0020633935928344727,nan,nan,nan
mlp_recursive,2,25,3,0.00010855486470973119,0.002721160650253296,0.010892689228057861,0.02285909652709961,nan,nan,nan
mlp_recursive,2,26,3,0.0018792335176840425,0.03500377759337425,0.0031026601791381836,0.11873483657836914,nan,nan,nan
mlp_recursive,2,27,3,0.0020195567049086094,0.028375931084156036,0.01757901906967163,0.15764236450195312,nan,nan,nan
mlp_recursive,2,28,3,0.003740477142855525,0.048701465129852295,0.0027382075786590576,0.17397046089172363,nan,nan,nan
mlp_recursive,2,29,3,0.0008301812340505421,0.025191545486450195,0.013343602418899536,0.015924572944641113,nan,nan,nan
mlp_recursive,2,30,3,0.002658190205693245,0.042700767517089844,0.0038445591926574707,0.13129973411560059,nan,nan,nan
mlp_recursive,2,31,3,0.002489271340891719,0.038464367389678955,0.00955897569656372,0.1465970277786255,nan,nan,nan
mlp_recursive,2,0,4,0.00016293414228130132,0.00671696662902832,0.005985736846923828,0.04892754554748535,nan,nan,nan
mlp_recursive,2,1,4,0.0009005001629702747,0.024053215980529785,0.01718062162399292,0.04072856903076172,nan,nan,nan
mlp_recursive,2,2,4,0.0015618213219568133,0.02907806634902954,0.024338357150554657,0.0780290961265564,nan,nan,nan
mlp_recursive,2,3,4,0.0014750105328857899,0.03133034706115723,0.02159133553504944,0.045032382011413574,nan,nan,nan
mlp_recursive,2,4,4,0.0035413235891610384,0.03885459899902344,0.02842015027999878,0.18914508819580078,nan,nan,nan
mlp_recursive,2,5,4,0.00020559842232614756,0.009755490347743034,0.011487305164337158,0.01693582534790039,nan,nan,nan
mlp_recursive,2,6,4,0.0021556660067290068,0.04175686836242676,0.017666444182395935,0.024063587188720703,nan,nan,nan
mlp_recursive,2,7,4,0.0016413782723248005,0.029093444347381592,0.024630073457956314,0.08913242816925049,nan,nan,nan
mlp_recursive,2,8,4,0.0060053798370063305,0.05716121196746826,0.013322710990905762,0.24821138381958008,nan,nan,nan
mlp_recursive,2,9,4,0.0020147913601249456,0.013478875160217285,0.05154961347579956,0.0002040863037109375,nan,nan,nan
mlp_recursive,2,10,4,0.0042564296163618565,0.04769068956375122,0.0020144283771514893,0.21711742877960205,nan,nan,nan
mlp_recursive,2,11,4,0.003670455189421773,0.04073542356491089,0.0038651078939437866,0.22228622436523438,nan,nan,nan
mlp_recursive,2,12,4,0.004089838825166225,0.05057656764984131,0.014047861099243164,0.17510032653808594,nan,nan,nan
mlp_recursive,2,13,4,0.005533374845981598,0.058112502098083496,0.0050585269927978516,0.22004014253616333,nan,nan,nan
mlp_recursive,2,14,4,0.005268702749162912,0.052868783473968506,0.004977375268936157,0.24204814434051514,nan,nan,nan
mlp_recursive,2,15,4,0.0032489364966750145,0.038066260516643524,0.027466952800750732,0.17513704299926758,nan,nan,nan
mlp_recursive,2,16,4,0.0031823187600821257,0.04485991597175598,0.021880507469177246,0.1311969757080078,nan,nan,nan
mlp_recursive,2,17,4,0.001775443204678595,0.005495041608810425,0.04997754096984863,0.03139472007751465,nan,nan,nan
mlp_recursive,2,18,4,0.00981176644563675,0.07969468832015991,0.0402335524559021,0.21468257904052734,nan,nan,nan
mlp_recursive,2,19,4,0.004094861913472414,0.05053424835205078,0.0021182894706726074,0.1856735348701477,nan,nan,nan
mlp_recursive,2,20,4,0.0014499638928100467,0.02715003490447998,0.02877974510192871,0.044137001037597656,nan,nan,nan
mlp_recursive,2,21,4,0.002629972295835614,0.004230797290802002,0.0610274076461792,0.04251706600189209,nan,nan,nan
mlp_recursive,2,22,4,0.0001236623793374747,0.005794405937194824,0.009908497333526611,0.023008346557617188,nan,nan,nan
mlp_recursive,2,23,4,0.002185520250350237,0.018728822469711304,0.0474887490272522,0.08359050750732422,nan,nan,nan
mlp_recursive,2,24,4,0.0024464752059429884,0.0060364603996276855,0.05900603532791138,0.02786386013031006,nan,nan,nan
mlp_recursive,2,25,4,0.0003692558966577053,0.01238603051751852,0.01053088903427124,0.057947397232055664,nan,nan,nan
mlp_recursive,2,26,4,0.002541482215747237,0.04114167392253876,0.008984029293060303,0.12946796417236328,nan,nan,nan
mlp_recursive,2,27,4,0.005320439580827951,0.053787052631378174,0.02718174457550049,0.20957326889038086,nan,nan,nan
mlp_recursive,2,28,4,0.005533954594284296,0.05695176124572754,0.006463825702667236,0.2282627373933792,nan,nan,nan
mlp_recursive,2,29,4,0.0011133955558761954,0.028533101081848145,0.01670067012310028,0.026455402374267578,nan,nan,nan
mlp_recursive,2,30,4,0.004541614558547735,0.053964316844940186,0.001928865909576416,0.18943852186203003,nan,nan,nan
mlp_recursive,2,31,4,0.003906599245965481,0.04679000377655029,0.006837666034698486,0.19861295819282532,nan,nan,nan
mlp_recursive,2,0,5,0.0008365812827832997,0.021127328276634216,0.005621850490570068,0.09336662292480469,nan,nan,nan
mlp_recursive,2,1,5,0.0016722050495445728,0.03167068958282471,0.025103479623794556,0.06073570251464844,nan,nan,nan
mlp_recursive,2,2,5,0.0020809343550354242,0.02967357635498047,0.02909824624657631,0.11985528469085693,nan,nan,nan
mlp_recursive,2,3,5,0.0017930826870724559,0.032139480113983154,0.02638547122478485,0.06960165500640869,nan,nan,nan
mlp_recursive,2,4,5,0.007780690211802721,0.06521353125572205,0.0417637825012207,0.22661399841308594,nan,nan,nan
mlp_recursive,2,5,5,0.00015105181955732405,0.0011359602212905884,0.010647296905517578,0.04413342475891113,nan,nan,nan
mlp_recursive,2,6,5,0.0023680494632571936,0.040737807750701904,0.02409444749355316,0.06213974952697754,nan,nan,nan
mlp_recursive,2,7,5,0.0028368011116981506,0.0412713885307312,0.02214336022734642,0.1298661231994629,nan,nan,nan
mlp_recursive,2,8,5,0.007280663121491671,0.05977177619934082,0.024622783064842224,0.28113389015197754,nan,nan,nan
mlp_recursive,2,9,5,0.003022610442712903,0.014608800411224365,0.06386798620223999,0.0073168277740478516,nan,nan,nan
mlp_recursive,2,10,5,0.005778138060122728,0.05343425273895264,0.011553376913070679,0.26179933547973633,nan,nan,nan
mlp_recursive,2,11,5,0.004546082112938166,0.04157966375350952,0.00019100308418273926,0.2669026851654053,nan,nan,nan
mlp_recursive,2,12,5,0.003547368571162224,0.04524552822113037,0.01713961362838745,0.17156028747558594,nan,nan,nan
mlp_recursive,2,13,5,0.006545223295688629,0.059564411640167236,0.01236104965209961,0.2613201141357422,nan,nan,nan
mlp_recursive,2,14,5,0.007361637428402901,0.060556888580322266,0.017498433589935303,0.28972363471984863,nan,nan,nan
mlp_recursive,2,15,5,0.007205312605947256,0.062497884035110474,0.037793755531311035,0.22794389724731445,nan,nan,nan
mlp_recursive,2,16,5,0.0044277869164943695,0.05212372541427612,0.03680241107940674,0.11722993850708008,nan,nan,nan
mlp_recursive,2,17,5,0.0021199951879680157,0.0005384683609008789,0.05444979667663574,0.05065298080444336,nan,nan,nan
mlp_recursive,2,18,5,0.014733457006514072,0.09632694721221924,0.06194198131561279,0.22579526901245117,nan,nan,nan
mlp_recursive,2,19,5,0.005105976015329361,0.05271410942077637,0.0006072521209716797,0.23480457067489624,nan,nan,nan
mlp_recursive,2,20,5,0.002772258361801505,0.034581124782562256,0.04252240061759949,0.07702720165252686,nan,nan,nan
mlp_recursive,2,21,5,0.004395163152366877,0.011359810829162598,0.07678037881851196,0.07830393314361572,nan,nan,nan
mlp_recursive,2,22,5,0.00013568723807111382,0.0029327645897865295,0.010970115661621094,0.03446149826049805,nan,nan,nan
mlp_recursive,2,23,5,0.001665483578108251,0.012197345495223999,0.03879249095916748,0.11306166648864746,nan,nan,nan
mlp_recursive,2,24,5,0.0039646257646381855,0.008717060089111328,0.07404106855392456,0.06087136268615723,nan,nan,nan
mlp_recursive,2,25,5,0.0004979145596735179,0.015922054648399353,0.008826911449432373,0.06679058074951172,nan,nan,nan
mlp_recursive,2,26,5,0.0039610350504517555,0.05171981453895569,0.021730482578277588,0.13655948638916016,nan,nan,nan
mlp_recursive,2,27,5,0.010277737863361835,0.07834753394126892,0.04386550188064575,0.24363374710083008,nan,nan,nan
mlp_recursive,2,28,5,0.007809469010680914,0.0653388500213623,0.01781037449836731,0.2791518568992615,nan,nan,nan
mlp_recursive,2,29,5,0.0014198380522429943,0.030340969562530518,0.021310128271579742,0.05074632167816162,nan,nan,nan
mlp_recursive,2,30,5,0.005629857536405325,0.05774533748626709,0.0049276649951934814,0.22870944440364838,nan,nan,nan
mlp_recursive,2,31,5,0.005923395976424217,0.055916786193847656,0.0028096139430999756,0.25826889276504517,nan,nan,nan
mlp_recursive,2,0,6,0.0013713715597987175,0.028675317764282227,0.008632838726043701,0.10573673248291016,nan,nan,nan
mlp_recursive,2,1,6,0.002480820519849658,0.037179410457611084,0.03186693787574768,0.08444499969482422,nan,nan,nan
mlp_recursive,2,2,6,0.002751866588369012,0.030075252056121826,0.03181377053260803,0.16941478848457336,nan,nan,nan
mlp_recursive,2,3,6,0.0019852151162922382,0.03205561637878418,0.027655549347400665,0.09445762634277344,nan,nan,nan
mlp_recursive,2,4,6,0.010981467552483082,0.07653135061264038,0.056524813175201416,0.2515749931335449,nan,nan,nan
mlp_recursive,2,5,6,0.0010521215153858066,0.02426379919052124,0.013159871101379395,0.08770751953125,nan,nan,nan
mlp_recursive,2,6,6,0.0034739412367343903,0.05003070831298828,0.021765053272247314,0.10291051864624023,nan,nan,nan
mlp_recursive,2,7,6,0.0035231150686740875,0.04495275020599365,0.02028827741742134,0.16550850868225098,nan,nan,nan
mlp_recursive,2,8,6,0.008072489872574806,0.05892741680145264,0.036652907729148865,0.29965686798095703,nan,nan,nan
mlp_recursive,2,9,6,0.003873419249430299,0.015193134546279907,0.07274991273880005,0.011610031127929688,nan,nan,nan
mlp_recursive,2,10,6,0.006158290430903435,0.05083256959915161,0.017985351383686066,0.288710355758667,nan,nan,nan
mlp_recursive,2,11,6,0.0056634750217199326,0.044529855251312256,0.00703449547290802,0.3048188090324402,nan,nan,nan
mlp_recursive,2,12,6,0.004032756667584181,0.04851871728897095,0.020795047283172607,0.1756429672241211,nan,nan,nan
mlp_recursive,2,13,6,0.007865790277719498,0.06160104274749756,0.020266979932785034,0.3030203580856323,nan,nan,nan
mlp_recursive,2,14,6,0.008959037251770496,0.06336379051208496,0.031532078981399536,0.3225126266479492,nan,nan,nan
mlp_recursive,2,15,6,0.0131094790995121,0.08801412582397461,0.05463975667953491,0.26153039932250977,nan,nan,nan
mlp_recursive,2,16,6,0.005394021514803171,0.05184471607208252,0.05457794666290283,0.10367679595947266,nan,nan,nan
mlp_recursive,2,17,6,0.002169577404856682,0.00045311450958251953,0.05275523662567139,0.08515477180480957,nan,nan,nan
mlp_recursive,2,18,6,0.017823059111833572,0.09888660907745361,0.08729517459869385,0.2231130599975586,nan,nan,nan
mlp_recursive,2,19,6,0.006043430417776108,0.05291891098022461,0.006418764591217041,0.2811090350151062,nan,nan,nan
mlp_recursive,2,20,6,0.004181096330285072,0.03747779130935669,0.05659213662147522,0.10974884033203125,nan,nan,nan
mlp_recursive,2,21,6,0.006544811651110649,0.018567800521850586,0.09119915962219238,0.11441588401794434,nan,nan,nan
mlp_recursive,2,22,6,0.00022974744206294417,0.004746988415718079,0.010326683521270752,0.05968952178955078,nan,nan,nan
mlp_recursive,2,23,6,0.003494268050417304,0.0347960889339447,0.04110437631607056,0.164764404296875,nan,nan,nan
mlp_recursive,2,24,6,0.006850903388112783,0.03237360715866089,0.08863234519958496,0.09460151195526123,nan,nan,nan
mlp_recursive,2,25,6,0.0009562117047607899,0.024561017751693726,0.011599481105804443,0.07339048385620117,nan,nan,nan
mlp_recursive,2,26,6,0.006013065110892057,0.06200474500656128,0.04054957628250122,0.13285541534423828,nan,nan,nan
mlp_recursive,2,27,6,0.014954199083149433,0.0921626091003418,0.06770247220993042,0.2578902244567871,nan,nan,nan
mlp_recursive,2,28,6,0.010327666997909546,0.07279837131500244,0.03121235966682434,0.3211285471916199,nan,nan,nan
mlp_recursive,2,29,6,0.0017965101869776845,0.03173220157623291,0.024729307740926743,0.08525824546813965,nan,nan,nan
mlp_recursive,2,30,6,0.006867357064038515,0.061317265033721924,0.010954827070236206,0.2669905424118042,nan,nan,nan
mlp_recursive,2,31,6,0.008438780903816223,0.06530749797821045,0.014632552862167358,0.3113188147544861,nan,nan,nan
mlp_recursive,2,0,7,0.002203121315687895,0.038340091705322266,0.015642642974853516,0.10598516464233398,nan,nan,nan
mlp_recursive,2,1,7,0.002782529918476939,0.031089305877685547,0.04635690152645111,0.08214282989501953,nan,nan,nan
mlp_recursive,2,2,7,0.00349286082200706,0.03208804130554199,0.029583420604467392,0.21792346239089966,nan,nan,nan
mlp_recursive,2,3,7,0.002312394790351391,0.03165477514266968,0.02946752868592739,0.12883758544921875,nan,nan,nan
mlp_recursive,2,4,7,0.01324436068534851,0.0773082971572876,0.07893845438957214,0.25465822219848633,nan,nan,nan
mlp_recursive,2,5,7,0.0018470255890861154,0.033865511417388916,0.021922767162322998,0.08297252655029297,nan,nan,nan
mlp_recursive,2,6,7,0.004685093183070421,0.057532429695129395,0.017855435609817505,0.14876699447631836,nan,nan,nan
mlp_recursive,2,7,7,0.004657072946429253,0.05157363414764404,0.01538877934217453,0.20543956756591797,nan,nan,nan
mlp_recursive,2,8,7,0.007369349244982004,0.049652159214019775,0.044050246477127075,0.2996021509170532,nan,nan,nan
mlp_recursive,2,9,7,0.003409994998946786,0.0015833675861358643,0.07063525915145874,0.002228975296020508,nan,nan,nan
mlp_recursive,2,10,7,0.0072621614672243595,0.05272895097732544,0.02974720112979412,0.3113682270050049,nan,nan,nan
mlp_recursive,2,11,7,0.0072598024271428585,0.049632489681243896,0.019839327782392502,0.3396373987197876,nan,nan,nan
mlp_recursive,2,12,7,0.0031406318303197622,0.04292088747024536,0.015658259391784668,0.15952444076538086,nan,nan,nan
mlp_recursive,2,13,7,0.009223361499607563,0.06282579898834229,0.03020794689655304,0.33862435817718506,nan,nan,nan
mlp_recursive,2,14,7,0.008400018326938152,0.05356156826019287,0.04169261455535889,0.3305938243865967,nan,nan,nan
mlp_recursive,2,15,7,0.017273318022489548,0.09607154130935669,0.07861912250518799,0.27887725830078125,nan,nan,nan
mlp_recursive,2,16,7,0.005755832884460688,0.04097127914428711,0.0726037323474884,0.09096145629882812,nan,nan,nan
mlp_recursive,2,17,7,0.0022308530751615763,0.005273416638374329,0.04828667640686035,0.12806034088134766,nan,nan,nan
mlp_recursive,2,18,7,0.019172511994838715,0.09304887056350708,0.11040860414505005,0.18790912628173828,nan,nan,nan
mlp_recursive,2,19,7,0.007168208714574575,0.05311894416809082,0.015370607376098633,0.3242465555667877,nan,nan,nan
mlp_recursive,2,20,7,0.006417883560061455,0.042131900787353516,0.07290810346603394,0.1498274803161621,nan,nan,nan
mlp_recursive,2,21,7,0.008717890828847885,0.026843607425689697,0.10212486982345581,0.1470777988433838,nan,nan,nan
mlp_recursive,2,22,7,0.0003565954975783825,0.01142612099647522,0.00763779878616333,0.06829166412353516,nan,nan,nan
mlp_recursive,2,23,7,0.005903454963117838,0.04909655451774597,0.04812556505203247,0.21198320388793945,nan,nan,nan
mlp_recursive,2,24,7,0.009646482765674591,0.03910636901855469,0.10276269912719727,0.14226090908050537,nan,nan,nan
mlp_recursive,2,25,7,0.002657373668625951,0.042598068714141846,0.021632075309753418,0.09556007385253906,nan,nan,nan
mlp_recursive,2,26,7,0.006959300953894854,0.05888545513153076,0.06220701336860657,0.11571407318115234,nan,nan,nan
mlp_recursive,2,27,7,0.01713814027607441,0.09198516607284546,0.08930736780166626,0.2527956962585449,nan,nan,nan
mlp_recursive,2,28,7,0.013162416405975819,0.07990747690200806,0.04659953713417053,0.3539331257343292,nan,nan,nan
mlp_recursive,2,29,7,0.0030408247839659452,0.04407203197479248,0.022201955318450928,0.12335944175720215,nan,nan,nan
mlp_recursive,2,30,7,0.009784677065908909,0.07215780019760132,0.023734956979751587,0.3143324851989746,nan,nan,nan
mlp_recursive,2,31,7,0.01033105794340372,0.07120698690414429,0.02250465750694275,0.3444410264492035,nan,nan,nan
mlp_recursive,2,0,8,0.0038312815595418215,0.0501173734664917,0.03048497438430786,0.10760641098022461,nan,nan,nan
mlp_recursive,2,1,8,0.003099627560004592,0.027654528617858887,0.05624857544898987,0.05101919174194336,nan,nan,nan
mlp_recursive,2,2,8,0.004374792333692312,0.03565704822540283,0.023815592750906944,0.26413053274154663,nan,nan,nan
mlp_recursive,2,3,8,0.0029139320831745863,0.03629416227340698,0.027899106964468956,0.1584697961807251,nan,nan,nan
mlp_recursive,2,4,8,0.013816202990710735,0.06682300567626953,0.10020099580287933,0.23458528518676758,nan,nan,nan
mlp_recursive,2,5,8,0.003474897937849164,0.045827388763427734,0.03501683473587036,0.09343957901000977,nan,nan,nan
mlp_recursive,2,6,8,0.005949991289526224,0.06370079517364502,0.015494585037231445,0.18834960460662842,nan,nan,nan
mlp_recursive,2,7,8,0.006165053695440292,0.05931955575942993,0.006721988320350647,0.24674201011657715,nan,nan,nan
mlp_recursive,2,8,8,0.006319914013147354,0.0379372239112854,0.046491049230098724,0.29644274711608887,nan,nan,nan
mlp_recursive,2,9,8,0.0032814948353916407,0.01169256865978241,0.067268967628479,0.033181190490722656,nan,nan,nan
mlp_recursive,2,10,8,0.008121142163872719,0.052752554416656494,0.04179444536566734,0.3227537274360657,nan,nan,nan
mlp_recursive,2,11,8,0.008718426339328289,0.052576422691345215,0.03408599644899368,0.3627717196941376,nan,nan,nan
mlp_recursive,2,12,8,0.00334173790179193,0.047205209732055664,0.010777771472930908,0.14756107330322266,nan,nan,nan
mlp_recursive,2,13,8,0.00922153890132904,0.056050777435302734,0.04111988842487335,0.352441668510437,nan,nan,nan
mlp_recursive,2,14,8,0.008209005929529667,0.047389984130859375,0.05104440078139305,0.32662129402160645,nan,nan,nan
mlp_recursive,2,15,8,0.022332562133669853,0.10422033071517944,0.10594922304153442,0.26985597610473633,nan,nan,nan
mlp_recursive,2,16,8,0.005762571003288031,0.028386473655700684,0.08366403728723526,0.05060386657714844,nan,nan,nan
mlp_recursive,2,17,8,0.0037487747613340616,0.03177806735038757,0.04783201217651367,0.1701831817626953,nan,nan,nan
mlp_recursive,2,18,8,0.016846919432282448,0.07198596000671387,0.12447801232337952,0.12254142761230469,nan,nan,nan
mlp_recursive,2,19,8,0.009815119206905365,0.06172114610671997,0.0308992862701416,0.36597397923469543,nan,nan,nan
mlp_recursive,2,20,8,0.009752915240824223,0.04924511909484863,0.09089285135269165,0.1970430612564087,nan,nan,nan
mlp_recursive,2,21,8,0.011012340895831585,0.04829111695289612,0.10341650247573853,0.17532968521118164,nan,nan,nan
mlp_recursive,2,22,8,0.0031748951878398657,0.047232985496520996,0.009622335433959961,0.1327800750732422,nan,nan,nan
mlp_recursive,2,23,8,0.01078956201672554,0.07389044761657715,0.06270027160644531,0.23739910125732422,nan,nan,nan
mlp_recursive,2,24,8,0.013394348323345184,0.04987841844558716,0.11643797159194946,0.19398164749145508,nan,nan,nan
mlp_recursive,2,25,8,0.004098294768482447,0.050020813941955566,0.03788238763809204,0.09876012802124023,nan,nan,nan
mlp_recursive,2,26,8,0.00698868790641427,0.04363495111465454,0.08182227611541748,0.0927877426147461,nan,nan,nan
mlp_recursive,2,27,8,0.017400050535798073,0.08007395267486572,0.11267392337322235,0.2120051383972168,nan,nan,nan
mlp_recursive,2,28,8,0.016245050355792046,0.0867990255355835,0.06306588649749756,0.37551671266555786,nan,nan,nan
mlp_recursive,2,29,8,0.0036081501748412848,0.04464071989059448,0.02428208291530609,0.16504192352294922,nan,nan,nan
mlp_recursive,2,30,8,0.011327631771564484,0.07488030195236206,0.03448715806007385,0.3420448303222656,nan,nan,nan
mlp_recursive,2,31,8,0.011614549905061722,0.07225573062896729,0.033003926277160645,0.3715534806251526,nan,nan,nan
mlp_recursive,2,0,9,0.004544105380773544,0.047311365604400635,0.049480438232421875,0.10465478897094727,nan,nan,nan
mlp_recursive,2,1,9,0.003298109397292137,0.02236074209213257,0.0633578896522522,0.012774944305419922,nan,nan,nan
mlp_recursive,2,2,9,0.005210068542510271,0.03574025630950928,0.017393074929714203,0.3114337623119354,nan,nan,nan
mlp_recursive,2,3,9,0.0035221364814788103,0.037467777729034424,0.02689278870820999,0.19989895820617676,nan,nan,nan
mlp_recursive,2,4,9,0.00903300754725933,0.03354597091674805,0.10180103778839111,0.13899517059326172,nan,nan,nan
mlp_recursive,2,5,9,0.003748434828594327,0.039668262004852295,0.050551533699035645,0.08528804779052734,nan,nan,nan
mlp_recursive,2,6,9,0.008511773310601711,0.0746147632598877,0.006824314594268799,0.2515460252761841,nan,nan,nan
mlp_recursive,2,7,9,0.006887955125421286,0.058241188526153564,0.003935396671295166,0.29102063179016113,nan,nan,nan
mlp_recursive,2,8,9,0.00558181619271636,0.027354180812835693,0.046492427587509155,0.29749226570129395,nan,nan,nan
mlp_recursive,2,9,9,0.0039699627086520195,0.029005803167819977,0.06433719396591187,0.07640433311462402,nan,nan,nan
mlp_recursive,2,10,9,0.0072541628032922745,0.04064434766769409,0.04576648771762848,0.3286116123199463,nan,nan,nan
mlp_recursive,2,11,9,0.00867962371557951,0.043514907360076904,0.0418945774435997,0.38144975900650024,nan,nan,nan
mlp_recursive,2,12,9,0.0049833874218165874,0.06315845251083374,0.0038450956344604492,0.12489700317382812,nan,nan,nan
mlp_recursive,2,13,9,0.009382030926644802,0.051558732986450195,0.05124332755804062,0.3545234203338623,nan,nan,nan
mlp_recursive,2,14,9,0.007574174553155899,0.03974175453186035,0.0574515163898468,0.31073975563049316,nan,nan,nan
mlp_recursive,2,15,9,0.0236095879226923,0.09481936693191528,0.1318623423576355,0.22219514846801758,nan,nan,nan
mlp_recursive,2,16,9,0.005941587965935469,0.02246701717376709,0.0888054370880127,0.0016360282897949219,nan,nan,nan
mlp_recursive,2,17,9,0.005543102975934744,0.044862568378448486,0.051760852336883545,0.20087718963623047,nan,nan,nan
mlp_recursive,2,18,9,0.013161987997591496,0.04621940851211548,0.12537144124507904,0.04500150680541992,nan,nan,nan
mlp_recursive,2,19,9,0.012580208480358124,0.06848835945129395,0.04825405776500702,0.39627009630203247,nan,nan,nan
mlp_recursive,2,20,9,0.014400054700672626,0.05945318937301636,0.10927557945251465,0.25183606147766113,nan,nan,nan
mlp_recursive,2,21,9,0.01275957003235817,0.0777936577796936,0.08467656373977661,0.17957592010498047,nan,nan,nan
mlp_recursive,2,22,9,0.004198934882879257,0.05248481035232544,0.027808189392089844,0.13096141815185547,nan,nan,nan
mlp_recursive,2,23,9,0.014893355779349804,0.08377188444137573,0.08501988649368286,0.2449960708618164,nan,nan,nan
mlp_recursive,2,24,9,0.01777511276304722,0.06467878818511963,0.12660837173461914,0.2446913719177246,nan,nan,nan
mlp_recursive,2,25,9,0.0044791363179683685,0.04092216491699219,0.057871147990226746,0.09676027297973633,nan,nan,nan
mlp_recursive,2,26,9,0.0072319903410971165,0.03354144096374512,0.09244322776794434,0.0650472640991211,nan,nan,nan
mlp_recursive,2,27,9,0.01209932193160057,0.044174373149871826,0.11781281232833862,0.11274385452270508,nan,nan,nan
mlp_recursive,2,28,9,0.016702694818377495,0.08324670791625977,0.07589933276176453,0.37210196256637573,nan,nan,nan
mlp_recursive,2,29,9,0.005052689928561449,0.05369091033935547,0.016684293746948242,0.2132779359817505,nan,nan,nan
mlp_recursive,2,30,9,0.012434541247785091,0.07429128885269165,0.04753786325454712,0.36020028591156006,nan,nan,nan
mlp_recursive,2,31,9,0.01528290193527937,0.08270978927612305,0.04997316002845764,0.40363115072250366,nan,nan,nan
mlp_recursive,2,0,10,0.004869823809713125,0.03581351041793823,0.06762273609638214,0.09492111206054688,nan,nan,nan
mlp_recursive,2,1,10,0.0035875255707651377,0.028223037719726562,0.06121361255645752,0.06385040283203125,nan,nan,nan
mlp_recursive,2,2,10,0.006195470225065947,0.035927772521972656,0.00915655866265297,0.3566458821296692,nan,nan,nan
mlp_recursive,2,3,10,0.004384624306112528,0.03788965940475464,0.023902475833892822,0.2550969123840332,nan,nan,nan
mlp_recursive,2,4,10,0.005190358497202396,0.0006028413772583008,0.08663123846054077,0.04189300537109375,nan,nan,nan
mlp_recursive,2,5,10,0.004058699123561382,0.02983194589614868,0.06475094705820084,0.07617616653442383,nan,nan,nan
mlp_recursive,2,6,10,0.012789773754775524,0.09083551168441772,0.0025361180305480957,0.3156704902648926,nan,nan,nan
mlp_recursive,2,7,10,0.007967217825353146,0.05728095769882202,0.0008691549301147461,0.3425920009613037,nan,nan,nan
mlp_recursive,2,8,10,0.004932576324790716,0.020993590354919434,0.044393390417099,0.28921055793762207,nan,nan,nan
mlp_recursive,2,9,10,0.006384430453181267,0.05158756673336029,0.06592804193496704,0.11428403854370117,nan,nan,nan
mlp_recursive,2,10,10,0.006604568567126989,0.029939651489257812,0.048183560371398926,0.32975077629089355,nan,nan,nan
mlp_recursive,2,11,10,0.008639467880129814,0.03545492887496948,0.04860332980751991,0.39006781578063965,nan,nan,nan
mlp_recursive,2,12,10,0.006603258196264505,0.07504475116729736,0.005865275859832764,0.10056328773498535,nan,nan,nan
mlp_recursive,2,13,10,0.010266966186463833,0.05072617530822754,0.06487511843442917,0.3506162166595459,nan,nan,nan
mlp_recursive,2,14,10,0.006231911946088076,0.026888012886047363,0.056506261229515076,0.2962949275970459,nan,nan,nan
mlp_recursive,2,15,10,0.020516088232398033,0.06734323501586914,0.1471952497959137,0.13975858688354492,nan,nan,nan
mlp_recursive,2,16,10,0.006063823122531176,0.012793183326721191,0.09081017971038818,0.08248424530029297,nan,nan,nan
mlp_recursive,2,17,10,0.008481807075440884,0.058556318283081055,0.062338292598724365,0.23516082763671875,nan,nan,nan
mlp_recursive,2,18,10,0.008493617177009583,0.018533766269683838,0.10831990838050842,0.05269670486450195,nan,nan,nan
mlp_recursive,2,19,10,0.015462401323020458,0.07420873641967773,0.06659063696861267,0.4143964648246765,nan,nan,nan
mlp_recursive,2,20,10,0.021045265719294548,0.07515448331832886,0.12780195474624634,0.31456542015075684,nan,nan,nan
mlp_recursive,2,21,10,0.010012967512011528,0.07593514025211334,0.0647076964378357,0.14696645736694336,nan,nan,nan
mlp_recursive,2,22,10,0.0046914671547710896,0.046388208866119385,0.04969996213912964,0.1307535171508789,nan,nan,nan
mlp_recursive,2,23,10,0.01628216914832592,0.07873064279556274,0.10624027252197266,0.2169666290283203,nan,nan,nan
mlp_recursive,2,24,10,0.022029293701052666,0.08270886540412903,0.12914568185806274,0.28930091857910156,nan,nan,nan
mlp_recursive,2,25,10,0.00482498062774539,0.02757793664932251,0.07391507178544998,0.08313417434692383,nan,nan,nan
mlp_recursive,2,26,10,0.007013501133769751,0.011779606342315674,0.10020887851715088,0.009586811065673828,nan,nan,nan
mlp_recursive,2,27,10,0.0075737363658845425,0.011675238609313965,0.10424774885177612,0.008124351501464844,nan,nan,nan
mlp_recursive,2,28,10,0.019443586468696594,0.08777791261672974,0.09293581545352936,0.36929792165756226,nan,nan,nan
mlp_recursive,2,29,10,0.0068956948816776276,0.06269097328186035,0.007801741361618042,0.2609126567840576,nan,nan,nan
mlp_recursive,2,30,10,0.01515417080372572,0.07963252067565918,0.06515789031982422,0.3769523501396179,nan,nan,nan
mlp_recursive,2,31,10,0.01930154114961624,0.09290730953216553,0.06796279549598694,0.4230993986129761,nan,nan,nan
mlp_recursive,2,0,11,0.005179154220968485,0.02221989631652832,0.08066749572753906,0.07188892364501953,nan,nan,nan
mlp_recursive,2,1,11,0.00433216942474246,0.03056114912033081,0.057211458683013916,0.1697216033935547,nan,nan,nan
mlp_recursive,2,2,11,0.008210995234549046,0.04650771617889404,0.007143046706914902,0.395277738571167,nan,nan,nan
mlp_recursive,2,3,11,0.006254848092794418,0.0496823787689209,0.01121346652507782,0.30501651763916016,nan,nan,nan
mlp_recursive,2,4,11,0.0030517166014760733,0.028385579586029053,0.05493021011352539,0.052847862243652344,nan,nan,nan
mlp_recursive,2,5,11,0.0043690139427781105,0.01967310905456543,0.07502792775630951,0.05157327651977539,nan,nan,nan
mlp_recursive,2,6,11,0.019356273114681244,0.11245334148406982,0.01096642017364502,0.3795604705810547,nan,nan,nan
mlp_recursive,2,7,11,0.009366743266582489,0.05836749076843262,0.009160935878753662,0.38710474967956543,nan,nan,nan
mlp_recursive,2,8,11,0.004085452761501074,0.010016262531280518,0.03793415427207947,0.2840850353240967,nan,nan,nan
mlp_recursive,2,9,11,0.010404643602669239,0.07281962037086487,0.07532000541687012,0.13625669479370117,nan,nan,nan
mlp_recursive,2,10,11,0.005994831677526236,0.02045375108718872,0.04815308749675751,0.3264188766479492,nan,nan,nan
mlp_recursive,2,11,11,0.008592805825173855,0.026821255683898926,0.05457484722137451,0.3943653106689453,nan,nan,nan
mlp_recursive,2,12,11,0.009671100415289402,0.09225571155548096,0.014929771423339844,0.0618135929107666,nan,nan,nan
mlp_recursive,2,13,11,0.009473348967730999,0.04085433483123779,0.07235671579837799,0.3308814764022827,nan,nan,nan
mlp_recursive,2,14,11,0.005009292159229517,0.015328705310821533,0.05142134428024292,0.28182291984558105,nan,nan,nan
mlp_recursive,2,15,11,0.01598983071744442,0.03598511219024658,0.1457500457763672,0.039196014404296875,nan,nan,nan
mlp_recursive,2,16,11,0.0062667629681527615,0.008309900760650635,0.08441990613937378,0.18897581100463867,nan,nan,nan
mlp_recursive,2,17,11,0.011379308998584747,0.0662272572517395,0.07953500747680664,0.24509334564208984,nan,nan,nan
mlp_recursive,2,18,11,0.005922667216509581,0.013442456722259521,0.08645102381706238,0.12931251525878906,nan,nan,nan
mlp_recursive,2,19,11,0.01845804788172245,0.07958382368087769,0.08513931930065155,0.4196683168411255,nan,nan,nan
mlp_recursive,2,20,11,0.03331994637846947,0.12254810333251953,0.13117998838424683,0.3680603504180908,nan,nan,nan
mlp_recursive,2,21,11,0.006089402828365564,0.06374499201774597,0.0416790246963501,0.10722017288208008,nan,nan,nan
mlp_recursive,2,22,11,0.0053438604809343815,0.04113715887069702,0.06626264750957489,0.11391115188598633,nan,nan,nan
mlp_recursive,2,23,11,0.012566804885864258,0.05017554759979248,0.11555229127407074,0.13494491577148438,nan,nan,nan
mlp_recursive,2,24,11,0.028002651408314705,0.12089630961418152,0.10955685377120972,0.31603384017944336,nan,nan,nan
mlp_recursive,2,25,11,0.0053167748264968395,0.02569282054901123,0.08141252398490906,0.0413665771484375,nan,nan,nan
mlp_recursive,2,26,11,0.0066507793962955475,0.003155648708343506,0.09731072187423706,0.0684056282043457,nan,nan,nan
mlp_recursive,2,27,11,0.005327494349330664,0.002197861671447754,0.08630472421646118,0.07975530624389648,nan,nan,nan
mlp_recursive,2,28,11,0.01945134438574314,0.08258253335952759,0.10439015924930573,0.34822845458984375,nan,nan,nan
mlp_recursive,2,29,11,0.009608510881662369,0.07395535707473755,0.0028303563594818115,0.31060707569122314,nan,nan,nan
mlp_recursive,2,30,11,0.015173427760601044,0.0728384256362915,0.07836931943893433,0.37211763858795166,nan,nan,nan
mlp_recursive,2,31,11,0.02359948866069317,0.10299259424209595,0.08628356456756592,0.4291588366031647,nan,nan,nan
mlp_recursive,2,0,12,0.005428133998066187,0.019500672817230225,0.08551180362701416,0.02068471908569336,nan,nan,nan
mlp_recursive,2,1,12,0.006273890379816294,0.03029492497444153,0.061752498149871826,0.26778221130371094,nan,nan,nan
mlp_recursive,2,2,12,0.010487488470971584,0.055626749992370605,0.024675428867340088,0.42390239238739014,nan,nan,nan
mlp_recursive,2,3,12,0.008603825233876705,0.060958027839660645,0.0025176703929901123,0.3485926389694214,nan,nan,nan
mlp_recursive,2,4,12,0.0021727820858359337,0.03433692455291748,0.0148581862449646,0.13964462280273438,nan,nan,nan
mlp_recursive,2,5,12,0.004436637740582228,0.011566519737243652,0.07923123240470886,0.00819540023803711,nan,nan,nan
mlp_recursive,2,6,12,0.026409581303596497,0.13372033834457397,0.015742123126983643,0.4199751615524292,nan,nan,nan
mlp_recursive,2,7,12,0.012923215515911579,0.06992393732070923,0.026834487915039062,0.435888409614563,nan,nan,nan
mlp_recursive,2,8,12,0.003520095022395253,0.01628267765045166,0.03351801633834839,0.2576247453689575,nan,nan,nan
mlp_recursive,2,9,12,0.015019568614661694,0.0883588194847107,0.09109759330749512,0.14230728149414062,nan,nan,nan
mlp_recursive,2,10,12,0.00563431903719902,0.015997588634490967,0.049403756856918335,0.3152865171432495,nan,nan,nan
mlp_recursive,2,11,12,0.008375528268516064,0.0181657075881958,0.05894307792186737,0.3900024890899658,nan,nan,nan
mlp_recursive,2,12,12,0.010881121270358562,0.09706489741802216,0.02487361431121826,0.04594898223876953,nan,nan,nan
mlp_recursive,2,13,12,0.008814721368253231,0.03435152769088745,0.0775177925825119,0.3033231496810913,nan,nan,nan
mlp_recursive,2,14,12,0.004289392847567797,0.00960540771484375,0.04659023880958557,0.2701280117034912,nan,nan,nan
mlp_recursive,2,15,12,0.010435684584081173,0.0011273026466369629,0.1222735345363617,0.0778803825378418,nan,nan,nan
mlp_recursive,2,16,12,0.007345227990299463,0.004508465528488159,0.07188606262207031,0.3198890686035156,nan,nan,nan
mlp_recursive,2,17,12,0.010645450092852116,0.05296635627746582,0.09322480857372284,0.20901775360107422,nan,nan,nan
mlp_recursive,2,18,12,0.0038441072683781385,0.013783276081085205,0.05694979429244995,0.19570541381835938,nan,nan,nan
mlp_recursive,2,19,12,0.019108837470412254,0.07703942060470581,0.0974183976650238,0.405253529548645,nan,nan,nan
mlp_recursive,2,20,12,0.04854023829102516,0.17217007279396057,0.11782610416412354,0.4155008792877197,nan,nan,nan
mlp_recursive,2,21,12,0.0036097150295972824,0.055315107107162476,0.010864615440368652,0.06527566909790039,nan,nan,nan
mlp_recursive,2,22,12,0.005855079274624586,0.03449904918670654,0.07996886968612671,0.0690617561340332,nan,nan,nan
mlp_recursive,2,23,12,0.00923762284219265,0.027306973934173584,0.11048714816570282,0.046465396881103516,nan,nan,nan
mlp_recursive,2,24,12,0.027516009286046028,0.13235396146774292,0.08437061309814453,0.30080699920654297,nan,nan,nan
mlp_recursive,2,25,12,0.005483082961291075,0.014171063899993896,0.08754622936248779,0.027535438537597656,nan,nan,nan
mlp_recursive,2,26,12,0.005867565516382456,0.002271294593811035,0.08319640159606934,0.1749882698059082,nan,nan,nan
mlp_recursive,2,27,12,0.003201594576239586,0.019129514694213867,0.04799318313598633,0.1818075180053711,nan,nan,nan
mlp_recursive,2,28,12,0.021279091015458107,0.08386361598968506,0.1191302239894867,0.3217802345752716,nan,nan,nan
mlp_recursive,2,29,12,0.012576927430927753,0.08640331029891968,0.010620296001434326,0.33954620361328125,nan,nan,nan
mlp_recursive,2,30,12,0.016301140189170837,0.07096850872039795,0.09342477470636368,0.35950231552124023,nan,nan,nan
mlp_recursive,2,31,12,0.024561762809753418,0.1019667387008667,0.10085618495941162,0.407617449760437,nan,nan,nan
mlp_recursive,2,0,13,0.0051641580648720264,0.014346897602081299,0.08404350280761719,0.055470943450927734,nan,nan,nan
mlp_recursive,2,1,13,0.009492547251284122,0.03941419720649719,0.06286776065826416,0.3702263832092285,nan,nan,nan
mlp_recursive,2,2,13,0.011613056063652039,0.05700027942657471,0.03644382953643799,0.43841373920440674,nan,nan,nan
mlp_recursive,2,3,13,0.011643774807453156,0.0733519196510315,0.016630589962005615,0.3860890865325928,nan,nan,nan
mlp_recursive,2,4,13,0.0025430384557694197,0.023976825177669525,0.026858150959014893,0.1954975128173828,nan,nan,nan
mlp_recursive,2,5,13,0.003956132102757692,0.013338208198547363,0.0731852650642395,0.052613258361816406,nan,nan,nan
mlp_recursive,2,6,13,0.036468327045440674,0.15812408924102783,0.02509552240371704,0.47854024171829224,nan,nan,nan
mlp_recursive,2,7,13,0.015067092142999172,0.07385236024856567,0.04057881236076355,0.4625716507434845,nan,nan,nan
mlp_recursive,2,8,13,0.002904847962781787,0.014632880687713623,0.0279085636138916,0.2400801181793213,nan,nan,nan
mlp_recursive,2,9,13,0.017743708565831184,0.0899209976196289,0.10978162288665771,0.1277604103088379,nan,nan,nan
mlp_recursive,2,10,13,0.005228506401181221,0.0077855587005615234,0.048579633235931396,0.3094371557235718,nan,nan,nan
mlp_recursive,2,11,13,0.008294315077364445,0.010513365268707275,0.0638478696346283,0.38123583793640137,nan,nan,nan
mlp_recursive,2,12,13,0.0172136127948761,0.12241822481155396,0.03202211856842041,0.0076024532318115234,nan,nan,nan
mlp_recursive,2,13,13,0.007360436487942934,0.02084285020828247,0.07633374631404877,0.2798081636428833,nan,nan,nan
mlp_recursive,2,14,13,0.003546080319210887,0.0010623931884765625,0.03743338584899902,0.26419639587402344,nan,nan,nan
mlp_recursive,2,15,13,0.006555316504091024,0.020861029624938965,0.08412790298461914,0.18308782577514648,nan,nan,nan
mlp_recursive,2,16,13,0.009594074450433254,0.010344848036766052,0.06354022026062012,0.4257025718688965,nan,nan,nan
mlp_recursive,2,17,13,0.006588665768504143,0.024583101272583008,0.08911889791488647,0.11605691909790039,nan,nan,nan
mlp_recursive,2,18,13,0.003217122284695506,0.018037140369415283,0.02472841739654541,0.2565908432006836,nan,nan,nan
mlp_recursive,2,19,13,0.021856868639588356,0.08183735609054565,0.11435611546039581,0.38682374358177185,nan,nan,nan
mlp_recursive,2,20,13,0.05598908290266991,0.19772931933403015,0.09471750259399414,0.4278566837310791,nan,nan,nan
mlp_recursive,2,21,13,0.0006538932211697102,0.023035943508148193,0.010061025619506836,0.0017652511596679688,nan,nan,nan
mlp_recursive,2,22,13,0.006198469549417496,0.021729767322540283,0.09110754728317261,0.01646566390991211,nan,nan,nan
mlp_recursive,2,23,13,0.005341049749404192,0.0009404420852661133,0.08735790848731995,0.058951377868652344,nan,nan,nan
mlp_recursive,2,24,13,0.023302936926484108,0.13090360164642334,0.04954421520233154,0.2722048759460449,nan,nan,nan
mlp_recursive,2,25,13,0.00486908620223403,0.007958412170410156,0.07786053419113159,0.1333785057067871,nan,nan,nan
mlp_recursive,2,26,13,0.00763655686751008,0.014677047729492188,0.07756757736206055,0.297910213470459,nan,nan,nan
mlp_recursive,2,27,13,0.00277050887234509,0.014829069375991821,0.00894463062286377,0.25829267501831055,nan,nan,nan
mlp_recursive,2,28,13,0.01936694048345089,0.07210773229598999,0.12619201838970184,0.2730368971824646,nan,nan,nan
mlp_recursive,2,29,13,0.01673143170773983,0.1022864580154419,0.019192874431610107,0.3654836416244507,nan,nan,nan
mlp_recursive,2,30,13,0.017271017655730247,0.06839162111282349,0.10803923010826111,0.3344327211380005,nan,nan,nan
mlp_recursive,2,31,13,0.028221070766448975,0.10884743928909302,0.11861905455589294,0.3872237205505371,nan,nan,nan
mlp_recursive,2,0,14,0.00584097346290946,0.005370199680328369,0.08442860841751099,0.1593608856201172,nan,nan,nan
mlp_recursive,2,1,14,0.0159225445240736,0.06365863233804703,0.06361252069473267,0.4842500686645508,nan,nan,nan
mlp_recursive,2,2,14,0.013175840489566326,0.062186241149902344,0.04893380403518677,0.44311344623565674,nan,nan,nan
mlp_recursive,2,3,14,0.015775924548506737,0.08844548463821411,0.030950844287872314,0.4188019037246704,nan,nan,nan
mlp_recursive,2,4,14,0.0049223098903894424,0.004379063844680786,0.05577516555786133,0.2736692428588867,nan,nan,nan
mlp_recursive,2,5,14,0.004542430862784386,0.013905584812164307,0.07057929039001465,0.15818309783935547,nan,nan,nan
mlp_recursive,2,6,14,0.04911219701170921,0.18433943390846252,0.03946965932846069,0.534925103187561,nan,nan,nan
mlp_recursive,2,7,14,0.019611777737736702,0.08639049530029297,0.0608707070350647,0.48880428075790405,nan,nan,nan
mlp_recursive,2,8,14,0.0023123810533434153,0.00577545166015625,0.019568562507629395,0.2330734133720398,nan,nan,nan
mlp_recursive,2,9,14,0.014419451355934143,0.06421858072280884,0.11954522132873535,0.05614662170410156,nan,nan,nan
mlp_recursive,2,10,14,0.004693344701081514,0.001380324363708496,0.04402729868888855,0.3013744354248047,nan,nan,nan
mlp_recursive,2,11,14,0.007664201781153679,0.0012975335121154785,0.06351977586746216,0.3637995719909668,nan,nan,nan
mlp_recursive,2,12,14,0.02427591197192669,0.1453578621149063,0.038204848766326904,0.002117156982421875,nan,nan,nan
mlp_recursive,2,13,14,0.006547303404659033,0.020458579063415527,0.07604306936264038,0.2401021122932434,nan,nan,nan
mlp_recursive,2,14,14,0.002643470885232091,0.00864797830581665,0.031452715396881104,0.2255094051361084,nan,nan,nan
mlp_recursive,2,15,14,0.004455035086721182,0.018446683883666992,0.0439528226852417,0.27288246154785156,nan,nan,nan
mlp_recursive,2,16,14,0.013849780894815922,0.023545444011688232,0.06420266628265381,0.5302362442016602,nan,nan,nan
mlp_recursive,2,17,14,0.0036597400903701782,0.00017309188842773438,0.07313698530197144,0.013785839080810547,nan,nan,nan
mlp_recursive,2,18,14,0.006982492748647928,0.05153602361679077,0.0011463165283203125,0.330721378326416,nan,nan,nan
mlp_recursive,2,19,14,0.02449178695678711,0.08679527044296265,0.12966220080852509,0.35646289587020874,nan,nan,nan
mlp_recursive,2,20,14,0.058819353580474854,0.21370533108711243,0.05598193407058716,0.4142277240753174,nan,nan,nan
mlp_recursive,2,21,14,0.0006586106610484421,0.011142730712890625,0.021457672119140625,0.07479190826416016,nan,nan,nan
mlp_recursive,2,22,14,0.005906205158680677,0.007202208042144775,0.08689475059509277,0.13670873641967773,nan,nan,nan
mlp_recursive,2,23,14,0.0031680117826908827,0.00956648588180542,0.0557820200920105,0.1594243049621582,nan,nan,nan
mlp_recursive,2,24,14,0.019425980746746063,0.1264137178659439,0.007316708564758301,0.21927976608276367,nan,nan,nan
mlp_recursive,2,25,14,0.00571884959936142,0.003587186336517334,0.06913727521896362,0.2565641403198242,nan,nan,nan
mlp_recursive,2,26,14,0.009020424447953701,0.005113042891025543,0.06584972143173218,0.40329933166503906,nan,nan,nan
mlp_recursive,2,27,14,0.00417085038498044,0.008757203817367554,0.023494720458984375,0.3163008689880371,nan,nan,nan
mlp_recursive,2,28,14,0.016886575147509575,0.056915104389190674,0.130140483379364,0.2173912525177002,nan,nan,nan
mlp_recursive,2,29,14,0.019910341128706932,0.11232799291610718,0.028805553913116455,0.3831186890602112,nan,nan,nan
mlp_recursive,2,30,14,0.017765626311302185,0.06492716073989868,0.12014026939868927,0.2967418432235718,nan,nan,nan
mlp_recursive,2,31,14,0.03143150731921196,0.11413401365280151,0.13496515154838562,0.3537783920764923,nan,nan,nan
mlp_recursive,2,0,15,0.006570052355527878,0.005852013826370239,0.07175439596176147,0.2852306365966797,nan,nan,nan
mlp_recursive,2,1,15,0.02567053772509098,0.09237262606620789,0.06579476594924927,0.5992289781570435,nan,nan,nan
mlp_recursive,2,2,15,0.01664845645427704,0.07393968105316162,0.06788049638271332,0.44911396503448486,nan,nan,nan
mlp_recursive,2,3,15,0.021674491465091705,0.1075792908668518,0.046174049377441406,0.44878387451171875,nan,nan,nan
mlp_recursive,2,4,15,0.0069930837489664555,0.017918646335601807,0.07646280527114868,0.26718854904174805,nan,nan,nan
mlp_recursive,2,5,15,0.006223868113011122,0.02318018674850464,0.06548982858657837,0.27000999450683594,nan,nan,nan
mlp_recursive,2,6,15,0.05993145704269409,0.20387709140777588,0.05502879619598389,0.5705112218856812,nan,nan,nan
mlp_recursive,2,7,15,0.024681448936462402,0.09917008876800537,0.08175250887870789,0.5003445744514465,nan,nan,nan
mlp_recursive,2,8,15,0.0020452900789678097,0.00015670061111450195,0.012266278266906738,0.2288917899131775,nan,nan,nan
mlp_recursive,2,9,15,0.011147902347147465,0.04046142101287842,0.11686379462480545,0.02214527130126953,nan,nan,nan
mlp_recursive,2,10,15,0.004456011112779379,0.006544709205627441,0.041337668895721436,0.2956990599632263,nan,nan,nan
mlp_recursive,2,11,15,0.00705249747261405,0.007844805717468262,0.061152100563049316,0.34570181369781494,nan,nan,nan
mlp_recursive,2,12,15,0.03167002275586128,0.1660449206829071,0.04346126317977905,0.00983169674873352,nan,nan,nan
mlp_recursive,2,13,15,0.005030278116464615,0.009124755859375,0.06913557648658752,0.2125236988067627,nan,nan,nan
mlp_recursive,2,14,15,0.0020356769673526287,0.0004715919494628906,0.021345317363739014,0.2156524658203125,nan,nan,nan
mlp_recursive,2,15,15,0.00432052044197917,0.006339132785797119,0.0057482123374938965,0.3387117385864258,nan,nan,nan
mlp_recursive,2,16,15,0.019226137548685074,0.021239906549453735,0.07228833436965942,0.639451265335083,nan,nan,nan
mlp_recursive,2,17,15,0.0017552602803334594,0.0198858380317688,0.040433645248413086,0.07402467727661133,nan,nan,nan
mlp_recursive,2,18,15,0.010786247439682484,0.07264462113380432,0.022897064685821533,0.3527648448944092,nan,nan,nan
mlp_recursive,2,19,15,0.024074435234069824,0.08377760648727417,0.13693928718566895,0.3088260889053345,nan,nan,nan
mlp_recursive,2,20,15,0.05652233585715294,0.2153794914484024,0.005011856555938721,0.3815007209777832,nan,nan,nan
mlp_recursive,2,21,15,0.0017992175417020917,0.028581082820892334,0.026588797569274902,0.10598134994506836,nan,nan,nan
mlp_recursive,2,22,15,0.008220954798161983,0.027583569288253784,0.08473336696624756,0.2586202621459961,nan,nan,nan
mlp_recursive,2,23,15,0.0025031378027051687,0.010782182216644287,0.018327713012695312,0.24056339263916016,nan,nan,nan
mlp_recursive,2,24,15,0.013268671929836273,0.10206317901611328,0.03710019588470459,0.15157318115234375,nan,nan,nan
mlp_recursive,2,25,15,0.00742793083190918,0.008570894598960876,0.06232672929763794,0.3558230400085449,nan,nan,nan
mlp_recursive,2,26,15,0.012477881275117397,0.012358605861663818,0.06406241655349731,0.5063750743865967,nan,nan,nan
mlp_recursive,2,27,15,0.00769486790522933,0.04033826291561127,0.04231148958206177,0.35526466369628906,nan,nan,nan
mlp_recursive,2,28,15,0.01641184836626053,0.05304795503616333,0.13458183407783508,0.1594916582107544,nan,nan,nan
mlp_recursive,2,29,15,0.02694840542972088,0.13084787130355835,0.04444926977157593,0.4262280762195587,nan,nan,nan
mlp_recursive,2,30,15,0.01591416262090206,0.053321659564971924,0.12417540699243546,0.2464606761932373,nan,nan,nan
mlp_recursive,2,31,15,0.03392568603157997,0.11789393424987793,0.14872956275939941,0.30754992365837097,nan,nan,nan
